craig_id,us_cars_id,score
7304056646,280769369,0.7717479
7304067677,280769369,0.7717479
7316631749,280769369,0.7717479
7316636148,280769369,0.7717479
7310246655,280769369,0.7717479
7311257669,280769369,0.7717479
7307278252,280016965,0.7707446
7313897954,281562147,0.77046883
7315757909,280712760,0.75980556
7308363127,279566315,0.6852288
7309408791,269678671,0.6852288
7316836247,260045420,0.6852288
7313433539,268919179,0.6852288
7313898873,270677216,0.6852288
7313042831,276294248,0.6852288
7314401810,278945839,0.6852288
7313076173,278803498,0.6852288
7316720124,270558891,0.6852288
7314532013,244570751,0.6852288
7304153896,270558904,0.6852288
7316728098,276668312,0.6852288
7312941424,276150052,0.6852288
7309522676,276430282,0.6852288
7309520583,280570379,0.6852288
7313138682,276923334,0.6852288
7312794713,276668312,0.6852288
7308671379,281073650,0.6852288
7313912554,279575194,0.6852288
7314021245,272818862,0.6852288
7313921353,281073650,0.6852288
7304092072,280097858,0.6852288
7312623043,276430282,0.6852288
7314807347,270558884,0.6852288
7303760567,279566315,0.6852288
7314940471,280748155,0.6852288
7312377414,276676961,0.6852288
7303698384,279575194,0.6852288
7311821561,270558887,0.6852288
7316569304,276991842,0.6852288
7302057177,265811239,0.6852288
7302057176,270558885,0.6852288
7311683271,276991842,0.6852288
7315010936,272818862,0.6852288
7309884770,278031632,0.6852288
7306372213,278582462,0.6852288
7314987269,280344168,0.6852288
7312921305,279566315,0.6852288
7312800318,281556219,0.6852288
7306002424,276668312,0.6852288
7308203463,276838130,0.6852288
7308206401,270558915,0.6852288
7308205110,271352075,0.6852288
7302016600,266914222,0.6852288
7302016624,276838130,0.6852288
7311466543,279566315,0.6852288
7303596187,266298347,0.6852288
7309932076,279566315,0.6852288
7302097315,280529999,0.6852288
7314147478,276991842,0.6852288
7309486534,265261424,0.6852288
7305244264,279566315,0.6852288
7314240360,280097858,0.6852288
7311448921,276096079,0.6852288
7315247750,280097858,0.6852288
7307886206,281575049,0.6852288
7307286893,252841948,0.6852288
7315719348,266298347,0.6852288
7310289112,252385252,0.6852288
7307621695,280097858,0.6852288
7303112543,270558899,0.6852288
7303566127,279128580,0.6852288
7307925278,276923334,0.6852288
7311250291,281092968,0.6852288
7316413062,281073650,0.6852288
7307181699,266313943,0.6852288
7310287550,279381057,0.6852288
7310799139,266298347,0.6852288
7316278833,260012066,0.6852288
7310628471,276923334,0.6852288
7302554712,278582460,0.6852288
7307705857,268863109,0.6852288
7316090577,276923334,0.6852288
7301671236,281496821,0.6852288
7308805339,274551385,0.6852288
7308805414,273089105,0.6852288
7308959717,276991842,0.6852288
7316162228,279381057,0.6852288
7307821172,281575049,0.6852288
7310778312,280097858,0.6852288
7307855171,278582460,0.6852288
7310815397,278076767,0.6852288
7315805738,271035283,0.6852288
7316162563,266298347,0.6852288
7315846407,281299030,0.6852288
7315118206,276430282,0.6852288
7303566006,274003556,0.6852288
7306782974,279566315,0.6852288
7306798647,192231881,0.6852288
7311250333,281092968,0.6852288
7311254142,281092968,0.6852288
7303287932,276952309,0.6852288
7311386255,281073650,0.6852288
7315366872,269715845,0.6852288
7315366753,260012104,0.6852288
7315366482,260012154,0.6852288
7306844788,275933615,0.685228
7317034834,277587827,0.68522763
7315137705,277587827,0.68522763
7310287563,281409578,0.6852269
7316162240,281409578,0.6852269
7316919329,279743406,0.6852263
7315432749,279743406,0.6852263
7315369214,279743406,0.6852263
7301662117,277669329,0.6852255
7314580067,280638058,0.68522537
7315490632,281268613,0.6852235
7314482535,281268613,0.6852235
7308203455,280599858,0.68522304
7314768744,280599858,0.68522304
7302016609,280599858,0.68522304
7315351302,277865216,0.68521965
7302501383,280137713,0.68521947
7305641472,280137713,0.68521947
7308259782,280137713,0.68521947
7312969503,276602909,0.6852186
7305599431,280720331,0.68521595
7305601757,280720331,0.68521595
7312015845,278854891,0.68520504
7314989163,278639596,0.68519956
7307733929,277849653,0.6851989
7302183284,271637179,0.6851947
7310506603,272983028,0.6851943
7308805114,278977847,0.68518996
7315274379,279038458,0.6851895
7308701466,279038458,0.6851895
7302551164,279038458,0.6851895
7306648926,281387654,0.68518746
7305660009,276691010,0.6851871
7314857146,281511271,0.68518656
7310221028,281123181,0.6851853
7315344242,273510492,0.6851725
7315387382,273510492,0.6851725
7312389067,278415735,0.6851713
7301633751,255436389,0.68517
7302023127,255436389,0.68517
7304184258,281129059,0.6851592
7309860506,276629504,0.6851443
7303386208,280146169,0.6851437
7303809580,280146169,0.6851437
7303718408,280146169,0.6851437
7310997704,280004330,0.6851316
7311035802,280004330,0.6851316
7303662806,281033627,0.6851309
7306687605,281033627,0.6851309
7309262855,281033627,0.6851309
7303172607,277975080,0.6851259
7314867715,277975080,0.6851259
7307189198,277975080,0.6851259
7310963982,271617512,0.6851221
7311771086,276627818,0.68510914
7313847813,275297887,0.6851011
7308291038,279369790,0.6850984
7316849714,279369790,0.6850984
7309760009,280937892,0.6850941
7310799132,279381059,0.68501943
7316162227,279381059,0.68501943
7316162551,279381059,0.68501943
7303087391,279381059,0.68501943
7316234016,278730031,0.6850145
7315825719,278730031,0.6850145
7316243832,278730031,0.6850145
7316181361,278730031,0.6850145
7315861331,278730031,0.6850145
7315878247,278730031,0.6850145
7311150274,275416502,0.6849938
7311150512,275416502,0.6849938
7311150092,275416502,0.6849938
7311150997,275416502,0.6849938
7311482132,271234145,0.68498653
7316246092,251557530,0.6849637
7307813287,280887260,0.6849437
7307315071,279184896,0.6849376
7313990385,279184896,0.6849376
7307239670,279184896,0.6849376
7310498687,281561069,0.6849174
7302573756,280462681,0.68491393
7309940230,280462681,0.68491393
7309900216,279808429,0.6848785
7310931384,272374591,0.6848738
7309160604,278074408,0.6848604
7302014812,278074408,0.6848604
7314302823,280146599,0.6848589
7314038690,278740805,0.68480253
7308391210,278740805,0.68480253
7314980732,271209871,0.6847976
7315818821,280925205,0.68475884
7315822903,280925205,0.68475884
7311150988,278772198,0.6847566
7311149843,278772198,0.6847566
7311150099,278772198,0.6847566
7311150524,278772198,0.6847566
7306194579,251557530,0.68472624
7308154296,280753811,0.684719
7303697257,280753811,0.684719
7303251240,280946505,0.6847084
7311446125,280946505,0.6847079
7311445642,280946505,0.6847079
7311796831,280749594,0.6847001
7315677022,276243530,0.6845866
7315789941,278003081,0.6845388
7316775297,278003081,0.6845388
7314817149,278003081,0.6845388
7311815127,241786454,0.6844915
7316320706,276212975,0.68443435
7306205685,280549267,0.6843783
7308222982,280549267,0.6843783
7316374188,280549267,0.6843783
7307386132,280549267,0.6843783
7316369662,280549267,0.6843783
7308226169,280549267,0.6843783
7307397766,281764801,0.6843781
7304680070,280199353,0.68437356
7304665195,280199353,0.68437356
7304698505,280199353,0.68437356
7315677334,276592909,0.68434954
7315677114,280133500,0.6842485
7304187687,280199353,0.684248
7304250678,280199353,0.684248
7304135143,280199353,0.684248
7314534403,267842479,0.68421966
7315338150,281114602,0.68410546
7315393629,281114602,0.68410546
7316867910,271599679,0.68406534
7314851021,271599679,0.68406534
7313867943,271599679,0.68406534
7309854613,280308508,0.68401617
7302722247,280966358,0.6838549
7316733323,270209709,0.68375015
7305565364,270209709,0.68375015
7314990157,278375014,0.68361044
7309790414,268101688,0.6835539
7306798182,280887216,0.68352926
7315676999,257432933,0.68346876
7313735836,278958123,0.6832998
7313356288,251557530,0.68326217
7316393471,281759721,0.6831413
7313629108,279422733,0.6830808
7312116944,279422733,0.6830808
7312552143,279422733,0.6830808
7312556535,279422733,0.6830808
7314074781,279422733,0.6830808
7312721299,239596192,0.6827684
7315253038,239596192,0.6827684
7308679880,239596192,0.6827684
7313990794,273694638,0.6826083
7309756249,275065221,0.6824611
7309739210,275065221,0.6824611
7314685901,277228597,0.6816512
7313874877,271234145,0.681568
7306169307,278408457,0.681365
7315244582,279926726,0.68068784
7309930429,279575449,0.6803072
7309923752,279575449,0.6803072
7309902995,279575449,0.6803072
7309950643,279575449,0.6803072
7310459685,273719317,0.67953485
7307850668,273719317,0.67953485
7304326228,273719317,0.67953485
7304284848,273719317,0.67953485
7314378744,251557530,0.6787868
7306735922,279676809,0.6739485
7307805047,251557530,0.67249906
7316779486,277385203,0.67245865
7314546689,279446809,0.672397
7314539538,279095287,0.67039275
7316345864,279095287,0.67039275
7312791199,279663288,0.6687529
7314640678,279211152,0.6687529
7312803376,270546938,0.6687529
7304069937,241872260,0.6687529
7312798194,259992885,0.6687529
7312749785,264691105,0.6687529
7312748396,280444490,0.6687529
7312731775,280571416,0.6687529
7304087625,277915961,0.6687529
7305715631,257204788,0.6687529
7312731710,281134612,0.6687529
7316679163,280835463,0.6687529
7316679299,280835461,0.6687529
7316679046,280160541,0.6687529
7316678886,279502130,0.6687529
7316678622,278888573,0.6687529
7316679835,279638382,0.6687529
7316678498,277649084,0.6687529
7316678354,273062026,0.6687529
7312875196,277014680,0.6687529
7308217706,262985619,0.6687529
7309756657,279691196,0.6687529
7316691190,278416169,0.6687529
7312765436,280769366,0.6687529
7314710588,264691105,0.6687529
7314710575,226589923,0.6687529
7305684166,262985619,0.6687529
7312840116,280851649,0.6687529
7316677947,266494524,0.6687529
7309740570,279524370,0.6687529
7316745706,281208222,0.6687529
7316736658,281208222,0.6687529
7316731641,278416171,0.6687529
7308241860,257204788,0.6687529
7309717565,278911665,0.6687529
7309717527,226589923,0.6687529
7309711089,275904056,0.6687529
7305619501,277939909,0.6687529
7305618548,270671471,0.6687529
7305619108,277939909,0.6687529
7305619093,277939909,0.6687529
7305619053,277939909,0.6687529
7314467590,280717166,0.6687529
7313105887,280697654,0.6687529
7313094100,278058834,0.6687529
7313063507,277936292,0.6687529
7305587894,280847375,0.6687529
7305587493,281228876,0.6687529
7305619424,277939909,0.6687529
7312781590,281648625,0.6687529
7312770951,280769366,0.6687529
7312765553,280769366,0.6687529
7308201182,280917900,0.6687529
7305618982,277939909,0.6687529
7305618479,270671471,0.6687529
7314529305,262985619,0.6687529
7304151579,281553994,0.6687529
7305618457,270671471,0.6687529
7309755587,218785365,0.6687529
7312926818,186268815,0.6687529
7312918566,281553994,0.6687529
7312902071,277667287,0.6687529
7304111722,281033456,0.6687529
7304111090,272206816,0.6687529
7304108123,279502374,0.6687529
7304091433,280769366,0.6687529
7304091277,280769366,0.6687529
7305620091,277939909,0.6687529
7305618174,270671471,0.6687529
7306064004,270479167,0.6687529
7306058855,280847375,0.6687529
7312353723,223959557,0.6687529
7312309951,274455457,0.6687529
7312309715,276372458,0.6687529
7312309301,276486896,0.6687529
7312290437,279691196,0.6687529
7312278163,274683347,0.6687529
7314811458,257204788,0.6687529
7314692212,219411553,0.6687529
7314808440,279550254,0.6687529
7314808341,277109055,0.6687529
7312277765,278450461,0.6687529
7312266178,272758372,0.6687529
7312262504,258924918,0.6687529
7309830799,280633346,0.6687529
7303817159,274747145,0.6687529
7303817124,277722065,0.6687529
7303817077,280472590,0.6687529
7314808517,280228047,0.6687529
7311856412,279550254,0.6687529
7311856263,277109053,0.6687529
7311856172,277109055,0.6687529
7314909505,277616817,0.6687529
7314888227,278551712,0.6687529
7314888092,279063484,0.6687529
7308182908,274683347,0.6687529
7316677783,263085817,0.6687529
7316677590,276554631,0.6687529
7316646825,277412138,0.6687529
7316659166,206203253,0.6687529
7308204282,281173516,0.6687529
7312042392,257046272,0.6687529
7312003322,257204788,0.6687529
7311973103,262985619,0.6687529
7314856073,275574834,0.6687529
7314842685,270028973,0.6687529
7314829090,240005847,0.6687529
7311892318,279968381,0.6687529
7302055096,281553994,0.6687529
7316666986,280568687,0.6687529
7314718117,264691105,0.6687529
7305838821,276554631,0.6687529
7312717774,280769366,0.6687529
7312717647,280171977,0.6687529
7312715230,280021643,0.6687529
7312714154,280171977,0.6687529
7303826116,273770635,0.6687529
7314710557,264691105,0.6687529
7314706551,280630348,0.6687529
7314748314,279524370,0.6687529
7314693059,278958123,0.6687529
7304051687,280769366,0.6687529
7314692818,281618409,0.6687529
7314692741,213604970,0.6687529
7314692575,280468573,0.6687529
7305618153,270671471,0.6687529
7312759920,281228876,0.6687529
7305756077,271149061,0.6687529
7312758052,250983529,0.6687529
7314693909,279808352,0.6687529
7314736454,270479167,0.6687529
7306047909,280630348,0.6687529
7314805641,281553994,0.6687529
7314767471,281033456,0.6687529
7314766974,272206816,0.6687529
7314764957,267923073,0.6687529
7306079815,281228877,0.6687529
7306079002,276012227,0.6687529
7306075421,280171977,0.6687529
7314724555,280570830,0.6687529
7306070378,281228876,0.6687529
7306067824,272758372,0.6687529
7312726318,279903537,0.6687529
7312725946,279903537,0.6687529
7312722423,243923616,0.6687529
7312722387,257871815,0.6687529
7303953024,271548661,0.6687529
7303952981,275004953,0.6687529
7314724807,280570828,0.6687529
7314724748,274435502,0.6687529
7306074009,275904056,0.6687529
7313778360,280172046,0.6687529
7313767015,274683347,0.6687529
7313764542,276558036,0.6687529
7313763501,271498680,0.6687529
7313757893,280083205,0.6687529
7313757787,264691105,0.6687529
7313741657,270479167,0.6687529
7313741327,261255823,0.6687529
7313739581,226589923,0.6687529
7304160072,274747145,0.6687529
7314022316,280712748,0.6687529
7304398283,279161175,0.6687529
7304398124,279161175,0.6687529
7313545880,280197459,0.6687529
7313507443,281582750,0.6687529
7304628118,165521206,0.6687529
7304612725,280404226,0.6687529
7304612517,276558036,0.6687529
7304603966,278911665,0.6687529
7313724488,278814564,0.6687529
7313357407,280910266,0.6687529
7305309583,276809661,0.6687529
7305293522,277581703,0.6687529
7309469193,280851649,0.6687529
7301778046,261232237,0.6687529
7301965816,281228877,0.6687529
7316884666,276328217,0.6687529
7316862831,278416174,0.6687529
7316850346,279635404,0.6687529
7313778382,278242973,0.6687529
7308324715,281708623,0.6687529
7313506797,257046272,0.6687529
7313415987,266480024,0.6687529
7313406819,269744580,0.6687529
7314069279,279505657,0.6687529
7313384263,274503740,0.6687529
7305131377,274081444,0.6687529
7305112412,277107148,0.6687529
7313375216,280261480,0.6687529
7316834085,274878711,0.6687529
7304758191,257204802,0.6687529
7313820974,281553994,0.6687529
7313818913,278727623,0.6687529
7313815082,279663288,0.6687529
7309139097,241872260,0.6687529
7316972156,278739525,0.6687529
7316972147,279785729,0.6687529
7313899231,241786454,0.6687529
7313896071,256616221,0.6687529
7304593787,276558036,0.6687529
7304639307,272441442,0.6687529
7304639204,280404226,0.6687529
7313878180,260237004,0.6687529
7313859952,279903537,0.6687529
7313858333,265759435,0.6687529
7309368535,273245637,0.6687529
7309279198,223959557,0.6687529
7309240445,257204802,0.6687529
7309218343,279572918,0.6687529
7304641570,278911665,0.6687529
7304592548,272441442,0.6687529
7304585586,241872260,0.6687529
7304581030,272441442,0.6687529
7313926270,281518388,0.6687529
7304804013,281582750,0.6687529
7313791713,276558036,0.6687529
7313791552,280404226,0.6687529
7313781242,279502374,0.6687529
7313780422,218785365,0.6687529
7304758434,275669825,0.6687529
7316890343,276959341,0.6687529
7316887807,278433667,0.6687529
7301889887,280697654,0.6687529
7301872991,278156963,0.6687529
7301786547,281528759,0.6687529
7308500950,279505657,0.6687529
7308500795,281005420,0.6687529
7309190449,281033456,0.6687529
7313858217,223959557,0.6687529
7304704650,280851649,0.6687529
7313779121,281460742,0.6687529
7305575294,218785365,0.6687529
7304213982,257204788,0.6687529
7304198678,281073110,0.6687529
7304185000,262985619,0.6687529
7305520254,276558036,0.6687529
7305515157,278814564,0.6687529
7313303323,274081444,0.6687529
7313294318,265085682,0.6687529
7313288550,280404226,0.6687529
7314223982,280404226,0.6687529
7313264036,279968381,0.6687529
7314386683,259894263,0.6687529
7314384875,281005420,0.6687529
7314323156,281357577,0.6687529
7305560260,280847375,0.6687529
7313263088,276278162,0.6687529
7313261585,276558036,0.6687529
7313253831,279903537,0.6687529
7313323544,277109053,0.6687529
7313273877,278911665,0.6687529
7305618046,270671471,0.6687529
7305617948,270671471,0.6687529
7305617935,270671471,0.6687529
7312978726,257204802,0.6687529
7311856524,280228047,0.6687529
7304160032,277722065,0.6687529
7304159753,280472590,0.6687529
7314499563,281582750,0.6687529
7305620096,277939909,0.6687529
7305577123,276569381,0.6687529
7313252783,280083205,0.6687529
7313246150,204097061,0.6687529
7313241112,205606456,0.6687529
7313230894,281228877,0.6687529
7313230849,281228877,0.6687529
7314437161,266948205,0.6687529
7314419664,275383949,0.6687529
7314419435,260064015,0.6687529
7313124829,279211152,0.6687529
7305579626,242273882,0.6687529
7313253577,280083205,0.6687529
7314274173,278573060,0.6687529
7314272408,229410038,0.6687529
7314259189,279968381,0.6687529
7314258346,279968382,0.6687529
7313323684,280228047,0.6687529
7313323643,279550254,0.6687529
7305449967,199832497,0.6687529
7313375027,280886605,0.6687529
7313374907,278197232,0.6687529
7309535253,278242346,0.6687529
7313374628,276592342,0.6687529
7313374504,273640773,0.6687529
7314252299,205683655,0.6687529
7304361580,279794803,0.6687529
7304347740,271149061,0.6687529
7314249290,280083205,0.6687529
7314237996,281228876,0.6687529
7314237918,281228876,0.6687529
7314235339,281228876,0.6687529
7313374775,279646005,0.6687529
7309535065,281092720,0.6687529
7316821453,278726694,0.6687529
7301981032,270479167,0.6687529
7316801043,260012084,0.6687529
7316794322,280084176,0.6687529
7316764700,240005847,0.6687529
7316758828,277977720,0.6687529
7316758253,280633307,0.6687529
7316757615,280511688,0.6687529
7314284398,226589923,0.6687529
7308316830,281654367,0.6687529
7313323494,277109055,0.6687529
7305527850,280404226,0.6687529
7305266672,271149061,0.6687529
7313356454,278433667,0.6687529
7313354504,276328217,0.6687529
7313354047,276959341,0.6687529
7314314922,281357577,0.6687529
7314299208,260012084,0.6687529
7314286563,226589923,0.6687529
7316757438,280633304,0.6687529
7310875492,223959557,0.6687529
7307442374,274930639,0.6687529
7307408643,276278162,0.6687529
7310855725,265759435,0.6687529
7315726364,278416169,0.6687529
7302791693,279566504,0.6687529
7302782517,261232237,0.6687529
7302771423,278716945,0.6687529
7315717890,242273882,0.6687529
7308161594,278911665,0.6687529
7315716834,276569381,0.6687529
7310820709,276570621,0.6687529
7310818698,260012062,0.6687529
7310810593,260588516,0.6687529
7307846452,277939909,0.6687529
7310266059,279524370,0.6687529
7310263757,276569479,0.6687529
7302192798,271149061,0.6687529
7316274271,279161175,0.6687529
7315717877,277107148,0.6687529
7310714688,279598962,0.6687529
7310668204,278156963,0.6687529
7316239741,280633307,0.6687529
7316239331,276278162,0.6687529
7316237073,257624671,0.6687529
7316234141,271093227,0.6687529
7302254714,273527939,0.6687529
7302254451,273770635,0.6687529
7316216166,273244658,0.6687529
7302820791,280028569,0.6687529
7307853548,277939909,0.6687529
7307853362,278063147,0.6687529
7307853339,270671471,0.6687529
7310798510,281600503,0.6687529
7310798411,277412138,0.6687529
7310788636,276554631,0.6687529
7310779006,280511688,0.6687529
7310778906,279968382,0.6687529
7302901848,278564940,0.6687529
7310283208,279041704,0.6687529
7307340729,279444428,0.6687529
7307288567,275669825,0.6687529
7310948938,281072780,0.6687529
7310945928,262985619,0.6687529
7310248111,281654367,0.6687529
7310221074,278814564,0.6687529
7310200546,278400329,0.6687529
7302130453,275669825,0.6687529
7316355229,280884847,0.6687529
7316264455,279161175,0.6687529
7316329954,280444394,0.6687529
7316328720,280444394,0.6687529
7310155216,281208222,0.6687529
7307948729,275384339,0.6687529
7307948279,274392490,0.6687529
7311149940,249066161,0.6687529
7311149270,279100300,0.6687529
7307230300,272644305,0.6687529
7311006949,260012066,0.6687529
7316336300,262985619,0.6687529
7316239942,280633304,0.6687529
7310254989,241872260,0.6687529
7310250638,280171977,0.6687529
7310930449,280835433,0.6687529
7310929990,279554039,0.6687529
7307375653,257046272,0.6687529
7307363431,280208629,0.6687529
7310892254,260237004,0.6687529
7315702154,280511688,0.6687529
7310967627,281520346,0.6687529
7303037172,275904056,0.6687529
7307272836,257204802,0.6687529
7310986087,265759435,0.6687529
7310976398,257204788,0.6687529
7310970792,257204788,0.6687529
7310970767,281582750,0.6687529
7315598752,267230049,0.6687529
7315570032,279211152,0.6687529
7315531565,278416174,0.6687529
7315520235,281416677,0.6687529
7315693401,280511323,0.6687529
7301722010,278480944,0.6687529
7316158619,272220724,0.6687529
7316158609,279901918,0.6687529
7302529919,191615993,0.6687529
7302521166,261547867,0.6687529
7316158560,240991014,0.6687529
7316158237,279502374,0.6687529
7316152397,276496667,0.6687529
7316138259,240383581,0.6687529
7310714753,280834660,0.6687529
7316129189,280511323,0.6687529
7310353703,280443427,0.6687529
7310350801,279663288,0.6687529
7310330175,280228047,0.6687529
7310330112,279550254,0.6687529
7317043717,275795004,0.6687529
7301627339,218785365,0.6687529
7315954912,279505657,0.6687529
7315954815,281005420,0.6687529
7316132333,280769366,0.6687529
7308736623,277109055,0.6687529
7316901553,278832491,0.6687529
7301715355,278480942,0.6687529
7313809517,278911665,0.6687529
7316971923,281387254,0.6687529
7316892685,259894263,0.6687529
7308699943,280596460,0.6687529
7316971682,278030265,0.6687529
7316971401,269204694,0.6687529
7301722199,279100309,0.6687529
7308935794,281546835,0.6687529
7308906843,257046272,0.6687529
7308794947,280625200,0.6687529
7308736843,280228047,0.6687529
7308736791,279550254,0.6687529
7308736657,277109053,0.6687529
7308860573,281528759,0.6687529
7316938685,278832492,0.6687529
7316925232,280851649,0.6687529
7301729329,279405509,0.6687529
7316943492,280633304,0.6687529
7307631753,281653643,0.6687529
7307631633,281653648,0.6687529
7307631497,281653643,0.6687529
7307631363,281653647,0.6687529
7316115130,275904056,0.6687529
7316109166,278911665,0.6687529
7307614042,270479167,0.6687529
7310772579,280404226,0.6687529
7310755174,276558036,0.6687529
7315925693,278832492,0.6687529
7315755715,278416171,0.6687529
7315911355,281528759,0.6687529
7315893618,278832491,0.6687529
7302658797,278479587,0.6687529
7315825679,278726694,0.6687529
7310735654,280630348,0.6687529
7310714849,280834655,0.6687529
7310714815,280834656,0.6687529
7310714784,280834658,0.6687529
7315776332,280511323,0.6687529
7307667376,281173519,0.6687529
7310658259,276866465,0.6687529
7307703731,281553994,0.6687529
7310516596,257046272,0.6687529
7310504620,278727623,0.6687529
7316128687,280633304,0.6687529
7316128600,280633307,0.6687529
7316127690,275904056,0.6687529
7302552170,260588464,0.6687529
7307642301,281207710,0.6687529
7316116328,280570829,0.6687529
7307745025,223959557,0.6687529
7310329963,277109053,0.6687529
7310329891,277109055,0.6687529
7302498057,270479167,0.6687529
7316181253,259894263,0.6687529
7307845773,278063147,0.6687529
7307845602,270671471,0.6687529
7307796820,272762744,0.6687529
7307642408,278450461,0.6687529
7316116464,275440362,0.6687529
7302098149,270671471,0.6687529
7302097669,270671471,0.6687529
7302097525,270671471,0.6687529
7302097411,270671471,0.6687529
7302096971,270671471,0.6687529
7315004051,266948205,0.6687529
7315001501,278990193,0.6687529
7306616206,276496667,0.6687529
7306605639,276278162,0.6687529
7307127871,264691105,0.6687529
7306596820,281653643,0.6687529
7306595914,281653648,0.6687529
7311539045,279407177,0.6687529
7311527279,278158637,0.6687529
7311485990,257204802,0.6687529
7306631124,226589923,0.6687529
7311482783,276496667,0.6687529
7303593817,250983529,0.6687529
7303591668,165521206,0.6687529
7306602999,276569479,0.6687529
7309925009,280886605,0.6687529
7309924860,278197232,0.6687529
7311403194,271633276,0.6687529
7311399253,265759435,0.6687529
7306719961,277069050,0.6687529
7306719930,277613653,0.6687529
7315270456,280084176,0.6687529
7306795469,271149061,0.6687529
7302102716,277939909,0.6687529
7302098932,270671471,0.6687529
7306686999,281671931,0.6687529
7306686879,281093410,0.6687529
7306682743,278727623,0.6687529
7311461549,279905078,0.6687529
7311432038,277751019,0.6687529
7315242161,281172318,0.6687529
7315237103,278911665,0.6687529
7303559794,275904056,0.6687529
7311431192,281331260,0.6687529
7311461595,277616817,0.6687529
7311835511,277466487,0.6687529
7311835440,274064716,0.6687529
7311835068,271137662,0.6687529
7311818634,265759435,0.6687529
7314989351,257046272,0.6687529
7303675377,265759435,0.6687529
7314958114,260012066,0.6687529
7311801067,281207710,0.6687529
7306358646,280851649,0.6687529
7303571670,276569479,0.6687529
7316641501,241872260,0.6687529
7316636067,275904056,0.6687529
7316628203,270479167,0.6687529
7308161601,281228876,0.6687529
7308720618,280630348,0.6687529
7308143477,280847375,0.6687529
7309841091,281007806,0.6687529
7309840948,280633346,0.6687529
7309830946,281007806,0.6687529
7311800226,279968381,0.6687529
7315047194,281271825,0.6687529
7309924687,279646005,0.6687529
7309924489,276592342,0.6687529
7309924305,273640773,0.6687529
7309924108,268601117,0.6687529
7302074788,257624671,0.6687529
7316476028,273246346,0.6687529
7316475637,279868141,0.6687529
7316649513,281600503,0.6687529
7311835576,257204801,0.6687529
7306579201,281228877,0.6687529
7306566243,281228876,0.6687529
7315024205,281468632,0.6687529
7315009371,260012084,0.6687529
7315005501,280851649,0.6687529
7314860346,271633276,0.6687529
7311843303,278831658,0.6687529
7311842273,281527846,0.6687529
7311838769,277537444,0.6687529
7311835847,278911665,0.6687529
7316648171,241872260,0.6687529
7316430129,280633307,0.6687529
7316429782,280633304,0.6687529
7316429313,280511323,0.6687529
7316429144,280633307,0.6687529
7316399794,278564940,0.6687529
7316383059,275841307,0.6687529
7302103082,277939909,0.6687529
7302102729,277939909,0.6687529
7311245116,280468573,0.6687529
7309925200,280261480,0.6687529
7315329748,278621460,0.6687529
7315329735,279635034,0.6687529
7303268102,273684171,0.6687529
7303249027,278541947,0.6687529
7315325391,257204802,0.6687529
7311261529,219045100,0.6687529
7311261431,280208467,0.6687529
7311261386,243093046,0.6687529
7307103207,226589923,0.6687529
7311244959,278958123,0.6687529
7307113234,281653647,0.6687529
7307113115,281653648,0.6687529
7307112786,281653647,0.6687529
7307112485,280769366,0.6687529
7307150521,275941569,0.6687529
7307141307,280444394,0.6687529
7307141068,280444394,0.6687529
7307132332,278479587,0.6687529
7307131730,265085682,0.6687529
7316430324,280511323,0.6687529
7311175816,274133110,0.6687529
7311175745,277084411,0.6687529
7303110357,281553994,0.6687529
7303085245,277330190,0.6687529
7311175733,274133110,0.6687529
7311245258,281618409,0.6687529
7307927850,279636415,0.6687529
7310075140,281528759,0.6687529
7310045313,278495721,0.6687529
7302103092,277939909,0.6687529
7311175830,277084411,0.6687529
7315335781,223959557,0.6687529
7302102295,277939909,0.6687529
7302102276,277939909,0.6687529
7302101786,277939909,0.6687529
7302101295,277939909,0.6687529
7302100739,278063147,0.6687529
7302100586,278063147,0.6687529
7302100488,278063147,0.6687529
7302100346,278063147,0.6687529
7307101571,258924918,0.6687529
7302099994,278063147,0.6687529
7302099923,278063147,0.6687529
7302099897,278063147,0.6687529
7302099628,270671471,0.6687529
7316466710,271490247,0.6687529
7302099298,270671471,0.6687529
7311344660,281553994,0.6687529
7316433452,279663288,0.6687529
7308033528,278158637,0.6687529
7302100249,278063147,0.6687529
7307090496,264691105,0.6687529
7307082435,226589923,0.6687529
7307082390,264691105,0.6687529
7303223637,273933114,0.6687529
7315338685,276997229,0.6687529
7311245358,279808352,0.6687529
7311340104,277330190,0.6687529
7311329168,281648620,0.6687529
7311329060,275608357,0.6687529
7311261631,254335905,0.6687529
7311306600,269035014,0.6687529
7311306552,276139687,0.6687529
7311293312,280847375,0.6687529
7311289449,277977720,0.6687529
7303305233,271149061,0.6687529
7303303715,261232237,0.6687529
7315286099,281654367,0.6687529
7311272092,206203253,0.6687529
7311269234,254977730,0.6687529
7311261664,263101927,0.6687529
7311328729,278990193,0.6687529
7304030322,280767375,0.66875017
7311245207,280767375,0.66875017
7314693101,280767375,0.66875017
7307441588,278279133,0.66874874
7303952945,276883945,0.6687477
7314575066,277628758,0.668746
7309474531,277628758,0.668746
7316830788,277628758,0.668746
7315568093,277628758,0.668746
7309187187,277628758,0.668746
7315280079,277628758,0.668746
7309275955,238600051,0.66874564
7316742992,281800612,0.66874385
7310565320,244616539,0.66874206
7305773298,274631416,0.66874033
7305802181,274631416,0.66874033
7305792648,274631416,0.66874033
7305782841,274631416,0.66874033
7305762677,274631416,0.66874033
7310620000,280865946,0.6687396
7308906647,280865946,0.6687396
7316755043,279544957,0.6687393
7302146477,279544957,0.6687393
7303952982,271212577,0.6687383
7303487525,236930044,0.66873765
7314528190,263692599,0.66873574
7309001117,280238675,0.66873276
7311541771,274842135,0.6687307
7316103168,278614658,0.6687299
7305699756,278614658,0.6687299
7314747026,280325135,0.6687228
7310831857,281520190,0.6687199
7307403278,281520190,0.6687199
7316971402,279139614,0.66871816
7302709983,281714109,0.66871303
7315395660,280045572,0.66870695
7313911641,280045572,0.66870695
7316164193,276073846,0.66869587
7311724191,281765075,0.66869503
7311749891,281765075,0.66869503
7311748555,281765075,0.66869503
7311745286,281765075,0.66869503
7310810994,279237527,0.6686943
7316187119,273449942,0.66868305
7309950593,273449942,0.66868305
7312715416,227390124,0.6686828
7313336409,277217092,0.6686548
7302920900,278552003,0.6686441
7302114714,277969459,0.66863346
7311097467,281789138,0.66862404
7303131908,279233489,0.6686222
7306170834,279233489,0.6686222
7305117834,279597564,0.6686124
7313439880,266453379,0.6685996
7315520685,280889029,0.6685612
7315748808,280120169,0.6685575
7307418986,280120169,0.6685575
7313964155,280120169,0.6685575
7309473781,280120169,0.6685575
7303322256,280120169,0.6685575
7305776727,280120169,0.6685575
7311580807,280120169,0.6685575
7311488970,279557888,0.6685572
7316697300,277468092,0.66854674
7315721764,277468092,0.66854674
7315052869,230130889,0.668536
7304377763,265202558,0.6685358
7301823649,279912576,0.66853356
7316741566,277063147,0.66852975
7310798269,281421389,0.6685177
7311539365,272090512,0.6684919
7310253673,277862160,0.6684803
7316122688,277862160,0.6684803
7314383706,244649109,0.6684714
7316658872,277253710,0.668471
7316965039,280893119,0.6684586
7301961771,280300832,0.668457
7302509437,280300832,0.668457
7309256616,281339815,0.6684383
7316257070,281303971,0.6684356
7312858823,281303971,0.6684356
7303678688,279607671,0.66843534
7309351169,190089736,0.6684325
7315324149,190089736,0.6684325
7301628194,270276910,0.66841656
7301628192,270276910,0.66841656
7309323464,279440191,0.66841567
7315242195,278416560,0.6683967
7315503415,274674666,0.66839594
7309830207,281384182,0.6683914
7311861105,278646949,0.66838485
7314501417,277936307,0.66838145
7314497576,277936307,0.66838145
7314501316,277936307,0.66838145
7314503715,277936307,0.66838145
7314506006,277936307,0.66838145
7314498764,277936307,0.66838145
7314499973,277936307,0.66838145
7314501127,277936307,0.66838145
7314501520,277936307,0.66838145
7314503435,277936307,0.66838145
7314500586,277936307,0.66838145
7314296197,278632254,0.6683724
7315282480,278632254,0.6683724
7303778993,277874063,0.6683525
7305818146,277874063,0.6683525
7313221540,258707264,0.66834843
7313302822,258707264,0.66834843
7309687058,258707264,0.66834843
7304570417,258707264,0.66834843
7316224335,246554435,0.6683424
7316658875,215848226,0.66832894
7305576684,270526109,0.6683281
7309187707,270526109,0.6683281
7313070250,281335829,0.6683237
7315329511,280121675,0.6683131
7302818495,274953139,0.66830987
7311571622,274953139,0.66830987
7311347088,256871200,0.66830826
7306864084,272998973,0.6682912
7307791617,279986646,0.6682826
7307791158,279986646,0.6682826
7314818763,279986646,0.6682826
7314828038,279986646,0.6682826
7306305670,278709430,0.66826075
7307704083,278959264,0.66825676
7316277792,274838100,0.66824645
7304578210,249823931,0.6682452
7306571574,249823931,0.6682452
7305537053,249823931,0.6682452
7310838770,279331985,0.66824037
7314958607,279331985,0.66824037
7306647461,279331985,0.66824037
7313899208,279331985,0.66824037
7314808928,279331985,0.66824037
7313377380,279331985,0.66824037
7303131135,279331985,0.66824037
7311386310,279331985,0.66824037
7304217509,279331985,0.66824037
7307730894,279331985,0.66824037
7310002139,279331985,0.66824037
7316850552,280075928,0.6682377
7314038487,250691213,0.66823596
7311283279,275598132,0.6682327
7302871021,279525075,0.6682251
7313831528,278818072,0.668225
7316460669,227850759,0.66822463
7305111536,276636491,0.66821885
7307282633,278618719,0.6682155
7302709793,278474521,0.6682073
7315475154,278474521,0.6682073
7303552797,280221226,0.66816366
7309727963,279332534,0.6681626
7309727287,279332534,0.6681626
7309157157,279332534,0.6681626
7309798579,279119463,0.66813487
7314505706,278116752,0.6681266
7311039903,278116752,0.6681266
7315123952,274896085,0.66809833
7304980655,274896085,0.66809833
7315123945,274896085,0.66809833
7305424832,281017882,0.6680876
7305419450,281017882,0.6680876
7305430026,281017882,0.6680876
7310587704,279866460,0.6680826
7311054345,278367250,0.6680788
7304309572,280421796,0.6680717
7312006499,280421796,0.6680717
7316444938,280421796,0.6680717
7307424247,280421796,0.6680717
7315718096,271234145,0.66807026
7315013349,280262194,0.66807014
7315342785,278001814,0.6680672
7308222981,281472399,0.6680641
7309117864,281472399,0.6680641
7312694582,281472399,0.6680641
7303840042,278277750,0.66805357
7304666841,275199685,0.66803485
7306147217,275199685,0.66803485
7307180651,275199685,0.66803485
7308237288,275199685,0.66803485
7311182887,280750665,0.6680283
7305340920,277696156,0.6680253
7307112689,276221507,0.6680217
7312726107,276221507,0.6680217
7308674914,276221507,0.6680217
7307632195,276221507,0.6680217
7312846401,263354118,0.66799355
7315718056,277940902,0.66798156
7302818265,273968434,0.6679767
7313436399,281128096,0.6679518
7308462748,264617691,0.6679491
7309798581,281092159,0.66794735
7316037372,278558397,0.66793466
7315920929,278558397,0.66793466
7315923143,278558397,0.66793466
7314712553,281518596,0.66793334
7314712561,281518596,0.66793334
7316560528,281518596,0.66793334
7316560218,281518596,0.66793334
7314712544,281518596,0.66793334
7316560240,281518596,0.66793334
7302661920,281552327,0.6679183
7313924388,281552327,0.6679183
7310010583,281552327,0.6679183
7307349240,281552327,0.6679183
7306284417,281552327,0.6679183
7314990011,281552327,0.6679183
7311416286,281552327,0.6679183
7303740964,281552327,0.6679183
7306621924,276636491,0.6679082
7313955104,277855810,0.6678966
7309757434,277395554,0.66789544
7312811331,276887653,0.66789544
7308180317,269221526,0.66787714
7315211557,281092968,0.6678432
7316168221,281092968,0.6678432
7314741157,281092968,0.6678432
7314776100,281092968,0.6678432
7315208689,281092968,0.6678432
7312763397,278768178,0.66783655
7315411893,279940713,0.66781956
7312278039,270591270,0.667815
7308182781,270591270,0.667815
7303675809,281608045,0.6678103
7311930929,281608045,0.6678103
7313372226,281608045,0.6678103
7312933318,281608045,0.6678103
7312937728,281608045,0.6678103
7308014947,263577697,0.66780883
7308000830,263577697,0.66780883
7315474147,280573488,0.6678047
7303679124,280573488,0.6678047
7316765096,248669827,0.6677984
7309963223,248669827,0.6677984
7314466896,273930363,0.66779697
7315594675,276884531,0.667793
7314402817,281765075,0.66778517
7316335982,281765075,0.66778517
7312402752,281765075,0.66778517
7308203936,279522565,0.66778195
7303084982,281133130,0.6677783
7311816543,281133130,0.6677783
7312753117,281008719,0.6677684
7310325456,246554435,0.6677664
7314579414,281649763,0.66776586
7312875656,278003539,0.66774786
7314948885,281214284,0.6677473
7314951381,281214284,0.6677473
7307667366,261582132,0.6677437
7310505935,261582132,0.6677437
7306114542,261582132,0.6677437
7304116756,261582132,0.6677437
7309765399,261582132,0.6677437
7311431788,261582132,0.6677437
7313886394,261582132,0.6677437
7306338805,277851662,0.667736
7306112203,279011959,0.66772693
7307423970,280595564,0.667707
7311502733,280595564,0.667707
7303698355,280595564,0.667707
7302314702,278558395,0.6677021
7316664379,280175219,0.6676995
7303650280,281558740,0.6676937
7310921442,281558740,0.6676937
7307784917,281558740,0.6676937
7313036309,279446809,0.6676796
7303140886,280742147,0.66767704
7312794708,280742147,0.66767704
7309878715,280742147,0.66767704
7309824192,280742147,0.66767704
7311348483,280742147,0.66767704
7309878930,280742147,0.66767704
7312794894,280742147,0.66767704
7311426673,280742147,0.66767704
7309773694,280742147,0.66767704
7304156260,280742147,0.66767704
7309327240,280742147,0.66767704
7304208092,280742147,0.66767704
7306755090,280742147,0.66767704
7304199607,280742147,0.66767704
7307194874,280742147,0.66767704
7307237316,280742147,0.66767704
7302160015,280742147,0.66767704
7313825606,280742147,0.66767704
7311391836,280742147,0.66767704
7306636466,280742147,0.66767704
7307194684,280742147,0.66767704
7304733612,280742147,0.66767704
7308474666,264215364,0.6676733
7314644539,281509262,0.66766274
7309842569,280157599,0.6676501
7306705276,280157599,0.6676501
7312883825,280157599,0.6676501
7310932114,280157599,0.6676501
7302586371,280157599,0.6676501
7309824149,280157599,0.6676501
7302578686,280157599,0.6676501
7313308421,280157599,0.6676501
7306184827,280157599,0.6676501
7309221119,280157599,0.6676501
7306194434,280157599,0.6676501
7313516132,277157192,0.6676496
7307939398,277220774,0.66764003
7316718985,281207223,0.6676296
7312396868,281774582,0.6676291
7313778350,280769221,0.66762674
7307407102,274674666,0.6676223
7307286093,281434146,0.6676105
7307236888,281434146,0.6676105
7306763573,281434146,0.6676105
7313871192,281434146,0.6676105
7310880145,281434146,0.6676105
7307254809,281434146,0.6676105
7310376559,281434146,0.6676105
7311908723,281434146,0.6676105
7310902008,281434146,0.6676105
7303731660,281434146,0.6676105
7303736150,281434146,0.6676105
7303718751,281434146,0.6676105
7303709884,281434146,0.6676105
7307272112,281434146,0.6676105
7313918165,281434146,0.6676105
7310880042,281434146,0.6676105
7309798972,274695430,0.667597
7310460067,250923439,0.66759646
7316355288,266671944,0.66759646
7314501921,279692466,0.66759276
7316810036,279692466,0.66759276
7314042592,281606557,0.6675897
7314042537,281606557,0.6675897
7314042423,281606557,0.6675897
7314042486,281606557,0.6675897
7314977896,279433032,0.66758484
7316285837,258741456,0.6675793
7312290435,270794522,0.6675763
7309756659,270794522,0.6675763
7311505473,281546038,0.66756094
7302011827,250558755,0.6675503
7309187706,250558755,0.6675503
7302630293,277732747,0.66754663
7314038923,277696156,0.6675447
7309799574,276081294,0.6675257
7306719934,279033044,0.66751325
7309534893,275487979,0.6674997
7309535005,255299128,0.6674997
7314636118,268464875,0.6674971
7316822678,272906030,0.6674923
7316958642,278464473,0.6674896
7313494982,278464473,0.6674896
7302290557,278367250,0.6674878
7303322394,281381442,0.6674862
7307226289,268151512,0.66748565
7316227709,268151512,0.66748565
7313910435,281621217,0.66748047
7311399568,276997229,0.6674775
7311500967,276997229,0.6674775
7302565519,276997229,0.6674775
7310987149,276997229,0.6674775
7311823320,276997229,0.6674775
7311930870,276997229,0.6674775
7313845823,276997229,0.6674775
7308467866,257204785,0.6674762
7307243034,257204785,0.6674762
7312923559,257204785,0.6674762
7315287708,257204785,0.6674762
7311432811,257204785,0.6674762
7308200612,275333555,0.6674625
7316691610,275333555,0.6674625
7309799250,279461942,0.6674451
7302871027,279299527,0.6674332
7302197371,277433973,0.6674244
7302197291,277433973,0.6674244
7313038577,277204065,0.6674243
7310402846,279845451,0.66740185
7314533497,275173071,0.6674012
7312969527,280946198,0.6674007
7305969675,275623542,0.6674007
7309180621,262250329,0.6674007
7303451283,275623542,0.6674007
7303068095,262250329,0.6674007
7314133502,275623542,0.6674007
7307000072,275623542,0.6674007
7313107938,275623542,0.6674007
7303694258,264857403,0.66740006
7304377766,278495089,0.6673738
7311207473,278832945,0.6673662
7310285429,279649747,0.6673472
7302553147,279649747,0.6673472
7316670732,277298636,0.6673413
7311300225,277298636,0.6673413
7307137330,277298636,0.6673413
7303066027,277298636,0.6673413
7307318095,281395041,0.667338
7310595235,281395041,0.667338
7304426909,281395041,0.667338
7313582938,281395041,0.667338
7302041664,281395041,0.667338
7316428887,279820204,0.6673361
7304636365,279820204,0.6673361
7308192507,275698307,0.66733265
7316958348,275698307,0.66733265
7304103578,275698307,0.66733265
7307956935,278781657,0.66732615
7305868060,281562121,0.66732174
7310308853,281519861,0.6673123
7312725784,277469841,0.6673072
7311681008,277644337,0.66730523
7306484370,277644337,0.66730523
7305576442,274637243,0.66730225
7313844413,280661158,0.66730213
7311819631,280661158,0.66730213
7302565379,280661158,0.66730213
7308317556,280661158,0.66730213
7312936428,280661158,0.66730213
7313846164,280661158,0.66730213
7309902359,280661158,0.66730213
7314083698,279405509,0.6672975
7307424359,279405509,0.6672975
7315717554,277870723,0.6672918
7308937582,276629947,0.66728485
7304631685,281690592,0.6672621
7303594745,281690592,0.6672621
7305580661,281690592,0.6672621
7314521422,270043712,0.66726
7306373542,270043712,0.66726
7303338746,277650253,0.6672571
7311571063,277650253,0.6672571
7305952358,281318459,0.6672474
7311462946,280656171,0.6672474
7311854968,279957245,0.6672473
7309902481,279957245,0.6672473
7313858021,279957245,0.6672473
7311399093,279957245,0.6672473
7311930756,279957245,0.6672473
7312937906,279957245,0.6672473
7311822971,279957245,0.6672473
7309138208,276863472,0.6672449
7316161977,274971515,0.66724163
7309761499,274971515,0.66724163
7307664599,274971515,0.66724163
7307739034,275597261,0.6672367
7311990526,276602909,0.6672347
7316034571,279392813,0.6672329
7316537495,279392813,0.6672329
7315139193,279392813,0.6672329
7313859686,278547199,0.6672122
7313842689,278547199,0.6672122
7312934707,278547199,0.6672122
7303145980,278547199,0.6672122
7310986432,278547199,0.6672122
7310911884,278547199,0.6672122
7310913625,278547199,0.6672122
7315441447,278010540,0.66721183
7304289845,278010540,0.66721183
7311952865,278010540,0.66721183
7310585404,278010540,0.66721183
7307150306,251248750,0.667189
7314774143,251248750,0.667189
7303780519,279934082,0.6671882
7312352680,274187853,0.6671858
7311845262,198078366,0.66715974
7304239650,198078366,0.66715974
7313450219,280769221,0.6671556
7312741363,276881119,0.66713125
7306138956,275462271,0.66712904
7304700147,280403374,0.6671273
7313260623,271557310,0.66712457
7313260595,275330119,0.66712457
7309274998,278009186,0.6671238
7311431308,279731494,0.66712075
7315474352,277852926,0.6671196
7302893779,277675745,0.66711825
7312803171,279348760,0.66710895
7313375449,280510645,0.6670892
7309925400,280510645,0.6670892
7315474984,278764422,0.66707647
7309761009,276139687,0.66706866
7309189896,230640445,0.66705483
7302115155,278496994,0.66705173
7316119906,259744060,0.6670486
7316015449,280755884,0.6670306
7314789539,277953480,0.66702116
7305529427,281228875,0.66700464
7305857001,250691213,0.6669904
7303664020,278479586,0.66697997
7310283110,278479586,0.66697997
7316972172,279034439,0.66697955
7312715173,272636530,0.66697955
7309758537,255371283,0.6669792
7304786977,275347364,0.66697365
7304670019,275347364,0.66697365
7307745781,275347364,0.66697365
7311418087,270351071,0.66697204
7302710041,279167179,0.6669701
7315475492,279167179,0.6669701
7305111083,279062518,0.66696286
7306106655,279062518,0.66696286
7313876619,274426293,0.6669581
7313870314,274426293,0.6669581
7307122137,277470241,0.66695327
7311288923,277470241,0.66695327
7314258096,277470241,0.66695327
7305678148,280569058,0.666953
7315580747,279612460,0.6669392
7309534934,278274720,0.6669386
7307960425,280386761,0.6669378
7307960199,280386761,0.6669378
7312802990,270546951,0.66693753
7305428256,273582118,0.6669363
7305423112,273582118,0.6669363
7305417609,273582118,0.6669363
7304350684,277916599,0.6669355
7307280556,277916599,0.6669355
7307283139,277916599,0.6669355
7313952874,277916599,0.6669355
7310772308,277916599,0.6669355
7304698601,277060347,0.66693336
7309322965,280053192,0.66693026
7316652360,259707180,0.6669092
7311266706,259707180,0.6669092
7314734685,281092159,0.6669051
7316509736,276969695,0.6668992
7302709926,279167180,0.6668991
7306727455,280624979,0.66689724
7313874133,280624979,0.66689724
7313875626,280624979,0.66689724
7313918334,280624979,0.66689724
7303150362,280624979,0.66689724
7313424813,280624979,0.66689724
7313398525,280624979,0.66689724
7310346622,280624979,0.66689724
7310337574,280624979,0.66689724
7306727551,280624979,0.66689724
7303150439,280624979,0.66689724
7314643714,276384679,0.66689694
7313057986,280710996,0.66689694
7314746014,279930936,0.6668946
7310615496,280202740,0.66689044
7310628363,280202740,0.66689044
7313611000,269551061,0.66688865
7311128209,269551061,0.66688865
7309348620,280746911,0.66688484
7311807999,270534002,0.66688365
7311699688,249787504,0.66684586
7313434669,278838240,0.66682845
7316671994,279004711,0.6668171
7311303969,281300788,0.6668134
7308183895,276445188,0.6668067
7305096835,276445188,0.6668067
7316655532,254977730,0.6668062
7311789740,270479170,0.66680574
7311785722,270479170,0.66680574
7312714103,270479170,0.66680574
7303843638,280698306,0.66680515
7309603281,277969600,0.6668051
7317051533,277969600,0.6668051
7306490457,277969600,0.6668051
7313118779,277969600,0.6668051
7313046176,268047168,0.6668029
7313012187,268047168,0.6668029
7313020666,268047168,0.6668029
7313029333,268047168,0.6668029
7313038122,268047168,0.6668029
7312869418,268781792,0.6667986
7312858839,268781792,0.6667986
7303255512,280490817,0.6667895
7303245412,280490817,0.6667895
7314629884,279678495,0.6667891
7315044396,266965337,0.66678673
7307880135,278622567,0.66678673
7308280314,280769221,0.6667763
7311556332,280769221,0.6667763
7316578304,281234874,0.6667301
7315774765,274187852,0.6667267
7310748124,280171976,0.6667129
7310748202,280171976,0.6667129
7310778085,280171976,0.6667129
7314761085,280171976,0.6667129
7316688646,280171976,0.6667129
7312729308,280171976,0.6667129
7305648155,278939526,0.6667122
7305648485,278939526,0.6667122
7305648434,278939526,0.6667122
7305648194,278939526,0.6667122
7313562077,281653746,0.66670614
7306106460,280469712,0.66670614
7310930268,280160510,0.66670614
7314829194,281708623,0.66670614
7313808663,281263606,0.6667054
7307252378,281263606,0.6667054
7312938452,274395941,0.66670537
7310776982,279820204,0.6667033
7316214380,267073324,0.66669613
7307458442,267073324,0.66669613
7311895431,267073324,0.66669613
7302521003,278655550,0.66669613
7309251050,267073324,0.66669613
7306363401,267073324,0.66669613
7310748271,279699465,0.6666948
7310294302,279699465,0.6666948
7314729930,279699465,0.6666948
7312699677,279699465,0.6666948
7310294149,279699465,0.6666948
7316660946,279699465,0.6666948
7315192103,277400227,0.66669315
7316058029,279184896,0.6666926
7316287262,279617678,0.6666812
7314877599,278788294,0.66665673
7307231113,278788294,0.66665673
7311928389,265434759,0.6666476
7311928361,265434759,0.6666476
7309904372,279668614,0.66664267
7313372323,279668614,0.66664267
7311930775,279668614,0.66664267
7311819562,279668614,0.66664267
7315405795,278945879,0.66663784
7311405742,278142792,0.6666235
7311445583,278142792,0.6666235
7311416432,278142792,0.6666235
7311425667,278142792,0.6666235
7311435278,278142792,0.6666235
7314454065,279361834,0.6666077
7308170954,280247521,0.66660756
7309410388,271344542,0.66660005
7307748030,278891194,0.6665958
7307121424,278891194,0.6665958
7311802171,278891194,0.6665958
7314766978,278374910,0.6665953
7304630680,278374910,0.6665953
7314482469,278415839,0.6665953
7310200561,273638889,0.6665948
7303439981,275457761,0.6665947
7313657546,275457761,0.6665947
7306978207,275457761,0.6665947
7306479021,277813401,0.6665947
7311159728,275457761,0.6665947
7314334911,276502920,0.6665906
7305159818,276632206,0.6665905
7302547579,275669825,0.66658795
7308206319,275669825,0.66658795
7302021139,280357997,0.6665773
7310347260,276042188,0.6665725
7312875612,278873683,0.6665653
7313518804,280217681,0.6665562
7316921958,280217681,0.6665562
7311354896,280217681,0.6665562
7315908831,280217681,0.6665562
7314502668,280217681,0.6665562
7313284083,279379271,0.66655606
7312862384,280321236,0.66655594
7314633131,279959813,0.6665468
7313763268,273446566,0.66654
7313432321,281179420,0.66653764
7313857391,266722659,0.6665376
7310098269,277630457,0.6665372
7313450743,277630457,0.6665372
7307345242,277630457,0.6665372
7316401287,277630457,0.6665372
7306331427,279064062,0.6665343
7302066933,279064062,0.6665343
7303062960,281024074,0.66652614
7308821967,281024074,0.66652614
7310155528,279194870,0.6665252
7307200950,279194870,0.6665252
7317007240,279194870,0.6665252
7304774386,278055571,0.66652346
7307688916,278055571,0.66652346
7302014706,278692119,0.66651803
7313918885,280768308,0.66651714
7313912984,280768308,0.66651714
7308239299,279473357,0.6665126
7303130236,278726694,0.6665052
7307704089,275270813,0.6664942
7315295729,269147082,0.6664921
7312741447,280100138,0.6664811
7302014270,280596458,0.6664722
7301868364,276816731,0.66647166
7306999894,278165683,0.66647166
7314650643,279732199,0.66647166
7306967421,278165683,0.66647166
7311149151,278035907,0.66647166
7306216370,275206622,0.666471
7308966311,275206622,0.666471
7303040434,278495973,0.666471
7301684600,280207865,0.666471
7305095806,279863411,0.66647005
7309787010,280080570,0.6664682
7303906891,280080570,0.6664682
7306651626,280080570,0.6664682
7312783558,280080570,0.6664682
7316708999,280080570,0.6664682
7311070456,274140120,0.66646576
7301778860,275030407,0.66646576
7302068336,278481856,0.66645914
7314262271,279707615,0.666459
7314256505,279707615,0.666459
7307744023,274725642,0.6664576
7311574979,281435287,0.66644484
7304327580,281435287,0.66644484
7315040425,281435287,0.66644484
7309489817,279494326,0.66644156
7304766151,281523234,0.6664354
7307915520,281523234,0.6664354
7311572990,281523234,0.6664354
7306337410,277874065,0.666427
7310457116,277874065,0.666427
7312000458,277874065,0.666427
7315015049,277874065,0.666427
7308320666,277874065,0.666427
7315007108,277874065,0.666427
7303249275,277874065,0.666427
7303243109,277874065,0.666427
7304296113,277874065,0.666427
7314326369,277874065,0.666427
7313386832,277874065,0.666427
7308697640,244502954,0.6664236
7312754704,244502954,0.6664236
7304626516,244502954,0.6664236
7316337915,277829122,0.6664125
7308935154,274354274,0.6664051
7310540937,277628761,0.6664047
7309215743,280768759,0.6664047
7309215088,280768759,0.6664047
7310822879,280768759,0.6664047
7307675506,280768759,0.6664047
7310280749,277628761,0.6664047
7310312514,280768759,0.6664047
7308210753,280768759,0.6664047
7304634554,280768759,0.6664047
7309968049,280768759,0.6664047
7302835684,277268299,0.666401
7314931650,280956417,0.66639954
7309166906,280597391,0.6663949
7303843374,280936430,0.6663378
7311818853,280937892,0.66633666
7308298007,277316704,0.66633373
7309168545,279332885,0.66633373
7303698134,277316704,0.66633373
7306907471,277316704,0.66633373
7314577271,271801874,0.66633344
7316898553,279330174,0.666333
7315119897,276640867,0.666333
7317030968,276640867,0.666333
7317029182,274242788,0.666333
7305946521,274242788,0.666333
7303980757,276640867,0.666333
7305978036,274242788,0.666333
7306977985,276640867,0.666333
7301853779,274242788,0.666333
7312173748,276640867,0.666333
7305973130,274242788,0.666333
7314989873,279330174,0.666333
7304064664,275904058,0.6663323
7305542638,280171971,0.6663323
7312706756,280171971,0.6663323
7310231451,280171971,0.6663323
7310250722,275904058,0.6663323
7311270815,275904058,0.6663323
7305541127,275904058,0.6663323
7310763949,280171971,0.6663323
7312176245,280742643,0.6663323
7301881820,280742643,0.6663323
7305702810,275149364,0.6663245
7305834959,278315915,0.6663205
7315519837,275273519,0.6663199
7315329744,280277926,0.66631895
7314110151,280016965,0.66631895
7311128082,280016965,0.66631895
7306079694,280769362,0.66631633
7306076749,280769362,0.66631633
7306571615,280769362,0.66631633
7312711054,280769362,0.66631633
7312726163,280769362,0.66631633
7316174565,273691338,0.6663137
7309535040,275934301,0.66630787
7303064245,281261227,0.66630065
7309687097,279073073,0.6662938
7304571036,279073073,0.6662938
7311766553,278708280,0.66628927
7311764610,278708280,0.66628927
7311763732,278708280,0.66628927
7311763797,278708280,0.66628927
7311763763,278708280,0.66628927
7311287808,278223196,0.6662837
7316428660,278223196,0.6662837
7307122296,278223196,0.6662837
7311311995,280386161,0.66628116
7310804087,280386161,0.66628116
7311362998,280386161,0.66628116
7312817648,280386161,0.66628116
7312764559,280386161,0.66628116
7313361230,274688047,0.6662587
7316889484,274688047,0.6662587
7314219585,279073073,0.666258
7311328659,279073073,0.666258
7309799251,279533595,0.6662572
7312931989,281315238,0.666257
7310859702,281315238,0.666257
7311818654,281315238,0.666257
7311500870,281315238,0.666257
7309900829,281315238,0.666257
7313842852,281315238,0.666257
7310857064,281315238,0.666257
7311402697,281315238,0.666257
7313560986,275163919,0.66624683
7309380750,275163919,0.66624683
7315524630,275163919,0.66624683
7302363749,275163919,0.666235
7302549075,280342428,0.6662275
7312291478,280342428,0.6662275
7306856843,278003205,0.66621923
7315717194,277812706,0.6662072
7303679182,281138937,0.6661871
7315474271,281138937,0.6661871
7314463439,278920375,0.66618615
7316993176,281461049,0.6661769
7314268438,195251051,0.66617644
7311783058,275904058,0.6661756
7311781802,275904058,0.6661756
7311140500,279324673,0.6661756
7311792554,275904058,0.6661756
7311783011,275904058,0.6661756
7315585912,279324673,0.6661756
7315131535,279324673,0.6661756
7311813975,275904058,0.6661756
7312937929,277431779,0.66617525
7313371937,277431779,0.66617525
7313844230,277431779,0.66617525
7309903896,277431779,0.66617525
7312933138,277431779,0.66617525
7312931683,277431779,0.66617525
7311538988,281168032,0.6661706
7312823742,237698478,0.6661696
7311101759,276588555,0.6661689
7313900702,274396023,0.6661663
7314869877,278462095,0.66616416
7313495895,280769221,0.66616374
7313527189,280769221,0.66616374
7316435814,280769221,0.66616374
7316811594,280769221,0.66616374
7315257548,270092772,0.6661582
7311800790,280108390,0.6661575
7315777028,279405547,0.6661538
7316837705,279405547,0.6661538
7315716737,279405547,0.6661538
7306226576,279405547,0.6661538
7315772140,279405547,0.6661538
7311946676,279405547,0.6661538
7306700968,278888404,0.6661452
7307477224,275163919,0.6661402
7316475117,247700865,0.66613823
7310343135,277695980,0.6661263
7312396849,279230036,0.6661191
7311283327,275065221,0.6661076
7305668996,274392490,0.6660971
7303734519,274392490,0.6660971
7314336892,280311718,0.66609514
7304287969,273015494,0.6660784
7304288064,273015494,0.6660784
7316534203,275061585,0.6660681
7314823416,272080663,0.6660649
7308309315,272080663,0.6660649
7314258515,274840941,0.66606116
7310267185,274840941,0.66606116
7312737164,274840941,0.66606116
7304259822,280656171,0.66605383
7313941315,245370789,0.6660342
7304379058,278305351,0.66602075
7302709561,281710680,0.6660061
7315474677,281710680,0.6660061
7313911397,272666910,0.66600454
7303599854,273039167,0.6660031
7308183779,281385982,0.6659991
7308273868,273321220,0.6659986
7316737252,251467566,0.66599756
7307112510,267027996,0.6659972
7309273945,261904714,0.6659972
7315243589,267027996,0.6659972
7311501752,265662169,0.6659972
7316652371,267027996,0.6659972
7306121340,267027996,0.6659972
7315226964,267027996,0.6659972
7315350813,273895136,0.6659972
7310238641,267027996,0.6659972
7311264268,267027996,0.6659972
7313267385,267027996,0.6659972
7313835703,267027996,0.6659972
7303675279,275086708,0.66599685
7309904160,275086708,0.66599685
7312934933,275086708,0.66599685
7312898761,274288866,0.66599673
7303704243,276866470,0.66599673
7315475528,281143462,0.6659961
7302710135,281143462,0.6659961
7311266565,229792958,0.6659902
7316649632,229792958,0.6659902
7304080018,280769371,0.6659797
7310753249,280769371,0.6659797
7314733756,280769371,0.6659797
7316639121,280769371,0.6659797
7303556895,280769371,0.6659797
7304078399,280769371,0.6659797
7313436714,279732828,0.66596276
7304728075,257204785,0.6659598
7313008688,253646032,0.6659524
7307207155,279780185,0.665934
7304173041,279780185,0.665934
7310582661,279038753,0.66592664
7310582688,279038753,0.66592664
7315535672,279038753,0.66592664
7305371026,279038753,0.66592664
7315535913,279038753,0.66592664
7305370984,279038753,0.66592664
7304447710,274089296,0.66590893
7306460518,275156892,0.66589946
7309022282,275156892,0.66589946
7309814455,267405775,0.66589946
7315378679,267405775,0.66589946
7310142560,275156892,0.66589946
7313112008,275156892,0.66589946
7315090862,278405678,0.66588837
7312290438,280495000,0.6658855
7306234832,281204913,0.6658653
7313118690,281302238,0.6658617
7316696392,278204804,0.66585654
7314385240,278112882,0.66584945
7313915537,276779324,0.6658426
7313325383,281387178,0.6658361
7302291123,279294475,0.6658256
7311571368,279294475,0.6658256
7313924254,274336495,0.66582
7309760071,280316883,0.6658161
7308158688,280875681,0.6658145
7307880212,278117790,0.6658022
7316930510,275061678,0.6657934
7309454110,275061678,0.6657934
7316281877,280768154,0.6657934
7316927459,276063348,0.6657934
7308459988,275061678,0.6657934
7309799240,277488308,0.6657934
7313858124,280661150,0.6657932
7313841274,280661150,0.6657932
7313845851,280661150,0.6657932
7310344133,279866431,0.6657923
7312875790,278003539,0.6657923
7310258722,272441442,0.6657923
7316216922,262559125,0.6657923
7303140183,281205143,0.6657857
7304089275,264345331,0.66578484
7313358134,280936430,0.6657819
7310400649,275640607,0.66576326
7313804547,275640607,0.66576326
7307251060,275640607,0.66576326
7303131009,273245981,0.6657603
7303129519,273245981,0.6657603
7303131280,273245981,0.6657603
7313111541,280300901,0.6657505
7311837690,280300901,0.6657505
7313230412,280300901,0.6657505
7312925587,273439217,0.66574895
7309763394,279798561,0.66574806
7306950441,240450488,0.6657421
7311422892,278462582,0.66573375
7311422728,266232321,0.66571015
7311822977,266232321,0.66571015
7313767784,279679258,0.66570467
7307238682,279679258,0.66570467
7305627450,271557563,0.6656999
7314747547,281093758,0.66569895
7308611048,279588037,0.66568774
7311814026,273472956,0.66568387
7315703249,281520750,0.66568035
7306088884,281520750,0.66568035
7308685909,281520750,0.66568035
7315438009,281093542,0.66568005
7308258072,280932729,0.6656796
7301679386,280932729,0.6656796
7316339197,280932729,0.6656796
7312339036,280932729,0.6656796
7315006039,280932729,0.6656796
7310536078,280932729,0.6656796
7309535037,281787842,0.66567886
7312876161,274633141,0.66567737
7310911108,271557563,0.6656763
7306736219,280653448,0.66567457
7304611318,275759594,0.6656744
7304610688,275759594,0.6656744
7313757999,281035342,0.6656688
7313694060,280208408,0.66565806
7311114720,279498102,0.6656548
7311114752,279498102,0.6656548
7314880383,279498102,0.6656548
7312937709,281374211,0.66565347
7310913293,281374211,0.66565347
7311399065,281374211,0.66565347
7313396188,277711521,0.6656446
7314319796,277711521,0.6656446
7316406547,277711521,0.6656446
7317051606,276189029,0.6656395
7309034982,276189029,0.6656395
7311128141,276189029,0.6656395
7312619811,276189029,0.6656395
7307077377,281387654,0.66563535
7313741208,274124627,0.66563475
7314505735,281417124,0.6656329
7311040211,281417124,0.6656329
7315329407,278284392,0.66561186
7313433535,278637125,0.6656074
7309581104,257239646,0.6656019
7314766990,277327391,0.6655994
7304630688,277327391,0.6655994
7314422216,276640961,0.66559476
7316122355,276066435,0.6655853
7315825493,281593298,0.66558015
7316821007,135156868,0.6655789
7316172348,277088538,0.66557723
7315318057,281528505,0.6655705
7315312661,281528505,0.6655705
7315312821,281528505,0.6655705
7315312987,281528505,0.6655705
7315315533,281528505,0.6655705
7311908916,279987056,0.6655562
7307664371,280917891,0.6655557
7311275209,281008722,0.6655557
7310285925,260381698,0.6655557
7315348942,278114489,0.6655557
7312858732,278114489,0.6655557
7306206668,278343995,0.6655557
7312396870,278819671,0.66555494
7309703393,280769365,0.66555446
7308181870,280769365,0.66555446
7304053109,280769365,0.66555446
7308163212,280769365,0.66555446
7316139611,280769365,0.66555446
7315270104,280769365,0.66555446
7316101699,280769365,0.66555446
7314770821,280769365,0.66555446
7314241463,280769365,0.66555446
7311152669,280834658,0.66555136
7312629350,280834658,0.66555136
7309567330,280834658,0.66555136
7308466368,274393073,0.66554904
7311505370,279545992,0.665534
7304630652,274116855,0.66552496
7316887648,279894045,0.66552365
7313355529,279894045,0.66552365
7316895659,278354679,0.66552365
7313356785,252262136,0.66552365
7313356593,278354679,0.66552365
7316757116,278450080,0.6655203
7314588965,281769759,0.665517
7314588957,281769759,0.665517
7314939594,281774324,0.6655156
7315014183,253960077,0.6655131
7314462812,281549483,0.6655119
7316490256,279430839,0.66551095
7311791188,276866723,0.6655049
7310769153,276866723,0.6655049
7311275224,276866723,0.6655049
7311792787,276866723,0.6655049
7303054034,276283200,0.6655049
7314408226,257870512,0.6655042
7314404174,257870512,0.6655042
7314472435,281450342,0.6655025
7311057315,278113568,0.66549915
7312291565,262990957,0.66549903
7315471726,275169606,0.66549444
7307827063,278638634,0.6654839
7302798121,281046098,0.66547793
7306560889,276299860,0.6654771
7311240722,276299860,0.6654771
7304137211,276299860,0.6654771
7307723483,277507848,0.66547346
7307703649,277507848,0.66547346
7307713916,277507848,0.66547346
7305821148,281543732,0.6654713
7313019516,265873837,0.6654546
7312056185,279534067,0.6654364
7310019253,279534067,0.6654364
7311549482,279534067,0.6654364
7315928573,277220774,0.6654241
7306186942,280776476,0.6654234
7304093968,280776476,0.6654234
7315087251,195390206,0.665413
7309274485,239323017,0.6654013
7310463512,281515901,0.6653883
7316821458,281515901,0.6653883
7303835701,281515901,0.6653883
7302759110,281515901,0.6653883
7314013363,281515901,0.6653883
7307817681,281515901,0.6653883
7306736149,281515901,0.6653883
7311514106,281515901,0.6653883
7308803490,278400340,0.66536534
7314930231,271276175,0.6653487
7310415968,258741456,0.66534865
7314764541,274522283,0.66533095
7316859834,276403290,0.6653038
7309612115,278661635,0.6653019
7312123109,278661635,0.6653019
7313124728,278661635,0.6653019
7313605141,275602990,0.6652958
7314771014,281427534,0.66529447
7302887088,280865946,0.6652914
7312759840,268784917,0.6652881
7314348292,278416606,0.665287
7316326724,277524314,0.66528475
7315241789,276294082,0.6652846
7315247168,276294082,0.6652846
7310877780,279731572,0.6652781
7313765658,279731572,0.6652781
7315246918,279731572,0.6652781
7315273480,271887498,0.66527796
7301629556,271887498,0.66527796
7311817462,271887498,0.66527796
7306624706,271887498,0.66527796
7315518059,277409068,0.66527706
7314042334,279281375,0.6652765
7314042287,279281375,0.6652765
7311101584,279463072,0.6652765
7314042382,279281375,0.6652765
7314042243,279281375,0.6652765
7309798943,242423284,0.6652765
7316218018,275301867,0.66527504
7315356703,270336636,0.665272
7315356798,280160558,0.665272
7307461516,277186657,0.66527045
7313584624,277186657,0.66527045
7312467384,278630666,0.6652704
7314946483,278630666,0.6652704
7313031530,273813672,0.665265
7313023147,273813672,0.665265
7313048334,273813672,0.665265
7313040257,273813672,0.665265
7313014667,273813672,0.665265
7311308053,273662919,0.6652625
7313272237,275893154,0.6652577
7310902072,270473131,0.66525185
7310900972,270473131,0.66525185
7309262276,270473131,0.66525185
7310902243,270473131,0.66525185
7316161081,278366516,0.66524756
7313798244,279957056,0.66524744
7314789139,271219816,0.6652457
7314489547,275072163,0.665243
7310776511,280714684,0.6652274
7302921438,281464218,0.6652155
7313130555,281274591,0.6652054
7307666691,205606456,0.66519916
7304843733,205606456,0.66519916
7308205043,205606456,0.66519916
7315266446,276433986,0.66519827
7307946557,276433986,0.66519827
7309189985,278279289,0.66519564
7311286950,279100597,0.6651739
7313262698,279100597,0.6651739
7308769080,279100597,0.6651739
7305097980,279100597,0.6651739
7316447586,279010436,0.6651668
7312858273,205361697,0.66515344
7306195767,273039225,0.6651413
7312995482,281512886,0.66513807
7307291470,247931954,0.6651312
7304371473,247931954,0.6651312
7308260778,275934301,0.6651285
7302068345,275934301,0.6651285
7306140484,275934301,0.6651285
7306141374,275934301,0.6651285
7304206126,275934301,0.6651285
7308260423,275934301,0.6651285
7303215238,279344146,0.66512245
7303214527,279344146,0.66512245
7308291198,280719659,0.6651209
7308275993,280719659,0.6651209
7308300999,280719659,0.6651209
7314845894,278605424,0.66511947
7304094091,278605424,0.66511947
7306374131,278605424,0.66511947
7314467553,281271575,0.6651139
7311822802,275158981,0.6651136
7309902406,274888844,0.6651064
7313841306,274888844,0.6651064
7310986257,274888844,0.6651064
7310855950,274888844,0.6651064
7309904329,274888844,0.6651064
7315473900,281710677,0.665104
7315589242,270979066,0.66508543
7303599717,280924752,0.6650808
7314773412,280924752,0.6650808
7316897997,280924752,0.6650808
7306629555,280924752,0.6650808
7312763356,280924752,0.6650808
7308399528,273118982,0.66506946
7304354442,273118982,0.66506946
7311373258,273118982,0.66506946
7314961806,273118982,0.66506946
7310535035,278622567,0.6650683
7314505730,278622567,0.6650683
7315764369,275731625,0.6650411
7312759347,280806392,0.66503197
7315103560,277700151,0.6650274
7307145349,280580617,0.6650271
7313029907,278305351,0.6650174
7314206640,279707615,0.66500324
7316906741,276948629,0.664996
7315402564,278767938,0.6649908
7304252102,268610363,0.6649751
7313281633,279317874,0.66497254
7316758427,279524372,0.66494566
7316216823,276557614,0.66494566
7316661031,279524372,0.66494566
7309932012,278652669,0.6649453
7312921268,278652669,0.6649453
7314421082,278652669,0.6649453
7308363073,278652669,0.6649453
7306782887,278652669,0.6649453
7305244218,278652669,0.6649453
7303760468,278652669,0.6649453
7311466490,278652669,0.6649453
7310288977,277264404,0.66494405
7310288876,277264404,0.66494405
7309187508,279175649,0.6649439
7301991880,277898710,0.6649439
7316160628,280917885,0.6649439
7303333229,275903870,0.6649439
7316352374,280653359,0.6649439
7311319486,277898710,0.6649439
7311284668,277898710,0.6649439
7316435884,276084628,0.6649439
7306055010,277898710,0.6649439
7306108630,280917885,0.6649439
7311244871,275716385,0.6649439
7311697688,275903870,0.6649439
7311245434,277898710,0.6649439
7311818753,277898710,0.6649439
7314115985,276084628,0.6649439
7308139386,276464556,0.664942
7304093592,276464556,0.664942
7304120974,276464556,0.664942
7316121258,276464556,0.664942
7308172925,276464556,0.664942
7309274969,281228497,0.664942
7315208714,276464556,0.664942
7313735454,276464556,0.664942
7313728581,276464556,0.664942
7313372007,276856492,0.6649413
7311818428,276856492,0.6649413
7313858495,276856492,0.6649413
7310913332,276856492,0.6649413
7312931807,276856492,0.6649413
7311171363,275646009,0.66494125
7307759218,275646009,0.66494125
7303469596,277470089,0.66494066
7316280408,258572423,0.66494054
7307846732,279031689,0.664931
7306615030,276822287,0.66491467
7313294508,276822287,0.66491467
7307793644,276247890,0.66490304
7306690733,276247890,0.66490304
7314496739,278661794,0.66489524
7311928329,280084174,0.6648679
7307685462,280127180,0.6648389
7314377886,244649107,0.6648355
7314879820,276667665,0.6647935
7302122579,280831746,0.66478574
7314828027,277969459,0.66478574
7314819986,277969459,0.66478574
7306754899,280831746,0.66478574
7309916107,280831746,0.66478574
7307254532,280831746,0.66478574
7312883970,280831746,0.66478574
7312828794,280831746,0.66478574
7312864851,280831746,0.66478574
7305584708,280831746,0.66478574
7310915333,280831746,0.66478574
7307791616,277969459,0.66478574
7313338862,280831746,0.66478574
7306755428,280831746,0.66478574
7307280360,280831746,0.66478574
7302068517,280831746,0.66478574
7310330149,280831746,0.66478574
7309823985,280831746,0.66478574
7310306394,280831746,0.66478574
7307790420,277969459,0.66478574
7307237210,280831746,0.66478574
7304225804,280831746,0.66478574
7311444143,280831746,0.66478574
7302095801,280831746,0.66478574
7305599011,280831746,0.66478574
7303683232,280831746,0.66478574
7309268951,280831746,0.66478574
7305623374,280831746,0.66478574
7306113848,279022451,0.66478115
7307180598,220748558,0.6647693
7313804709,280652182,0.6647661
7311798047,272356770,0.6647619
7308198678,279474148,0.6647572
7315875465,272720118,0.66475344
7309146969,271248581,0.6647524
7303332853,280569878,0.6647524
7309134492,271248581,0.6647524
7309129924,271248581,0.6647524
7312937765,273870481,0.664752
7308317390,273870481,0.664752
7314954361,269874242,0.66474915
7315020737,279246617,0.6647392
7313354975,278570603,0.6647275
7306705375,276470358,0.6647036
7306078267,276470358,0.6647036
7314275249,280020504,0.6647016
7313432197,262888827,0.66469735
7313013043,280895238,0.6646909
7316411348,280895238,0.6646909
7307393082,280895238,0.6646909
7315226211,274050958,0.6646894
7304362407,274050958,0.6646894
7311028933,277800425,0.6646786
7303897880,277800425,0.6646786
7302115121,279986646,0.664664
7302021472,280598881,0.6646425
7314724142,271248581,0.6646284
7313763684,259754569,0.66458595
7303569689,277533711,0.6645686
7309169482,276543567,0.664543
7306088761,276543567,0.664543
7310500453,260012104,0.6645425
7315970461,279364450,0.66454184
7314448530,279364450,0.66454184
7308192301,271275621,0.6645407
7316109906,278495973,0.6645407
7313754962,278495973,0.6645407
7313247996,278495973,0.6645407
7313729420,271275621,0.6645407
7314258198,271275621,0.6645407
7314284240,271275621,0.6645407
7303015145,278495973,0.6645407
7303015117,278495973,0.6645407
7314466137,275978598,0.6645407
7306574647,271275621,0.6645407
7306566216,271275621,0.6645407
7303542939,278495973,0.6645407
7307082416,271275621,0.6645407
7307629819,278495973,0.6645407
7304764303,279158819,0.6645407
7315982771,275978598,0.6645407
7314263786,271275621,0.6645407
7312938032,280661159,0.6645403
7312934750,280661159,0.6645403
7311854830,280661159,0.6645403
7310860039,280661159,0.6645403
7311929329,280661159,0.6645403
7311399142,280661159,0.6645403
7313845763,280661159,0.6645403
7310987218,280661159,0.6645403
7303586965,281034657,0.6645385
7314800190,277157820,0.6645385
7312780585,253987712,0.6645331
7313557068,277953827,0.66453063
7307846517,279815300,0.66452235
7302104597,279815300,0.66452235
7302104266,279815300,0.66452235
7302103398,279815300,0.66452235
7302103400,279815300,0.66452235
7302103761,279815300,0.66452235
7302103762,279815300,0.66452235
7302104607,279815300,0.66452235
7302104256,279815300,0.66452235
7307853486,279815300,0.66452235
7312103506,281170639,0.66452056
7311101632,273766273,0.66452056
7307642788,279999229,0.664517
7302963438,277654997,0.6645109
7313694025,276979411,0.6644979
7315274011,280136144,0.6644979
7314211313,280339073,0.66449666
7311061570,278733420,0.6644919
7316752854,278733420,0.6644919
7306226664,278733420,0.6644919
7306923715,278733420,0.6644919
7310597461,278608582,0.66449183
7310608561,278608582,0.66449183
7314240726,275569513,0.6644804
7314775050,268036331,0.6644706
7310033762,257432933,0.6644639
7306923534,275037135,0.66446114
7315320826,278772198,0.66444767
7316665782,276699202,0.66444576
7305739912,276616781,0.6644348
7302212240,273039155,0.6644333
7316515013,267303816,0.66442204
7316160779,279602434,0.6644177
7317030586,272153548,0.664417
7316383112,277063147,0.6644168
7309534882,278659935,0.6644026
7315576821,271009556,0.66438746
7312858722,281125790,0.66438746
7312869270,281125790,0.66438746
7307754912,271009556,0.66438746
7315573503,271009556,0.66438746
7313797165,278160611,0.6643832
7306173792,278430332,0.66437846
7314875238,278453038,0.6643768
7308462493,280347913,0.66437304
7307216922,281032432,0.66436416
7310904476,281032432,0.66436416
7314351091,281032432,0.66436416
7314348451,281032432,0.66436416
7303612024,281032432,0.66436416
7313911890,280962588,0.66436297
7308208651,276137025,0.66435844
7315365785,263674919,0.6643486
7306838776,279217448,0.6643468
7310810667,280043924,0.6643353
7302963375,277109055,0.66433513
7310254891,279777474,0.66431063
7315240899,279777474,0.66431063
7312269037,279777474,0.66431063
7316652446,255248115,0.6643066
7310404522,253067422,0.6643066
7307246668,253067422,0.6643066
7313776432,253067422,0.6643066
7310871522,266700463,0.6643053
7313487425,266700463,0.6643053
7316554467,266700463,0.6643053
7307483652,279863074,0.6642954
7309235685,267303816,0.66428685
7313321296,267303816,0.66428685
7316718729,267303816,0.66428685
7315295582,267303816,0.66428685
7314311826,267303816,0.66428685
7311898887,267303816,0.66428685
7310325424,267303816,0.66428685
7311085325,273846556,0.66428673
7304704854,273846556,0.66428673
7315332696,273846556,0.66428673
7312292406,280421796,0.6642822
7313763418,275586796,0.6642807
7309348269,274262359,0.66427356
7309345289,274262359,0.66427356
7309346996,274262359,0.66427356
7306309307,277376439,0.6642576
7304883118,280488121,0.6642539
7315404734,281523234,0.6642451
7314511884,278817322,0.6642378
7311399107,280661153,0.6642214
7311818479,280661153,0.6642214
7310986348,280661153,0.6642214
7309903776,280661153,0.6642214
7311854925,280661153,0.6642214
7312932152,280661153,0.6642214
7310859973,280661153,0.6642214
7315339311,281123944,0.66419387
7311012430,275573480,0.6641885
7314556754,275573480,0.6641885
7316165489,280133500,0.66418606
7312764089,280133500,0.66418606
7314537015,278032194,0.66417944
7314524162,278032194,0.66417944
7305705428,278662062,0.6641788
7316395211,277848968,0.66417015
7314946267,277848968,0.66417015
7315140819,281580508,0.6641647
7311688938,281580508,0.6641647
7315131689,281580508,0.6641647
7308040192,281580508,0.6641647
7315136501,281580508,0.6641647
7311684342,281580508,0.6641647
7311362038,280403971,0.66415733
7311362050,280403971,0.66415733
7311452706,280157521,0.6641536
7313532473,280157521,0.6641536
7302335749,267155970,0.6641534
7316694728,281033541,0.6641357
7314869643,278775769,0.66413397
7311422637,278400339,0.6641121
7315129085,278756909,0.6641098
7303220807,271766025,0.66407895
7313821652,278523123,0.6640723
7307151371,281579925,0.6640657
7314774614,281579925,0.6640657
7306560857,230640445,0.66406196
7302963166,267558338,0.6640549
7307594201,281767279,0.66405475
7316659051,238274940,0.66405094
7311272056,238274940,0.66405094
7316478312,281653213,0.66404426
7310439243,274820244,0.66404426
7303164083,274820244,0.66404426
7307517050,276816731,0.6640434
7310309384,280278202,0.6640434
7314693889,279899688,0.6640434
7309081386,279264620,0.6640434
7310309977,280278202,0.6640434
7307672790,280278202,0.6640434
7306234826,280278202,0.6640434
7313402860,280278202,0.6640434
7310152258,276816731,0.6640434
7309970243,280278202,0.6640434
7309230168,280278202,0.6640434
7311244859,279899688,0.6640434
7315590826,276816731,0.6640434
7306629779,280278202,0.6640434
7309969382,280278202,0.6640434
7308208016,280278202,0.6640434
7315469210,281132492,0.66404206
7302015959,280847373,0.66404206
7314395401,278243188,0.66404206
7314231319,280847375,0.66404206
7302275973,277767790,0.66404206
7310964679,277767790,0.66404206
7316898078,276866474,0.66404206
7314228630,280847375,0.66404206
7315932722,278243188,0.66404206
7313246202,150470716,0.66404206
7314386835,278243188,0.66404206
7310963922,277767790,0.66404206
7314445598,252685617,0.66404206
7314228580,280847375,0.66404206
7302236406,276866474,0.66404206
7307128145,280847373,0.66404206
7304857352,278098468,0.66404206
7307641678,280847373,0.66404206
7307103141,280847373,0.66404206
7316475606,271549869,0.66404206
7311823232,280661165,0.66404146
7311401144,280661165,0.66404146
7311502475,280661165,0.66404146
7313842548,280661165,0.66404146
7309902633,280661165,0.66404146
7309903987,280661165,0.66404146
7311954719,262554656,0.66404146
7316892763,279317490,0.6640406
7314955094,279317490,0.6640406
7314947208,279317490,0.6640406
7309765425,281655310,0.66403925
7303584887,281655310,0.66403925
7306142565,280818168,0.66403925
7315365955,281655310,0.66403925
7314467620,280208539,0.66403556
7315005648,276866384,0.66402805
7311041517,276866384,0.66402805
7303712064,276866384,0.66402805
7303678623,279607680,0.66402197
7315474403,281714114,0.66401476
7302709506,281714114,0.66401476
7307826923,281551366,0.66400087
7306585845,278832216,0.66399986
7302494501,278832216,0.66399986
7313356038,278938581,0.66399467
7316886780,278938581,0.66399467
7302501590,274482797,0.6639872
7313233596,274482797,0.6639872
7304592269,274482797,0.6639872
7313747263,274482797,0.6639872
7307621394,274482797,0.6639872
7309307883,243264240,0.6639794
7315296792,243264240,0.6639794
7311930492,278453438,0.6639707
7310865266,245495458,0.66394895
7315474465,281714104,0.66393983
7314467662,276083245,0.66393733
7308937777,267026695,0.6639218
7309831138,281270637,0.66391194
7309841283,281270637,0.66391194
7304351818,279985725,0.66390723
7304348006,279985725,0.66390723
7314647138,276458719,0.66389984
7315243385,281655622,0.6638952
7313674151,280082678,0.6638805
7307357712,278938570,0.6638795
7316298776,274396448,0.6638597
7311931787,272171179,0.6638256
7316672495,279015128,0.6638171
7315037841,275093431,0.6637978
7311572113,275093431,0.6637978
7304324355,275093431,0.6637978
7315475359,281710644,0.66377413
7313273587,277829492,0.66376764
7315475576,281138943,0.66375786
7303679003,281138943,0.66375786
7304290495,278794157,0.6637518
7304108299,278568097,0.6637457
7304267314,278117213,0.6637456
7304812438,278117213,0.6637456
7304312349,278117213,0.6637456
7304792234,278117213,0.6637456
7304261857,278117213,0.6637456
7309190892,278117213,0.6637456
7304261413,278117213,0.6637456
7313372579,278117213,0.6637456
7304312931,278117213,0.6637456
7312705618,266975372,0.6637446
7316278967,263577178,0.66372865
7307260025,278453038,0.6637286
7315718643,281215003,0.66372085
7308702257,281215003,0.66372085
7307141018,281215003,0.66372085
7316172939,279084236,0.66371804
7316312030,273791128,0.6637074
7312865726,273791128,0.6637074
7316789086,273791128,0.6637074
7314878355,273791128,0.6637074
7309317337,273791128,0.6637074
7302168320,273791128,0.6637074
7312811763,273791128,0.6637074
7302068174,273791128,0.6637074
7302077019,273791128,0.6637074
7306151613,273791128,0.6637074
7302130647,273791128,0.6637074
7309797449,273791128,0.6637074
7302094180,273791128,0.6637074
7302122712,273791128,0.6637074
7305732800,273791128,0.6637074
7311309072,280468573,0.66370696
7310859879,135156868,0.66368526
7315842747,272657038,0.6636679
7309325489,281558522,0.66365683
7316554398,281496668,0.66365504
7311354029,281496668,0.66365504
7317028639,247371729,0.6636496
7317028619,247371729,0.6636496
7316224283,280184442,0.6636459
7315485882,280184442,0.6636459
7315485764,280184442,0.6636459
7311815474,265907897,0.66363996
7305659660,251557530,0.6636317
7307921866,271173725,0.6636228
7306638056,279135722,0.6636003
7306194755,278648715,0.6635925
7311480876,278648715,0.6635925
7303130525,278648715,0.6635925
7315049139,256565206,0.66356605
7313221519,277248248,0.66356236
7309687009,277248248,0.66356236
7309274583,276916782,0.66350347
7315716061,278921494,0.66347724
7311824557,272734719,0.6634633
7308208768,272734719,0.6634633
7311463753,272734719,0.6634633
7304180216,259581099,0.6634545
7304171053,259581099,0.6634545
7313669362,279707868,0.6634509
7310940193,280570460,0.66344076
7314767586,277889297,0.66342497
7316257054,268304730,0.6634212
7312757148,280737474,0.6634172
7310824108,280737474,0.6634172
7304724875,280737474,0.6634172
7314768226,280737474,0.6634172
7314807440,278873510,0.6634171
7306839301,269043693,0.6634128
7304763286,280494378,0.6634121
7307912717,280494378,0.6634121
7304396438,280042983,0.6634116
7314653892,281331986,0.6634116
7315540202,280042983,0.6634116
7309139038,279302215,0.66340923
7308211206,281092711,0.66340923
7306567249,279302215,0.66340923
7308155214,279302215,0.66340923
7304063807,276398917,0.66340923
7303553915,279302215,0.66340923
7303554118,279302215,0.66340923
7303170043,279099901,0.66340923
7314715837,279302215,0.66340923
7314103836,278243189,0.66340923
7304846352,281092711,0.66340923
7316413255,278243189,0.66340923
7303079328,279302215,0.66340923
7307676238,281092711,0.66340923
7314483033,274193521,0.66340923
7308161596,279302215,0.66340923
7309214489,281092711,0.66340923
7305530502,276398917,0.66340923
7310844480,271457552,0.66340923
7309213909,281092711,0.66340923
7304803002,281092711,0.66340923
7304268469,279005444,0.66340566
7302037493,263119623,0.66340566
7304314224,279005444,0.66340566
7311946557,273291630,0.6634036
7308261951,273291630,0.6634036
7314798529,275298008,0.6633947
7304347910,279237517,0.663384
7304351834,279237517,0.663384
7315116442,278654313,0.66337675
7313805352,264736174,0.663375
7311373874,281199381,0.6633423
7302570162,281199381,0.6633423
7307780869,281199381,0.6633423
7309824248,281199381,0.6633423
7312901823,281199381,0.6633423
7305598953,281199381,0.6633423
7306176173,281199381,0.6633423
7312854641,281199381,0.6633423
7311941823,281199381,0.6633423
7313323593,277912099,0.66334015
7311856323,277912099,0.66334015
7314808397,277912099,0.66334015
7308736753,277912099,0.66334015
7310330035,277912099,0.66334015
7301968683,278495974,0.66332984
7302513420,278495974,0.66332984
7306313424,281850494,0.6633217
7302328841,270418841,0.6633072
7313954329,279904326,0.6633031
7307281549,279904326,0.6633031
7304356803,279904326,0.6633031
7310772780,279904326,0.6633031
7310302759,279904326,0.6633031
7313820820,256884755,0.6632726
7313830621,256884755,0.6632726
7311856321,276301049,0.66327244
7311823170,276301049,0.66327244
7309900990,276301049,0.66327244
7310912158,276301049,0.66327244
7311400901,276301049,0.66327244
7316972240,273825397,0.6632611
7313323782,280910495,0.66324914
7308736928,280910495,0.66324914
7310330336,280910495,0.66324914
7314808694,280910495,0.66324914
7307183434,280910495,0.66324914
7311856731,280910495,0.66324914
7316692369,271234145,0.6632105
7315474938,279087158,0.66320723
7302709675,279087158,0.66320723
7316528048,275590830,0.66319203
7315025072,275791030,0.66318554
7315025047,275791030,0.66318554
7315024973,275791030,0.66318554
7307912517,281652363,0.6631821
7304763126,281652363,0.6631821
7304632361,280874937,0.66317886
7311431445,277654184,0.66316766
7311433794,280838215,0.66316766
7306706065,280322113,0.6631505
7313248481,279183432,0.6631387
7306121314,278977947,0.66312814
7314945424,279077997,0.6630725
7312004601,280799926,0.66306484
7313333012,277874065,0.6630645
7313889030,277874065,0.6630645
7310905021,277874065,0.6630645
7307786686,277874065,0.6630645
7304671196,277874065,0.6630645
7308393301,277874065,0.6630645
7316785142,277874065,0.6630645
7311352119,239460651,0.66306007
7315716770,237845588,0.6630479
7302574980,275602990,0.6630445
7308225659,275602990,0.6630445
7305133987,275602990,0.6630445
7311330621,275602990,0.6630445
7315649491,274855298,0.66303587
7307389141,280597391,0.6630321
7314142608,277293311,0.66302645
7311587232,277293311,0.66302645
7316476033,268331138,0.66302645
7316137619,279912917,0.66302437
7312735479,279912917,0.66302437
7311306999,270855937,0.66302407
7311306932,270855937,0.66302407
7316418907,265338366,0.66302407
7306349651,275566845,0.6630192
7308207206,277434135,0.6630166
7315875823,280861399,0.6630087
7305704545,275428972,0.66300505
7313973337,279575194,0.66299564
7314500005,278652861,0.66299266
7313053335,280144510,0.6629845
7316358855,277614247,0.66296947
7315474893,276930076,0.6629668
7302709620,276930076,0.6629668
7312755949,278959554,0.6629564
7302727900,255377375,0.6629496
7303803780,255377375,0.6629496
7307780322,255377375,0.6629496
7310431521,255377375,0.6629496
7316788334,255377375,0.6629496
7313984929,255377375,0.6629496
7303809176,255377375,0.6629496
7306346385,255377375,0.6629496
7311482785,255377375,0.6629496
7310913351,277785591,0.66291034
7311930638,277785591,0.66291034
7313844369,277785591,0.66291034
7302565533,277785591,0.66291034
7311856232,277785591,0.66291034
7311500796,277785591,0.66291034
7313372253,277785591,0.66291034
7314249184,277191277,0.66288775
7313757796,277191277,0.66288775
7313253463,277191277,0.66288775
7313252665,277191277,0.66288775
7316678766,274471247,0.6628872
7305648067,279005143,0.6628863
7305648107,279005143,0.6628863
7305648017,279005143,0.6628863
7305647534,279005143,0.6628863
7313790209,280171763,0.6628849
7311797964,278831490,0.6628849
7309232220,280171763,0.6628849
7306628563,280171763,0.6628849
7310307388,280171763,0.6628849
7310308827,280171763,0.6628849
7308207373,280171763,0.6628849
7306237997,280171763,0.6628849
7312960971,280171763,0.6628849
7307671620,280171763,0.6628849
7308873663,280917145,0.6628764
7311344725,279846075,0.6628597
7304348043,279237522,0.6628588
7304351837,279237522,0.6628588
7309736435,281037918,0.66284734
7312377882,280959223,0.6628269
7311434168,278924491,0.66281337
7311415170,278924491,0.66281337
7311404641,278924491,0.66281337
7311424395,278924491,0.66281337
7311444497,278924491,0.66281337
7315746559,278257293,0.662795
7316739757,274145908,0.6627703
7310111311,281621263,0.6627646
7313289960,272432582,0.6627455
7313493401,268584110,0.662732
7311694334,279299527,0.6627237
7310291221,278335074,0.66270673
7305701620,277829611,0.66270643
7314766596,277266364,0.6626922
7312825377,281653213,0.6626877
7303328988,279084236,0.6626638
7303329584,279084236,0.6626638
7311817721,279208596,0.6626521
7306621839,279993042,0.6626478
7313427192,281787842,0.662639
7313423227,281787842,0.662639
7311968037,281787842,0.662639
7315265845,281787842,0.662639
7311957827,281787842,0.662639
7311962220,281787842,0.662639
7311975162,281787842,0.662639
7314438286,280835412,0.6626348
7315005145,280835412,0.6626348
7316815182,280835412,0.6626348
7316377330,278990192,0.66262853
7310409647,278990192,0.66262853
7308203133,279912576,0.6626263
7316418926,280711048,0.662626
7315715818,281274997,0.6626067
7311839134,274491738,0.66258353
7313805965,280278209,0.66257966
7310799549,280278209,0.66257966
7309973300,280100321,0.66257966
7309972871,280100321,0.66257966
7313788440,280100321,0.66257966
7306236731,280278209,0.66257966
7313789441,280100321,0.66257966
7308206426,280100321,0.66257966
7309234660,280100321,0.66257966
7309233422,280100321,0.66257966
7310306223,280100321,0.66257966
7309231126,280278209,0.66257966
7310306816,280100321,0.66257966
7310311136,280278209,0.66257966
7307670783,280100321,0.66257966
7309278734,281351465,0.6625637
7311431553,276543481,0.66256046
7306064882,279534030,0.6625591
7311270901,279534030,0.6625591
7311268001,279534030,0.6625591
7305544040,279534030,0.6625591
7315005366,281518596,0.66255283
7314438483,281518596,0.66255283
7301976445,280427952,0.66254896
7306580206,280427952,0.66254896
7307618730,280427952,0.66254896
7313237751,280427952,0.66254896
7313237700,280427952,0.66254896
7308462610,280148821,0.6625362
7304309103,276008714,0.6625265
7310500394,276189029,0.66252637
7304678473,273791110,0.6625148
7316746883,273791110,0.6625148
7307245297,273791110,0.6625148
7307254612,273791110,0.6625148
7312864943,273791110,0.6625148
7312856711,273791110,0.6625148
7312838880,273791110,0.6625148
7302096146,273791110,0.6625148
7316738649,273791110,0.6625148
7316731289,273791110,0.6625148
7310330064,273791110,0.6625148
7302077393,273791110,0.6625148
7309327667,273791110,0.6625148
7311348832,273791110,0.6625148
7316730767,273791110,0.6625148
7305591485,273791110,0.6625148
7305591421,273791110,0.6625148
7310313803,273791110,0.6625148
7305614096,273791110,0.6625148
7307202282,273791110,0.6625148
7316313904,273791110,0.6625148
7305599077,273791110,0.6625148
7310306311,273791110,0.6625148
7309915982,273791110,0.6625148
7302086512,273791110,0.6625148
7312874706,273791110,0.6625148
7307245395,273791110,0.6625148
7315381804,273791110,0.6625148
7307280272,273791110,0.6625148
7302086623,273791110,0.6625148
7302086733,273791110,0.6625148
7313399203,273791110,0.6625148
7305576825,279244101,0.6624933
7308161816,279301298,0.6624901
7315715835,279891693,0.6624872
7313777933,279852478,0.6624812
7302068319,280164977,0.66246367
7308260392,280164977,0.66246367
7306141028,280164977,0.66246367
7306140125,280164977,0.66246367
7308260735,280164977,0.66246367
7313994701,265726835,0.66246104
7310964678,277470136,0.6624606
7310963920,277470136,0.6624606
7305762134,278182884,0.662443
7304152259,278182884,0.662443
7305762029,278182884,0.662443
7313611700,279749579,0.6624293
7312992965,268062219,0.66240066
7315868670,273831380,0.6623934
7315837800,273831380,0.6623934
7315828248,275065221,0.66238046
7311922841,275065221,0.66238046
7310873954,275065221,0.66238046
7314376722,275065221,0.66238046
7315865276,275065221,0.66238046
7304535297,277248185,0.6623735
7303590109,273653239,0.66237104
7309761414,277999210,0.6623645
7310288929,277999210,0.6623645
7314990612,280345923,0.66231614
7311604279,280740561,0.6622746
7308070837,280740561,0.6622746
7311824631,280740561,0.6622746
7306639525,279993042,0.6622593
7314771671,279993042,0.6622593
7309485301,268638155,0.66224766
7313867703,256319452,0.6622462
7316170459,270479141,0.66224444
7314279275,270479141,0.66224444
7310234496,270479141,0.66224444
7310226101,270479141,0.66224444
7313244397,270479141,0.66224444
7316631030,270479141,0.66224444
7309737225,270479141,0.66224444
7303071217,270479141,0.66224444
7310142491,281302574,0.6622123
7313432008,280747478,0.6621946
7315775381,278839939,0.66219
7302802079,278839939,0.66219
7310875883,278839939,0.66219
7314507398,278839939,0.66219
7307745266,278839939,0.66219
7312353544,278839939,0.66219
7304610161,280577467,0.66216797
7313799617,277567933,0.662132
7314154077,281188106,0.6621271
7310568145,281188106,0.6621271
7314674275,281188106,0.6621271
7313299294,281188106,0.6621271
7303353564,281188106,0.6621271
7306856781,281188106,0.6621271
7316214648,281188106,0.6621271
7310346900,269540735,0.66210824
7301665935,269540735,0.66210824
7302734414,257204801,0.66208667
7310945665,280501715,0.66206276
7314919707,280501715,0.66206276
7316219850,278805686,0.6620607
7313859923,276600165,0.66205883
7311402395,276600165,0.66205883
7313842778,276600165,0.66205883
7308317582,276600165,0.66205883
7303675400,276600165,0.66205883
7310912243,276600165,0.66205883
7311400700,276600165,0.66205883
7308070875,281489637,0.6620465
7311604371,281489637,0.6620465
7311824672,281489637,0.6620465
7316138454,272692400,0.661966
7309472655,274149320,0.66194564
7310784314,266583097,0.6619387
7314392706,266583097,0.6619387
7312761777,275345256,0.6619203
7312762661,275345256,0.6619203
7316158600,278868738,0.6618937
7306146526,279731112,0.6618735
7309833709,279731112,0.6618735
7313305430,279731112,0.6618735
7316734169,279731112,0.6618735
7314568341,263735985,0.6618722
7311266753,255248115,0.6618706
7310535041,250145983,0.66180074
7305585071,280386155,0.6617986
7304118326,280386155,0.6617986
7313762912,279934082,0.6617771
7309886332,277934764,0.66176957
7309886529,277934764,0.66176957
7314365703,279223787,0.6617688
7313432850,273668595,0.6617036
7303592123,279677064,0.66167253
7313279727,279677064,0.66167253
7308221388,258707264,0.6616653
7307853086,280064101,0.661654
7316957204,280763473,0.66165006
7316957222,280763473,0.66165006
7315293197,271264445,0.66156787
7310929634,281547678,0.6615527
7307789760,281547678,0.6615527
7314690879,281050541,0.6615003
7311874936,279903111,0.6614921
7315316307,279903111,0.6614921
7308469359,279160365,0.66148216
7313953646,273025771,0.6614649
7307342687,278730398,0.6614511
7308189000,280568687,0.6614511
7316404793,281619374,0.66145045
7305131657,279008909,0.66144973
7304393393,277062776,0.66144794
7316287286,278621241,0.66144776
7311819577,276301045,0.66144705
7311402353,276301045,0.66144705
7311401017,276301045,0.66144705
7312937845,276301045,0.66144705
7312931776,276301045,0.66144705
7313372031,276301045,0.66144705
7310987077,276301045,0.66144705
7303679350,260324395,0.66144574
7303773286,272980957,0.66144466
7309389330,272980957,0.66144466
7312559837,272980957,0.66144466
7306284977,272980957,0.66144466
7310305613,279985142,0.66144437
7304628336,280278208,0.66144437
7307127718,276398915,0.66144437
7314438135,268036331,0.66144437
7304262371,279349284,0.66144437
7307153552,276398915,0.66144437
7308205802,279985142,0.66144437
7306625200,279985142,0.66144437
7307673701,280278208,0.66144437
7310301973,279985142,0.66144437
7304844802,280278208,0.66144437
7304814081,279349284,0.66144437
7309972215,279985142,0.66144437
7308208764,280278208,0.66144437
7303011764,276398915,0.66144437
7315004995,268036331,0.66144437
7309235446,279985142,0.66144437
7307609319,276398915,0.66144437
7307669776,279985142,0.66144437
7306235567,280278208,0.66144437
7304274730,276128082,0.66144437
7310987119,275130679,0.66144305
7309902143,275130679,0.66144305
7313859809,275130679,0.66144305
7311929176,275130679,0.66144305
7310911857,275130679,0.66144305
7310857250,275130679,0.66144305
7303820010,273490727,0.66133684
7309851622,280308508,0.66128737
7309851647,280308508,0.66128737
7316139811,276867205,0.6612203
7306605534,276867205,0.6612203
7310877159,276867205,0.6612203
7313262449,276867205,0.6612203
7313558731,277813401,0.6612051
7315966767,279600496,0.6611806
7305906114,279600496,0.6611806
7316412189,279600496,0.6611806
7314791658,279600496,0.6611806
7311112848,281113126,0.66117096
7303595264,281092968,0.66114396
7307622835,281092968,0.66114396
7307609179,281092968,0.66114396
7309717629,281092968,0.66114396
7315299462,247765283,0.6610957
7302026298,281029238,0.6610846
7309219941,276952309,0.6609654
7315044628,279110310,0.66096324
7310968286,255699293,0.6609475
7302054879,273510492,0.6609472
7302085761,273510492,0.6609472
7309356659,273510492,0.6609472
7309347052,273510492,0.6609472
7302078680,273510492,0.6609472
7302140954,273510492,0.6609472
7302094396,273510492,0.6609472
7306136155,273510492,0.6609472
7302094747,273510492,0.6609472
7302149681,273510492,0.6609472
7306136066,273510492,0.6609472
7315071248,278354600,0.6609424
7315093403,279887680,0.66092926
7311706636,279887680,0.66092926
7316158566,235079477,0.6609289
7307641142,278448463,0.66082436
7313263675,278448463,0.66082436
7311799938,278448463,0.66082436
7306646072,280861399,0.66076404
7315716762,278755500,0.6607251
7312990576,275669825,0.6607119
7309256592,275669825,0.6607119
7315338586,275669825,0.6607119
7311498457,275669825,0.6607119
7307407431,280769371,0.6606465
7314189825,276883945,0.66055954
7312762746,277837705,0.6605516
7312761897,277837705,0.6605516
7316334319,278625928,0.66052276
7316695903,275297108,0.660515
7314806255,281244620,0.6604835
7313357507,281244620,0.6604835
7311490694,281244620,0.6604835
7304592005,278569056,0.6604785
7308239863,280127695,0.6604523
7311163078,280118438,0.6604426
7314144516,280118438,0.6604426
7316884477,281647660,0.66044027
7304630501,280531572,0.66042805
7316855415,279965661,0.6603962
7309190341,278888404,0.6603653
7303085763,278888404,0.6603653
7307664347,278888404,0.6603653
7303249282,274457396,0.6603585
7316795716,277931925,0.66030246
7304886270,277356382,0.6601909
7312030224,277356382,0.6601909
7302946248,281549577,0.6601879
7306464836,281549577,0.6601879
7306481586,281549577,0.6601879
7306476136,281549577,0.6601879
7306470483,281549577,0.6601879
7311474788,280690607,0.66017735
7315039206,281423124,0.66014016
7315503639,280769371,0.660066
7302610658,268758038,0.6600615
7302159911,268758038,0.6600615
7302141412,268758038,0.6600615
7302690072,268758038,0.6600615
7302141299,268758038,0.6600615
7306891297,280019172,0.660035
7315332225,280019172,0.660035
7316528009,273813672,0.6600278
7313084831,280044649,0.66001
7310469619,280044649,0.66001
7308338271,280044649,0.66001
7302004354,278717793,0.6599868
7315720593,280412213,0.6599547
7316774688,278675132,0.65992606
7314773562,278675132,0.65992606
7310183574,278675132,0.65992606
7313046363,278675132,0.65992606
7312826030,279481261,0.6598654
7303851601,277790095,0.6598206
7311570983,281652363,0.65980446
7315402799,281652363,0.65980446
7308039146,277293311,0.6598021
7311245288,275136693,0.6598012
7304029449,275136693,0.6598012
7316141375,276464560,0.6598004
7303718249,281671843,0.6598004
7309766941,276464560,0.6598004
7308209999,276464560,0.6598004
7305519815,276464560,0.6598004
7306618334,275978296,0.6598004
7307664610,275978296,0.6598004
7315237100,276464560,0.6598004
7310226069,276464560,0.6598004
7316642934,276464560,0.6598004
7316120994,276464560,0.6598004
7314270111,276464560,0.6598004
7312875126,278833321,0.65979767
7312847261,278449325,0.65979534
7310487681,265461756,0.65979534
7308352129,281578607,0.6597912
7304199979,281578607,0.6597912
7315556580,281510762,0.65979
7302207279,278354689,0.65977657
7311768293,278853085,0.65977454
7311775358,278853085,0.65977454
7312703767,278853085,0.65977454
7316885755,280132436,0.6597718
7313354192,280132436,0.6597718
7313948327,276977462,0.65975064
7316898039,252962310,0.6596278
7313933985,252962310,0.6596278
7316853053,252962310,0.6596278
7313970686,252962310,0.6596278
7307239457,281081332,0.6595994
7307243617,280127695,0.659531
7312899848,279704768,0.659506
7314924798,280017855,0.65942466
7306338697,265085682,0.6593079
7303122452,278248811,0.65926135
7316718700,278248811,0.65926135
7302624304,278248811,0.65926135
7310180136,278248811,0.65926135
7310033198,275454819,0.65925664
7316158565,274426293,0.659239
7303685983,278937445,0.6592047
7303686021,278937445,0.6592047
7303678889,279163711,0.65918267
7316447069,281230010,0.6591632
7314236900,280894912,0.6590791
7303983998,184123083,0.65898603
7303985214,184123083,0.65898603
7303984226,184123083,0.65898603
7303984530,184123083,0.65898603
7303984768,184123083,0.65898603
7306312464,260477278,0.6587282
7313645943,272756338,0.658712
7313272349,276181596,0.65866756
7301992161,280403774,0.65866435
7310602983,280346690,0.6586433
7307626702,275311943,0.6585823
7303707612,275311943,0.6585823
7307390889,281265802,0.65852
7303151305,251557530,0.6584892
7313228613,278755500,0.6584044
7314226299,278755500,0.6584044
7311003240,252962310,0.6583976
7310487686,252962310,0.6583976
7307317352,252962310,0.6583976
7316685056,250918949,0.6583819
7312344735,280278372,0.65835273
7312337222,280278372,0.65835273
7312352563,280278372,0.65835273
7307218912,279355834,0.658308
7310853238,279355834,0.658308
7302108468,275700377,0.65827805
7302108527,275700377,0.65827805
7309806419,275700377,0.65827805
7309815325,275700377,0.65827805
7306151699,275700377,0.65827805
7306176078,275700377,0.65827805
7302111427,275700377,0.65827805
7302159262,275700377,0.65827805
7303155190,275700377,0.65827805
7302050936,275700377,0.65827805
7302570059,275700377,0.65827805
7312875294,274012169,0.6582114
7310922125,281058517,0.6581339
7315237071,278738621,0.65807277
7316258151,278204804,0.6580684
7310911979,278204804,0.6580684
7303800728,279673520,0.65799206
7303808111,279673520,0.65799206
7316237241,281014586,0.65797114
7315229786,281014586,0.65797114
7311285105,276614745,0.65790266
7311835126,279964782,0.6578297
7316975429,277264042,0.65780956
7302963281,249052919,0.65780944
7311571128,280494378,0.65774393
7315402958,280494378,0.65774393
7314123794,281391469,0.6577426
7310888024,281578607,0.65771735
7316182571,277248248,0.6576715
7306131894,277248248,0.6576715
7313384464,278730398,0.6575657
7310735628,274681765,0.65740305
7306047886,274681765,0.65740305
7315734565,274681765,0.65740305
7306131746,274681765,0.65740305
7314706351,274681765,0.65740305
7316253469,280529221,0.6573946
7316506023,274503901,0.65733117
7314692838,277143201,0.65730774
7311244679,277143201,0.65730774
7304509375,262022160,0.65728116
7312590742,262022160,0.65728116
7315573495,262022160,0.65728116
7315550524,262022160,0.65728116
7311707621,262022160,0.65728116
7308077695,262022160,0.65728116
7314115901,262022160,0.65728116
7303438168,280197566,0.65722966
7303438169,280197566,0.65722966
7310367512,280146341,0.65719366
7301993837,280531572,0.6571917
7311269299,255357510,0.6571898
7302068235,281092711,0.65718746
7307669106,279748984,0.65718746
7304315775,279748984,0.65718746
7302671193,281092711,0.65718746
7301989122,279985142,0.6571846
7301986303,279349284,0.6571846
7312794248,281578607,0.65718085
7307181362,279494843,0.65716887
7311432868,277470136,0.65715355
7313877903,281251878,0.6571406
7305062189,277248248,0.65702456
7302207410,279271748,0.65702456
7315020825,281438960,0.6569968
7313570929,277439827,0.6569725
7314383283,279533641,0.65695906
7314392567,279533641,0.65695906
7311431923,280838213,0.6569422
7303097856,279264620,0.65692914
7316166422,280777257,0.65691173
7316757166,281133410,0.6566952
7314845779,278595740,0.6566919
7307917393,245966366,0.6565658
7314876300,279807780,0.6565359
7304165641,278078935,0.6565228
7316198585,275709791,0.65630084
7316189764,275709791,0.65630084
7316518225,278495974,0.6562207
7311809018,278755500,0.6560698
7313575633,280468739,0.6560657
7302963410,274172952,0.65606445
7314740464,280643648,0.65605503
7313649244,281348998,0.65595335
7309274643,279748875,0.65592057
7316663576,280237642,0.65587103
7310882940,260604723,0.6558313
7310768056,277242964,0.6558222
7313755325,277242964,0.6558222
7302963519,272424555,0.6557759
7316971936,274524145,0.65552986
7316444334,273671520,0.65541065
7310714634,281619374,0.65536827
7309717449,279124243,0.6552676
7311529681,275767159,0.655214
7313241273,281416677,0.65488666
7302546943,197618198,0.65477216
7308698605,197618198,0.65477216
7312762523,277468092,0.6547278
7315497330,276777985,0.65455025
7309294145,278662062,0.65443915
7305694772,278662062,0.65443915
7312876187,281528680,0.65437824
7302144400,241432421,0.6543523
7308194633,278838697,0.65434337
7313249483,278838697,0.65434337
7313247903,278838697,0.65434337
7313755013,278838697,0.65434337
7301615895,278838697,0.65434337
7313293843,278838697,0.65434337
7306124733,278838697,0.65434337
7307648603,278838697,0.65434337
7316493450,267851020,0.6541856
7314802685,278277417,0.65417194
7308180291,269519298,0.6540524
7315282863,269715845,0.6539267
7311426397,269715845,0.6539267
7314942806,269715845,0.6539267
7316501835,279703431,0.6535812
7316792080,276668781,0.65339977
7311144389,278662062,0.65331906
7310969218,247212868,0.6531265
7302022998,247212868,0.6531265
7309768226,247212868,0.6531265
7307516539,247212868,0.6531265
7314145739,247212868,0.6531265
7311680044,247212868,0.6531265
7313512377,262728361,0.6531033
7308279385,280740561,0.65309393
7308279275,280740561,0.65309393
7308279318,280740561,0.65309393
7308279362,280740561,0.65309393
7308279236,280740561,0.65309393
7308279420,280740561,0.65309393
7308279468,280740561,0.65309393
7308279534,280740561,0.65309393
7308279563,280740561,0.65309393
7306751559,278894257,0.652857
7315274997,276758631,0.6526775
7315216482,281278776,0.6526108
7314248979,272968721,0.65255535
7309192912,280097858,0.65241617
7310957286,277806802,0.65240043
7311841628,275418390,0.6521776
7316586791,280530816,0.65216666
7310531320,281598103,0.6521381
7313253900,271494609,0.6520697
7316475999,278623262,0.6516994
7303679402,267803716,0.6516994
7312859260,281619374,0.6516076
7312869971,281619374,0.6516076
7313861714,277303518,0.6514439
7316164191,280293218,0.65136284
7311311128,281333623,0.651352
7306630261,281333623,0.651352
7312765684,281333623,0.651352
7310852959,281333623,0.651352
7309199011,281333623,0.651352
7314353259,265766936,0.6508959
7303792222,274903760,0.65070933
7311835338,279160365,0.6506268
7305915475,279617678,0.6503264
7305913066,279617678,0.6503264
7301763083,279617678,0.6503264
7301765045,279617678,0.6503264
7316312385,279054987,0.6499263
7316216787,274722906,0.64987516
7310291134,278838697,0.64957684
7307146541,278838697,0.64952886
7309479470,276725847,0.64935726
7310839509,280029019,0.64935726
7311054655,277327391,0.6493448
7312477243,277327391,0.6493448
7308050610,280011240,0.649311
7309267357,280311718,0.6489726
7308482362,271234145,0.6486284
7316960251,279034439,0.64840966
7314977954,278263827,0.64808667
7313345221,280827225,0.6480232
7311456157,279130618,0.64797217
7305721607,280821081,0.6478106
7302081736,280821081,0.6478106
7313830320,281489344,0.6474003
7311378791,269000091,0.64735526
7313383813,278058834,0.64726865
7314692238,274076646,0.6469322
7314841454,275497192,0.64691937
7313046644,279721775,0.6467934
7307344389,273756865,0.6467457
7316107300,280078992,0.64633757
7303750691,280001209,0.64633363
7307724287,256544916,0.64627856
7309199245,256544916,0.64627856
7313838799,256544916,0.64627856
7315265307,256544916,0.64627856
7311248413,278838697,0.6461401
7311248460,278838697,0.6461401
7316817149,265947114,0.64597166
7314763201,275273414,0.6459048
7316543389,280730038,0.64587605
7312710329,280146816,0.6455987
7306061778,280146816,0.6455987
7302572790,264819610,0.6448455
7304805883,271380596,0.64484197
7304807217,271380596,0.64484197
7304804131,271380596,0.64484197
7311092501,280443138,0.64476585
7316374856,277360453,0.64461267
7307730900,274844752,0.6444328
7305863493,280636136,0.6444328
7311587521,274844752,0.6444328
7310373814,280918597,0.6444223
7306379361,280572095,0.64437246
7314896230,279735659,0.64421874
7307221609,279735659,0.64421874
7311566072,277264236,0.64416724
7312945848,247621759,0.6441212
7314762194,277519298,0.64406437
7309908782,273524770,0.6439048
7310169373,280686257,0.6436607
7315094000,281788975,0.64329267
7313544265,249527230,0.64323336
7302309544,277672802,0.64312845
7309453865,277672802,0.64312845
7307367426,277672802,0.64312845
7304264909,277672802,0.64312845
7315037030,277672802,0.64312845
7316480768,277672802,0.64312845
7313875610,273813672,0.6431059
7313878053,273813672,0.6431059
7313870299,267991575,0.6429446
7313870301,267991575,0.6429446
7316277337,281312977,0.6429315
7311654188,197782954,0.64286536
7311246222,277672425,0.64277565
7314631098,278759809,0.64227635
7316463051,270677520,0.64222115
7316300960,279289005,0.6418877
7311442480,280707676,0.64188224
7311506577,280707676,0.64188224
7311941891,280707676,0.64188224
7311266620,265338361,0.64176637
7316652301,265338361,0.64176637
7311065608,259972318,0.6416109
7307837143,280909589,0.6415855
7305840994,281114068,0.6412619
7306721880,274085156,0.6410986
7310903680,277334827,0.6408378
7304826127,277334827,0.6408378
7310904289,277334827,0.6408378
7310902898,277334827,0.6408378
7309197425,277334827,0.6408378
7310343927,277334827,0.6408378
7313390859,277334827,0.6408378
7304783598,277334827,0.6408378
7307682281,277334827,0.6408378
7315014747,270745875,0.64077306
7304666839,280409921,0.64074665
7316237982,276700644,0.64063364
7310867768,276543288,0.6405687
7313882474,257204817,0.6405488
7311378650,257204817,0.6405488
7316260359,278277730,0.6403277
7311066786,281527829,0.64019203
7304250237,279304811,0.6400165
7309261435,279038753,0.6394936
7310900008,279038753,0.6394936
7310903229,279038753,0.6394936
7310902166,279038753,0.6394936
7306609652,280219655,0.6390932
7316245952,280624960,0.6389879
7316281702,280624960,0.6389879
7314281211,280624960,0.6389879
7316263893,280624960,0.6389879
7314281328,280624960,0.6389879
7315272223,273051884,0.63874805
7303219793,279215969,0.6386645
7314594821,280818189,0.638466
7304395437,277870719,0.63794684
7307413304,276078261,0.63794684
7304308282,276746756,0.63794684
7302318848,277870725,0.63794684
7303381334,277264237,0.63794684
7310560448,276078261,0.63794684
7313061906,277870722,0.63794684
7307833853,277870722,0.63794684
7310048819,277870719,0.63794684
7306410589,277870725,0.63794684
7310038809,277870723,0.6379434
7304361907,277870723,0.6379434
7306221012,279272640,0.63792634
7306221614,279272640,0.63792634
7306221360,279272640,0.63792634
7315350407,277975080,0.63783664
7316311575,277975080,0.63783664
7307956537,279435114,0.63782024
7307964882,279435114,0.63782024
7308777284,279435114,0.63782024
7304083052,248172158,0.63782024
7302285219,277264229,0.6378126
7306390215,277264229,0.6378126
7314808310,274829182,0.6376839
7304279494,277797576,0.63750416
7309207751,277797576,0.63750416
7304278854,277797576,0.63750416
7307678890,277797576,0.63750416
7308230119,277797576,0.63750416
7308214067,277797576,0.63750416
7305536603,280652123,0.6373297
7307101538,280652123,0.6373297
7308151767,280652123,0.6373297
7303636956,275760952,0.6372649
7302237140,280427079,0.6372144
7302000759,279100066,0.6370334
7310934487,273500508,0.63686174
7304326251,261862797,0.6363625
7316251299,275648183,0.63596153
7302699035,277469841,0.63596153
7315276300,271820890,0.63596153
7306339049,276718929,0.6359453
7307193919,274162117,0.6354204
7304060163,279705110,0.63513815
7307611776,279705110,0.63513815
7316312197,275966718,0.6351055
7311416387,278945839,0.6347994
7303631835,278945839,0.6347994
7313459852,278945839,0.6347994
7301807714,278945839,0.6347994
7305770421,278945839,0.6347994
7314074774,278945839,0.6347994
7310043596,278945839,0.6347994
7309819622,276356079,0.6347889
7316191810,276356079,0.6347889
7309329792,280367856,0.63452053
7311106318,280219655,0.63449025
7303838299,277264232,0.63426685
7307428536,277264232,0.63426685
7310523528,280160265,0.63419694
7308210178,280403774,0.6341927
7309968828,280403774,0.6341927
7309216532,280403774,0.6341927
7309229302,280403774,0.6341927
7307674934,280403774,0.6341927
7306233949,280403774,0.6341927
7304845468,280403774,0.6341927
7310311821,280403774,0.6341927
7316109155,281126368,0.634175
7316941308,281439123,0.63408124
7316986899,281439123,0.63408124
7316930420,281439123,0.63408124
7316919269,281439123,0.63408124
7316952431,281439123,0.63408124
7316930488,281439123,0.63408124
7316907338,281439123,0.63408124
7305827690,281182482,0.63387984
7314521946,280541497,0.6338712
7313243590,280541497,0.6338712
7314495271,280541497,0.6338712
7311481947,263167949,0.63339376
7313260568,273518181,0.63332254
7313260544,272488117,0.63327026
7304806293,266209353,0.6331939
7304802275,266209353,0.6331939
7304804281,266209353,0.6331939
7304800557,266209353,0.6331939
7303867071,273932100,0.63308257
7302372586,280086728,0.6330441
7311563835,280531076,0.6330441
7315049236,280531076,0.6330441
7316743006,276868784,0.63303924
7304193145,263167949,0.63293165
7304268139,263167949,0.63293165
7314956494,267991575,0.63291067
7316801595,276620254,0.6328447
7304587215,280517712,0.6328377
7314973577,281509690,0.6327853
7316288392,280219655,0.6327765
7314996516,280219655,0.6327765
7316223821,271728059,0.6326204
7307441972,277140937,0.6326057
7301729005,281504895,0.6325104
7308711122,267991575,0.6324741
7308672737,267991575,0.6324741
7308730237,267991575,0.6324741
7315691077,276937188,0.63246524
7313327063,128225424,0.63237625
7315274368,279329972,0.63201207
7312729716,258924935,0.6318735
7307633908,258924935,0.6318735
7315954270,279495818,0.6318648
7316412929,270030286,0.6316612
7316312149,270030286,0.6316612
7314360434,274613767,0.63134307
7302405470,277852926,0.6313318
7301592579,254977021,0.6313192
7301592549,254977021,0.6313192
7301593465,254977021,0.6313192
7301593334,254977021,0.6313192
7301592468,254977021,0.6313192
7301592425,254977021,0.6313192
7301592395,254977021,0.6313192
7301592358,254977021,0.6313192
7301593436,254977021,0.6313192
7301593289,254977021,0.6313192
7301593262,254977021,0.6313192
7301593233,254977021,0.6313192
7302501535,278708280,0.6311184
7301959347,278708280,0.6311184
7306594977,278708280,0.6311184
7307628379,278708280,0.6311184
7316717038,273018446,0.6309765
7309569740,281179256,0.6309208
7307974752,281504895,0.63080114
7314554739,275629972,0.6307203
7309408451,279846188,0.6305826
7303242484,280157636,0.6303656
7303243494,280157636,0.6303656
7310834150,280157636,0.6303656
7310834860,280157636,0.6303656
7310836894,280157636,0.6303656
7310833053,280157636,0.6303656
7307739622,280157636,0.6303656
7307738848,280157636,0.6303656
7310832457,280157636,0.6303656
7310833593,280157636,0.6303656
7317030861,281490917,0.6301903
7316501887,275468660,0.63011324
7314729845,275904069,0.6299421
7303022328,275904069,0.6299421
7309153288,275904069,0.6299421
7301979353,275904069,0.6299421
7305523694,275904069,0.6299421
7313250715,275904069,0.6299421
7316114177,275904069,0.6299421
7315402770,270453848,0.6297552
7311431896,252475200,0.62953854
7306350410,281734500,0.62946004
7315719775,261862797,0.6292717
7313260629,276075514,0.6291583
7316986965,273534036,0.62899274
7316977377,273534036,0.62899274
7303141132,280624972,0.62898445
7310358248,280624972,0.62898445
7304742954,280624972,0.62898445
7311619722,278937445,0.6288393
7311614249,278937445,0.6288393
7301962224,279289005,0.6287417
7313061781,279813902,0.62871975
7306194660,280979010,0.6286206
7307444190,279720031,0.6285699
7311049123,279813390,0.62855035
7316737788,279786364,0.62851834
7313142733,277533333,0.6284865
7314554771,263788508,0.6284865
7307515414,277533333,0.6284865
7307407322,278717793,0.6284865
7315600738,277533333,0.6284865
7309018713,277533333,0.6284865
7306449676,277533333,0.6284865
7309382013,276579111,0.62839335
7313499029,276579111,0.62839335
7313563945,276487763,0.62839097
7313563924,276487763,0.62839097
7315295212,266564781,0.62813413
7314692010,253033613,0.6280537
7309351128,277003983,0.6278064
7313456717,277003983,0.6278064
7313283708,281440190,0.62773883
7316144125,274837776,0.62759286
7309730110,276502055,0.62742805
7312039128,280968456,0.6273321
7313968070,281621287,0.6272522
7313967761,281621287,0.6272522
7313967645,281621287,0.6272522
7306799693,281621287,0.6272522
7306799806,281621287,0.6272522
7306799897,281621287,0.6272522
7306799579,281621287,0.6272522
7315411806,279959744,0.62698394
7316251679,251669854,0.62698394
7309953294,264618545,0.62698394
7315039170,280600015,0.62698394
7309398324,281496668,0.62698394
7314554826,277250418,0.6269528
7315444674,242494801,0.6268682
7309203386,278576892,0.62677884
7310263185,275947576,0.626776
7315009609,276104753,0.62664175
7308323117,273496954,0.6266174
7307442740,244034045,0.6266051
7315699598,274552875,0.6265
7313023082,277574456,0.6264722
7303128653,253960077,0.6262646
7313518863,267070441,0.626176
7309360654,279745638,0.62607914
7307498159,276161074,0.62603605
7313142964,276161074,0.62603605
7311689449,276161074,0.62603605
7315216336,279786344,0.62597585
7304758733,262541711,0.6259173
7308378619,274234138,0.6259047
7304731667,280208709,0.62588876
7305875776,259199928,0.62582934
7302650971,259199928,0.62582934
7309503559,259199928,0.62582934
7315349175,259199928,0.62582934
7311587971,259199928,0.62582934
7308067267,277672802,0.6256283
7311514709,279895716,0.6256218
7308738702,280965823,0.625619
7311840661,280965823,0.625619
7314317627,280965823,0.625619
7305090383,280361631,0.62545913
7312305933,280361631,0.62545913
7310252073,280361631,0.62545913
7313265326,280361631,0.62545913
7302514874,280361631,0.62545913
7314738093,280361631,0.62545913
7313777106,280361631,0.62545913
7315250898,280361631,0.62545913
7308667813,280361631,0.62545913
7301617307,280361631,0.62545913
7315866684,261569323,0.6254335
7303585375,279367231,0.6253681
7310750637,279934082,0.6253325
7308276683,257110819,0.6252898
7303797830,257110819,0.6252898
7304819408,257110819,0.6252898
7313985446,280412213,0.6252885
7314468870,279529082,0.62514615
7316189398,281828620,0.62508917
7316122618,279786363,0.6250846
7314718814,274457396,0.62508285
7314718926,274457396,0.62508285
7314718864,274457396,0.62508285
7312254646,274457396,0.62508285
7312254565,274457396,0.62508285
7314718774,274457396,0.62508285
7312254609,274457396,0.62508285
7311519303,281800612,0.6250745
7315996071,280570460,0.6247622
7314979564,280403774,0.6247601
7314718534,278187378,0.62473506
7307610789,278187378,0.62473506
7307610746,278187378,0.62473506
7307610861,278187378,0.62473506
7314718416,278187378,0.62473506
7314718360,278187378,0.62473506
7314718474,278187378,0.62473506
7304411736,280600015,0.624528
7307990008,280600015,0.624528
7315030772,280600015,0.624528
7315625204,263880454,0.624402
7314072685,280973535,0.6243586
7303071362,221296561,0.62432295
7313808045,279498494,0.62417173
7306631913,279498494,0.62417173
7312950345,279498494,0.62417173
7309213227,279498494,0.62417173
7309212439,279498494,0.62417173
7310313773,279498494,0.62417173
7312950988,279498494,0.62417173
7308211624,279498494,0.62417173
7307676947,279498494,0.62417173
7306229982,279498494,0.62417173
7316654241,279237522,0.6241299
7315241775,277274398,0.6240588
7316170439,278815947,0.62394106
7308312108,279932816,0.6239408
7316799114,273510492,0.6238276
7316816174,273510492,0.6238276
7312847416,273510492,0.6238276
7314903318,273510492,0.6238276
7312819829,273510492,0.6238276
7315745977,275320037,0.62349856
7302529755,184881997,0.6233112
7315365705,274482797,0.6233112
7303584700,274482797,0.6233112
7309765350,274482797,0.6233112
7309399288,274691924,0.6233112
7307790954,274868946,0.6232431
7316193263,280820500,0.62323445
7316194999,280820500,0.62323445
7316196674,280820500,0.62323445
7311399181,279735659,0.6231346
7313429183,243607167,0.6231153
7308704348,243607167,0.6231153
7316856456,263960047,0.6230912
7315860417,238600051,0.6229786
7305856027,275856677,0.62295586
7312959614,266808444,0.622929
7307337838,266808444,0.622929
7316738431,280831746,0.6227987
7316730887,280831746,0.6227987
7316290297,280831746,0.6227987
7316272071,280831746,0.6227987
7316313994,280831746,0.6227987
7313472825,281606512,0.62275213
7307972559,281606512,0.62275213
7314719048,253647893,0.62270284
7314719012,253647893,0.62270284
7314718967,253647893,0.62270284
7314719098,253647893,0.62270284
7315869017,280124673,0.62269574
7311085955,211645956,0.6225404
7305438969,211645956,0.6225404
7316873952,211645956,0.6225404
7314879532,280124673,0.6224921
7315127055,280124673,0.6224921
7312129510,280124673,0.6224921
7310092083,280124673,0.6224638
7312007703,281606509,0.6224617
7309400354,278396972,0.6224617
7306303133,281606509,0.6224617
7312173309,267071677,0.6224547
7306482005,267071677,0.6224547
7306224953,280124673,0.62245256
7306224943,280124673,0.62245256
7303192535,280124673,0.62245256
7316146277,278630666,0.62245184
7308429903,271234145,0.6223378
7308399285,271234145,0.6223378
7308358038,271234145,0.6223378
7308201746,271234145,0.6223378
7308060206,277672802,0.622335
7308063786,277672802,0.622335
7307953898,279662886,0.6222909
7313284934,261862797,0.6222393
7311793632,279494789,0.6219583
7315414045,245748587,0.6218949
7315276678,279843753,0.6218949
7304645306,280624960,0.62179947
7312910019,280624960,0.62179947
7309833253,280624960,0.62179947
7305632195,280624960,0.62179947
7306184950,280624960,0.62179947
7302578781,280624960,0.62179947
7307817975,280624960,0.62179947
7311399487,280624960,0.62179947
7314962302,277672802,0.621791
7315322513,277672802,0.621791
7314962297,277672802,0.621791
7314964686,277672802,0.621791
7315322535,277672802,0.621791
7314963772,277672802,0.621791
7315305663,258284410,0.62172985
7314987515,279645735,0.62154984
7314646494,279645735,0.62154984
7314841399,279645735,0.62154984
7312705549,279645735,0.62154984
7312919334,279645735,0.62154984
7312872095,279645735,0.62154984
7314848173,279645735,0.62154984
7315478173,279645735,0.62154984
7314593156,279645735,0.62154984
7313821848,279645735,0.62154984
7314588728,279645735,0.62154984
7314657237,279645735,0.62154984
7315450677,279645735,0.62154984
7315403400,279645735,0.62154984
7314571087,279645735,0.62154984
7314946376,279645735,0.62154984
7312701362,279645735,0.62154984
7313922171,279645735,0.62154984
7314928134,279645735,0.62154984
7313381693,279645735,0.62154984
7314575355,279645735,0.62154984
7314847977,279645735,0.62154984
7315265773,279645735,0.62154984
7314754817,279645735,0.62154984
7314751885,279645735,0.62154984
7314516518,279645735,0.62154984
7314522008,279645735,0.62154984
7314495377,279645735,0.62154984
7314521821,279645735,0.62154984
7314542588,279645735,0.62154984
7314521817,279645735,0.62154984
7315245449,279645735,0.62154984
7314516694,279645735,0.62154984
7315276075,279645735,0.62154984
7312837938,279645735,0.62154984
7314482333,279645735,0.62154984
7314684221,279645735,0.62154984
7314684255,279645735,0.62154984
7315330129,279645735,0.62154984
7315330176,279645735,0.62154984
7315302340,279645735,0.62154984
7315336525,279645735,0.62154984
7315336474,279645735,0.62154984
7315330182,279645735,0.62154984
7315307549,279645735,0.62154984
7312958627,279645735,0.62154984
7313800391,279645735,0.62154984
7314679255,279645735,0.62154984
7315324433,279645735,0.62154984
7314675525,279645735,0.62154984
7314675521,279645735,0.62154984
7314675495,279645735,0.62154984
7307750933,278655494,0.62127787
7309203741,274606620,0.6212643
7315535020,269542661,0.62124825
7315394296,281020132,0.62121373
7306890306,275573480,0.621194
7302795325,275573480,0.621194
7312290868,273842471,0.6211707
7316843297,278716727,0.6210448
7312892023,275700377,0.6210338
7314398768,275700377,0.6210338
7312874755,275700377,0.6210338
7303885475,276010731,0.621021
7315276298,279329971,0.6210059
7307704806,258618698,0.6208912
7307668545,258618698,0.6208912
7307704953,258618698,0.6208912
7316110601,276278162,0.6208438
7311254885,276278162,0.6208438
7310749016,274367342,0.62077045
7310885524,274367342,0.62077045
7310836193,274367342,0.62077045
7317020141,281382200,0.6207324
7304110716,259839810,0.62072617
7314323121,280157599,0.62072456
7314316686,280157599,0.62072456
7310658668,279755564,0.6206087
7315277802,279329970,0.62055343
7305600788,257316737,0.6205353
7308830997,257316737,0.6205353
7311876108,281766618,0.6205323
7314276382,279626495,0.6205243
7306646704,278963219,0.62041444
7306625222,278963219,0.62041444
7309988157,278963219,0.62041444
7306251770,278963219,0.62041444
7306625038,278963219,0.62041444
7309924557,278963219,0.62041444
7306761909,278963219,0.62041444
7306787897,278963219,0.62041444
7309869175,278963219,0.62041444
7306708482,278963219,0.62041444
7309993643,278963219,0.62041444
7314862796,275841775,0.6203672
7314376638,246969943,0.6203672
7310044234,281527818,0.6203672
7310634384,279211148,0.6203672
7304759167,262373706,0.6203672
7315888464,279013182,0.6203672
7315236316,272822915,0.6203672
7306058370,277274402,0.62029445
7309278450,278788294,0.62026477
7312352865,279009008,0.6202625
7304200050,257204823,0.62005883
7316368081,257204823,0.62005883
7311990528,257204823,0.62005883
7310958549,257204823,0.62005883
7308229242,257204823,0.62005883
7314797112,257204823,0.62005883
7305699744,257204823,0.62005883
7316678220,275894083,0.62004894
7307650980,271739773,0.61989105
7316724204,280001209,0.6198796
7316677644,263056097,0.61986786
7315376304,267841556,0.61977506
7316490303,281515147,0.619738
7306054760,281554079,0.6196861
7309850094,281461400,0.6196826
7309850123,281461400,0.6196826
7315203786,281685129,0.61925375
7314462948,281559339,0.6192289
7316883522,281559339,0.6192289
7315871133,281559339,0.6192289
7313477879,281559339,0.6192289
7312455996,281559339,0.6192289
7310942750,281559339,0.6192289
7304361790,259741016,0.6192135
7304256341,259741016,0.6192135
7315645462,279655758,0.6191945
7314554906,279004711,0.6191525
7310834190,281269922,0.6188687
7314987381,280720835,0.61870164
7316589241,281080934,0.61862653
7311437578,272010674,0.6185494
7310961781,272010674,0.6185494
7311982582,279494789,0.61853313
7316967840,279494789,0.61853313
7306239894,279494789,0.61853313
7310476912,279494789,0.61853313
7313439862,279494789,0.61853313
7314367069,279494789,0.61853313
7310993849,280172034,0.6183497
7310996956,280172034,0.6183497
7310995608,280172034,0.6183497
7316780218,277394198,0.61829764
7314283206,279786363,0.6181881
7304182344,281735480,0.61815494
7316719505,278963219,0.6180703
7316859688,278963219,0.6180703
7316781852,278963219,0.6180703
7316775091,278963219,0.6180703
7316859671,278963219,0.6180703
7316666065,278963219,0.6180703
7315111902,278832492,0.61803037
7307360705,281251878,0.61793315
7302697503,274140120,0.61778456
7310289946,274140120,0.61778456
7310831379,281340347,0.61776054
7316972160,272942142,0.6177428
7314599149,276185973,0.6177428
7304177922,215001318,0.6175861
7304177927,215001318,0.6175861
7312758617,276551726,0.6175039
7314070728,278698789,0.6175039
7307441118,277383020,0.6174941
7304362934,277383020,0.6174941
7310756418,273179177,0.6174926
7305532231,273179177,0.6174926
7316109994,273179177,0.6174926
7310411550,278783842,0.61745936
7307283797,281599627,0.6172879
7313515839,280290729,0.61722624
7313510342,280290729,0.61722624
7315743294,280290729,0.61722624
7316800198,279552568,0.61722165
7306056752,279188247,0.61719114
7316114122,279188247,0.61719114
7316125087,279188247,0.61719114
7309709880,279188247,0.61719114
7303037035,279188247,0.61719114
7316117218,279188247,0.61719114
7303550255,279188247,0.61719114
7313010201,280686102,0.61715865
7311891270,257204792,0.61715865
7312786160,272676872,0.61715865
7307888965,257204792,0.61715865
7305595542,257204792,0.61715865
7316287304,257204792,0.61715865
7314497076,257204792,0.61715865
7310867103,257204792,0.61715865
7309398180,279612416,0.61715865
7310655877,281551709,0.6171293
7309839248,280423086,0.6170661
7311736851,280423086,0.6170661
7311734825,280423086,0.6170661
7309841884,280423086,0.6170661
7309842817,280423086,0.6170661
7309843586,280423086,0.6170661
7309843862,280423086,0.6170661
7311736017,280423086,0.6170661
7313105505,272352573,0.6170019
7305926267,272352573,0.6170019
7305969163,241731667,0.6169691
7311679459,241731667,0.6169691
7307146601,279721775,0.61687434
7309341900,281176846,0.6167847
7302066064,280100321,0.6167797
7313838581,279159592,0.61665475
7313065603,279420569,0.61664504
7316679432,280835460,0.61661595
7316679702,280175792,0.61661595
7314809286,279340089,0.61661595
7313141834,281606508,0.61659163
7307868288,281606508,0.61659163
7316698479,279159592,0.6165846
7309166638,277672425,0.61655957
7316814584,267080714,0.6165468
7303770360,267080714,0.6165468
7310403042,275894083,0.6165147
7304283676,280595676,0.61625636
7311865941,271234145,0.61623263
7309313028,279816179,0.61621666
7315473107,258854014,0.616172
7309314408,274959110,0.615994
7309315309,279070405,0.615994
7315752114,250128440,0.6159765
7311431745,250128440,0.6159765
7307322888,250128440,0.6159765
7313838959,250128440,0.6159765
7311295494,255168967,0.6159714
7314554794,264618545,0.61586106
7307767479,278788294,0.61585397
7312774320,278788294,0.61585397
7311844894,278788294,0.61585397
7313232193,277859395,0.61581284
7316805155,275226444,0.6156996
7303085080,277330190,0.6156383
7311339931,277330190,0.6156383
7309180999,258924926,0.61557007
7314240178,258924926,0.61557007
7304102056,258924926,0.61557007
7309274463,279070403,0.6154421
7310023857,274239808,0.61543816
7310962014,276353992,0.61535394
7309400626,263233503,0.6153406
7314495324,281396896,0.61533195
7307903863,279776829,0.61523837
7307904047,279776829,0.61523837
7307904328,279776829,0.61523837
7311654292,279776829,0.61523837
7307904198,279776829,0.61523837
7307903625,279776829,0.61523837
7307903238,279776829,0.61523837
7303170622,280412213,0.61486644
7303124409,280412213,0.61486644
7304061694,280412213,0.61486644
7304236903,280412213,0.61486644
7304140423,280412213,0.61486644
7304054678,280412213,0.61486644
7309375430,279816185,0.6148443
7316107194,266665803,0.6148052
7316107117,266665803,0.6148052
7302681426,280531572,0.61480457
7304569668,281333172,0.6147611
7304619628,281333172,0.6147611
7304646117,281333172,0.6147611
7304594961,281333172,0.6147611
7309275643,277330722,0.61472744
7311413091,280290729,0.6147232
7309882617,279867696,0.6147163
7309862307,279867696,0.6147163
7309271297,279867696,0.6147163
7310004990,279867696,0.6147163
7309250126,279867696,0.6147163
7309875807,279867696,0.6147163
7309855032,279867696,0.6147163
7309358349,279867696,0.6147163
7309434493,279867696,0.6147163
7309365356,279867696,0.6147163
7309460737,279867696,0.6147163
7309343948,279867696,0.6147163
7309834750,279867696,0.6147163
7309434478,279867696,0.6147163
7309407423,279867696,0.6147163
7309454507,279867696,0.6147163
7309473312,279867696,0.6147163
7309186748,279867696,0.6147163
7309257211,279867696,0.6147163
7309975888,279867696,0.6147163
7309146555,278416171,0.6145579
7304069733,278416171,0.6145579
7305433990,271647215,0.61455667
7306482549,271647215,0.61455667
7307515167,271647215,0.61455667
7316520183,266703815,0.6144843
7309480604,279748851,0.61443293
7310436235,280247761,0.6143859
7310436595,280247761,0.6143859
7310435825,280247761,0.6143859
7316256724,276496667,0.6142237
7303675993,280777370,0.61401397
7303818094,280777370,0.61401397
7306909148,278788294,0.6137852
7306909395,278788294,0.6137852
7306908984,278788294,0.6137852
7313585523,279565087,0.6136949
7306455899,278772198,0.61363864
7303179471,254646698,0.6135497
7312069763,273766956,0.6134875
7313254021,276472728,0.6134554
7316173500,279015655,0.6132727
7313446891,274828587,0.6131903
7313445167,274828587,0.6131903
7316453497,154201855,0.6131397
7309631144,280443494,0.6131146
7304587197,279846721,0.61309683
7309491589,280487022,0.6130258
7302781181,279617365,0.6129259
7302303250,279617365,0.6129259
7307987786,276444416,0.6127388
7304409649,276444416,0.6127388
7304430022,276444416,0.6127388
7315038199,276444416,0.6127388
7315048318,276444416,0.6127388
7316380095,252981180,0.6126862
7311309188,276570708,0.6126746
7312758319,267400692,0.6122093
7304396827,273278102,0.61216426
7304380360,273278102,0.61216426
7314863775,276795515,0.61215043
7302154257,274353300,0.6120984
7314312048,277433973,0.61193174
7313877175,277433973,0.61193174
7302834398,262727105,0.61191404
7310272886,279777826,0.61186886
7302237220,269952103,0.6116447
7311268288,279511336,0.6115876
7311339174,279511336,0.6115876
7311333465,279511336,0.6115876
7311345259,279511336,0.6115876
7311291036,279511336,0.6115876
7311357661,279511336,0.6115876
7302290741,280502358,0.6115536
7304824121,277954229,0.6111834
7302355121,277954229,0.6111834
7306034824,277954229,0.6111834
7308527508,277954229,0.6111834
7316754853,279475448,0.61109775
7316685467,279475448,0.61109775
7307643264,279010436,0.61108357
7304611580,274482333,0.6106937
7304710579,274482333,0.6106937
7304704032,274482333,0.6106937
7304703928,274482333,0.6106937
7304673527,274482333,0.6106937
7304606937,274482333,0.6106937
7316679554,281440418,0.6104906
7315091207,279077997,0.61023766
7309808138,202089801,0.61018956
7308093916,280184542,0.6101727
7315734835,280857771,0.6099193
7313411973,274658104,0.6099181
7313335837,274658104,0.6099181
7316960155,263898275,0.60971665
7305833169,278450461,0.6097014
7316464701,278450461,0.6097014
7304757564,280259371,0.609658
7308223826,281559618,0.6096167
7315722867,281306812,0.60958844
7316223182,281199381,0.60956687
7316210883,281199381,0.60956687
7316263704,281199381,0.60956687
7304757140,281186981,0.6093906
7303117642,281306812,0.60937464
7306821114,266808443,0.6093704
7312456339,266808443,0.6093704
7316376631,255403743,0.6093639
7304044891,280476917,0.60930145
7309524741,281117979,0.60912323
7316497552,278726908,0.6090928
7304880189,278726908,0.6090928
7310022055,278726908,0.6090928
7311660328,278726908,0.6090928
7313451573,280887216,0.6090461
7304330722,280887216,0.6090461
7302591407,279778225,0.6090419
7302591365,279778225,0.6090419
7313785254,277654343,0.60902584
7314537842,277654343,0.60902584
7315010334,277654343,0.60902584
7314522023,277654343,0.60902584
7313487862,277654343,0.60902584
7313488145,277654343,0.60902584
7314601757,277654343,0.60902584
7314643759,277654343,0.60902584
7312705472,277654343,0.60902584
7313800336,277654343,0.60902584
7313910060,277654343,0.60902584
7314593126,277654343,0.60902584
7314634977,277654343,0.60902584
7314605904,277654343,0.60902584
7313493943,277654343,0.60902584
7314965081,277654343,0.60902584
7314666922,277654343,0.60902584
7306241920,281374211,0.6090162
7311689111,275046345,0.60899824
7304129914,276667239,0.6089905
7315203802,281532745,0.6088802
7304641079,278818072,0.60861784
7317005062,278818072,0.60861784
7310048702,278818072,0.60861784
7316377477,278118492,0.608562
7316377410,277247268,0.6084645
7309301324,279778225,0.6084626
7308085358,279778225,0.6084626
7305438987,279778225,0.6084626
7305857811,279778225,0.6084626
7307955815,277077931,0.60833836
7307955099,277077931,0.60833836
7308776650,277077931,0.60833836
7316318005,274116855,0.6082942
7304802206,281349873,0.6081367
7304805845,281349873,0.6081367
7304804156,281349873,0.6081367
7309178391,276808575,0.6081023
7314753855,279806551,0.6080972
7315477270,279721775,0.60809463
7316154512,280624979,0.6080892
7304361850,276987207,0.6078156
7304314521,276987207,0.6078156
7304268945,276987207,0.6078156
7304288915,276987207,0.6078156
7308923224,278207953,0.60773975
7316817559,278937445,0.60767305
7310401416,279787659,0.60762
7313640533,281653747,0.60762
7301698705,276510283,0.6076177
7313743613,281623538,0.6075599
7303034112,281623538,0.6075599
7306595099,281623538,0.6075599
7313238623,281623538,0.6075599
7301965774,281623538,0.6075599
7309144045,281623538,0.6075599
7303429642,230662571,0.60731256
7307770725,275894083,0.6071267
7313471971,279778225,0.60709244
7310987012,279778225,0.60709244
7315406721,279778225,0.60709244
7312420636,279778225,0.60709244
7315806324,279778225,0.60709244
7314926107,280444077,0.6066522
7316719424,281630005,0.60657215
7316187158,281630005,0.60657215
7315313565,281501299,0.6065193
7312727545,281501299,0.6065193
7312727563,281501299,0.6065193
7314666800,281501299,0.6065193
7314482375,281501299,0.6065193
7313983138,281501299,0.6065193
7314669261,281501299,0.6065193
7314617581,281501299,0.6065193
7312744013,281501299,0.6065193
7312792878,281501299,0.6065193
7314624681,281501299,0.6065193
7314566383,281501299,0.6065193
7314522002,281501299,0.6065193
7307642701,279764281,0.60651594
7311844658,278459548,0.6064958
7311149312,279100297,0.6064921
7314818585,278906472,0.60649127
7309324994,281386020,0.6063696
7316122543,281133130,0.60629904
7315436409,258924915,0.60624707
7316883494,280412213,0.6061903
7307287018,279160026,0.6061609
7316330185,280427952,0.606152
7312767158,276611338,0.60611737
7302557740,276611338,0.60611737
7302019001,263119624,0.60597163
7303629857,266465587,0.60593706
7314122112,279399904,0.6058995
7309414012,240388447,0.6056321
7314102510,279495934,0.6054608
7311039105,262321389,0.6052985
7302710183,278764408,0.60523355
7313838052,281559465,0.6052261
7310223429,272957539,0.60462373
7310389956,272957539,0.60462373
7306923423,271344542,0.60461265
7312547028,271344542,0.60461265
7304858839,279557688,0.60449797
7307970535,279557688,0.60449797
7314997631,279557688,0.60449797
7313143505,279557688,0.60449797
7305867929,279557688,0.60449797
7315600453,279557688,0.60449797
7309966780,279557688,0.60449797
7314098060,279557688,0.60449797
7308434901,279557688,0.60449797
7316650213,281003102,0.6044712
7313251948,281003102,0.6044712
7310254958,281003102,0.6044712
7302446014,278654688,0.6044447
7308238588,278945839,0.6043652
7315954186,270770533,0.60431874
7316972566,270770533,0.60431874
7314551797,270770533,0.60431874
7314556416,270770533,0.60431874
7304067438,278391254,0.6042792
7313319688,280909589,0.60409546
7303124142,268758038,0.60407585
7303184049,268758038,0.60407585
7303110719,268758038,0.60407585
7303076531,268758038,0.60407585
7305186588,268758038,0.60407585
7303249696,268758038,0.60407585
7305600617,268758038,0.60407585
7305521688,268758038,0.60407585
7303163978,268758038,0.60407585
7312858221,277672802,0.6040688
7312805169,277672802,0.6040688
7314679231,277672802,0.6040688
7312811738,277672802,0.6040688
7304583504,272462046,0.6038327
7307170336,272462046,0.6038327
7304597795,272462046,0.6038327
7307142438,272462046,0.6038327
7304161978,274897415,0.6037995
7312751544,279650692,0.6037318
7312751110,279650692,0.6037318
7312750756,279650692,0.6037318
7314365465,250498724,0.6036798
7308778780,280625200,0.6036798
7305080531,206166289,0.6036798
7307957080,280324698,0.6036798
7304592375,206166289,0.6036798
7308777907,280324698,0.6036798
7307960125,280625200,0.6036798
7315682773,281498446,0.60357404
7301730068,281498446,0.60357404
7316377009,281270706,0.6033309
7316212010,268758038,0.6032734
7315322229,268758038,0.6032734
7316212169,268758038,0.6032734
7316212246,268758038,0.6032734
7316211909,268758038,0.6032734
7307438660,265836630,0.60324246
7307106579,277875561,0.60319704
7307336312,277875561,0.60319704
7310001209,278937445,0.6031561
7308407681,278937445,0.6031561
7316714672,279348746,0.6030132
7317017780,279934596,0.60296196
7304223466,277307139,0.60295784
7306238506,277307139,0.60295784
7315807603,281766956,0.60289866
7314597966,270815732,0.6027018
7310422385,275323746,0.60267216
7303634899,280686102,0.6026476
7303667806,280686102,0.6026476
7305075191,280741550,0.6025452
7313413943,277392398,0.6024227
7311936923,279584474,0.60217845
7306191945,280230388,0.6019637
7306211947,280230388,0.6019637
7306597507,280053942,0.6019231
7306593224,280053942,0.6019231
7306635593,280053942,0.6019231
7306615381,280053942,0.6019231
7307101476,280053942,0.6019231
7312915116,277530338,0.6018566
7316408888,277530338,0.6018566
7316352156,272979757,0.6017868
7307116099,245077875,0.6017776
7305761826,274426293,0.60167044
7305728479,274426293,0.60167044
7305625285,274426293,0.60167044
7310829902,281769980,0.6015828
7315245130,278737106,0.6013975
7310374495,276502055,0.6013279
7313110861,276640961,0.60117775
7316502280,276640961,0.60117775
7315080131,276640961,0.60117775
7315237158,206166289,0.6011283
7310245222,206166289,0.6011283
7305616701,248669827,0.60107994
7316370306,280917885,0.6010697
7313333465,276010733,0.601043
7307379981,279936804,0.6009014
7307403493,279936804,0.6009014
7303809741,263941874,0.6008481
7309277110,279412773,0.60084236
7314862931,278850246,0.60077643
7303076503,281130001,0.600714
7311261614,279499124,0.600653
7310752290,279499124,0.600653
7309146502,279499124,0.600653
7309138633,279499124,0.600653
7305266060,276184082,0.60065025
7305679748,276184082,0.60065025
7309407674,276184082,0.60065025
7305728460,276184082,0.60065025
7305226252,276184082,0.60065025
7305226232,276184082,0.60065025
7305271725,276184082,0.60065025
7306283037,276184082,0.60065025
7305820248,276184082,0.60065025
7305851402,276184082,0.60065025
7305851650,276184082,0.60065025
7305788676,276184082,0.60065025
7305700650,276184082,0.60065025
7308344909,276184082,0.60065025
7305638649,276184082,0.60065025
7306721755,276184082,0.60065025
7316403384,273641675,0.6005154
7312911833,273641675,0.6005154
7302759174,281186981,0.6004274
7313973956,264029908,0.60042715
7306302080,264029908,0.60042715
7316461662,264029908,0.60042715
7309124578,275780480,0.6004232
7306142096,275780480,0.6004232
7309210300,275780480,0.6004232
7309236425,275780480,0.6004232
7309236229,275780480,0.6004232
7309192082,275780480,0.6004232
7306120323,275780480,0.6004232
7306225417,275780480,0.6004232
7309869138,275780480,0.6004232
7309821501,275780480,0.6004232
7309868996,275780480,0.6004232
7306142052,275780480,0.6004232
7306192032,275780480,0.6004232
7309795089,275780480,0.6004232
7310271874,275780480,0.6004232
7310314092,275780480,0.6004232
7310258560,275780480,0.6004232
7309890129,275780480,0.6004232
7306120231,275780480,0.6004232
7306104520,275780480,0.6004232
7306192055,275780480,0.6004232
7306205502,275780480,0.6004232
7309162461,275780480,0.6004232
7306277299,275780480,0.6004232
7306131112,275780480,0.6004232
7311493427,273766956,0.6003485
7315321622,243607167,0.6003284
7314940300,281610352,0.6003281
7312705500,281610352,0.6003281
7314657362,281610352,0.6003281
7314635095,281610352,0.6003281
7305824921,261862797,0.60023224
7302260989,261862797,0.60023224
7307458322,279411376,0.60020465
7307460323,279411376,0.60020465
7311896329,279411376,0.60020465
7309186913,279411376,0.60020465
7316892594,279130743,0.6001045
7302031610,281404350,0.60000545
7302031604,281404350,0.60000545
7302031583,281404350,0.60000545
7301980340,281404350,0.60000545
7301987672,281404350,0.60000545
7302004876,281404350,0.60000545
7301977472,281404350,0.60000545
7302043254,281404350,0.60000545
7301975446,281404350,0.60000545
7301980412,281404350,0.60000545
7313870254,280570069,0.59979135
7306147864,281114602,0.5997416
7306091562,281114602,0.5997416
7306232193,281114602,0.5997416
7306185348,281114602,0.5997416
7306264396,281114602,0.5997416
7311548772,271209871,0.59959036
7311548942,271209871,0.59959036
7304786684,271209871,0.59959036
7304787132,271209871,0.59959036
7313094709,280716614,0.5994292
7305682366,276741353,0.5993983
7308002343,279272593,0.5993778
7316553786,275283101,0.5993303
7313461138,280961613,0.5992214
7314062503,280961613,0.5992214
7311335874,272182724,0.5992112
7316745884,272182724,0.5992112
7315321215,272182724,0.5992112
7302279426,280293218,0.59915644
7302648330,281093624,0.5990867
7315919350,280636136,0.5990029
7315868567,280636136,0.5990029
7301746260,279647085,0.5988297
7311566905,279647085,0.5988297
7315082759,279647085,0.5988297
7315861038,279647085,0.5988297
7308803214,279647085,0.5988297
7304082673,280237642,0.59872806
7304190375,280237642,0.59872806
7304050007,280237642,0.59872806
7304075254,280237642,0.59872806
7304093340,280237642,0.59872806
7304152048,280237642,0.59872806
7304597710,280237642,0.59872806
7304052539,280237642,0.59872806
7304203841,280237642,0.59872806
7304073588,280237642,0.59872806
7304082818,280237642,0.59872806
7305160235,280237642,0.59872806
7304177722,280237642,0.59872806
7304048590,280237642,0.59872806
7304223428,280237642,0.59872806
7304177892,280237642,0.59872806
7304210170,280237642,0.59872806
7305643977,277268640,0.59856653
7302786610,277268640,0.59856653
7304903292,277268640,0.59856653
7317002438,278573914,0.5985465
7315053534,278400340,0.5984955
7311284325,281582763,0.5984296
7311300320,281582763,0.5984296
7311327794,281582763,0.5984296
7311415585,281582763,0.5984296
7315330217,281582763,0.5984296
7315256014,281582763,0.5984296
7315042306,281582763,0.5984296
7315379270,281582763,0.5984296
7314976940,281582763,0.5984296
7314768883,281582763,0.5984296
7314976591,281582763,0.5984296
7314759414,281582763,0.5984296
7311316329,281582763,0.5984296
7311345041,281582763,0.5984296
7311284356,281582763,0.5984296
7307175941,281582763,0.5984296
7314737301,281582763,0.5984296
7312253425,281582763,0.5984296
7314731926,281582763,0.5984296
7311375993,281582763,0.5984296
7314835594,281582763,0.5984296
7314854334,281582763,0.5984296
7314774000,281582763,0.5984296
7314789771,281582763,0.5984296
7315467359,281582763,0.5984296
7314879183,281582763,0.5984296
7314940349,281582763,0.5984296
7314854349,281582763,0.5984296
7311322154,281582763,0.5984296
7311322227,281582763,0.5984296
7312256249,281582763,0.5984296
7314817824,281582763,0.5984296
7314774098,281582763,0.5984296
7312253422,281582763,0.5984296
7305618262,281170478,0.59828514
7309801179,281170478,0.59828514
7314294743,279959242,0.5982124
7311566480,275524213,0.5979985
7314972776,275524213,0.5979985
7311679718,258303358,0.5977353
7306820675,280588117,0.5976724
7304724437,280588117,0.5976724
7303862578,280588117,0.5976724
7314823183,281582763,0.5976534
7314800565,281582763,0.5976534
7314811939,281582763,0.5976534
7314817722,281582763,0.5976534
7310250896,281582763,0.5976534
7314829499,281582763,0.5976534
7314823300,281582763,0.5976534
7314823232,281582763,0.5976534
7316666251,281582763,0.5976534
7314946396,281582763,0.5976534
7314959284,281582763,0.5976534
7314879354,281582763,0.5976534
7314879102,281582763,0.5976534
7314873075,281582763,0.5976534
7314873107,281582763,0.5976534
7314879003,281582763,0.5976534
7314773894,281582763,0.5976534
7311832513,281582763,0.5976534
7315421798,281582763,0.5976534
7314773992,281582763,0.5976534
7314835605,281582763,0.5976534
7314835544,281582763,0.5976534
7314848017,281582763,0.5976534
7314891498,281582763,0.5976534
7314872935,281582763,0.5976534
7312386100,281582763,0.5976534
7314848050,281582763,0.5976534
7314841427,281582763,0.5976534
7316661354,281582763,0.5976534
7314789646,281582763,0.5976534
7308694494,281582763,0.5976534
7314794805,281582763,0.5976534
7314823287,281582763,0.5976534
7310250926,281582763,0.5976534
7310319872,281582763,0.5976534
7316661283,281582763,0.5976534
7310268188,281582763,0.5976534
7314774088,281582763,0.5976534
7314779551,281582763,0.5976534
7314784283,281582763,0.5976534
7314784375,281582763,0.5976534
7314759348,281582763,0.5976534
7316160231,281582763,0.5976534
7315360550,281582763,0.5976534
7315032080,281582763,0.5976534
7315010694,281582763,0.5976534
7315348314,281582763,0.5976534
7314764005,281582763,0.5976534
7314764038,281582763,0.5976534
7314965119,281582763,0.5976534
7314993398,281582763,0.5976534
7315379322,281582763,0.5976534
7311784058,281582763,0.5976534
7311787419,281582763,0.5976534
7311801039,281582763,0.5976534
7316128206,281582763,0.5976534
7315348193,281582763,0.5976534
7314764068,281582763,0.5976534
7311805616,281582763,0.5976534
7311814204,281582763,0.5976534
7315280842,281582763,0.5976534
7314759243,281582763,0.5976534
7314743062,281582763,0.5976534
7314742947,281582763,0.5976534
7314759323,281582763,0.5976534
7314740449,281582763,0.5976534
7316199493,281582763,0.5976534
7315290782,281582763,0.5976534
7314751878,281582763,0.5976534
7316224700,281582763,0.5976534
7316251075,281582763,0.5976534
7315715983,281582763,0.5976534
7315722944,281582763,0.5976534
7307765977,280588117,0.59764683
7310892706,280588117,0.59764683
7309486893,280588117,0.59764683
7315347455,278669269,0.5975859
7304429037,274072525,0.5975781
7304304101,278157829,0.59751534
7301605833,280021654,0.59751534
7312290005,274396448,0.59751534
7305102548,280021654,0.59751534
7302561674,280021654,0.59751534
7312289796,274396448,0.59751534
7316853263,278669266,0.59747535
7315408766,279358467,0.59747535
7308337671,281130001,0.59746325
7308888931,281130001,0.59746325
7308825233,281130001,0.59746325
7308323586,281130001,0.59746325
7308430136,281130001,0.59746325
7308316435,281130001,0.59746325
7308351572,281130001,0.59746325
7316462310,279615982,0.59741867
7305759246,264975559,0.5973263
7313343305,281711671,0.5972814
7313248320,281711671,0.5972814
7313884034,281711671,0.5972814
7313362321,281711671,0.5972814
7316237678,259539575,0.5972254
7316719667,275597261,0.5970334
7315756486,275597261,0.5970334
7316647701,275597261,0.5970334
7316719445,275597261,0.5970334
7316655257,275597261,0.5970334
7316768878,275597261,0.5970334
7316814757,275597261,0.5970334
7314635052,275597261,0.5970334
7307083332,275597261,0.5970334
7316853479,275597261,0.5970334
7316143052,275597261,0.5970334
7316847350,275597261,0.5970334
7316686206,275597261,0.5970334
7316218246,275597261,0.5970334
7316808230,275597261,0.5970334
7316702652,275597261,0.5970334
7316801615,275597261,0.5970334
7313794931,270030286,0.5970273
7315042268,270030286,0.5970273
7314677472,270030286,0.5970273
7314673555,270030286,0.5970273
7314885622,270030286,0.5970273
7315042294,270030286,0.5970273
7314965063,270030286,0.5970273
7313566343,278882350,0.59702605
7314579528,278882350,0.59702605
7313566316,278882350,0.59702605
7314579508,278882350,0.59702605
7314972895,266572031,0.5967459
7314972566,266572031,0.5967459
7313248732,278781319,0.59666276
7308149658,245259397,0.5965559
7306754233,245259397,0.5965559
7308149122,245259397,0.5965559
7302275800,245259397,0.5965559
7315853096,270030286,0.59653693
7316762461,270030286,0.59653693
7307342230,277385203,0.596416
7312323773,280588117,0.5963599
7314580351,280588117,0.5963599
7313879433,280588117,0.5963599
7312875172,277601774,0.5961249
7306340981,279845587,0.5959633
7310443431,279845587,0.5959633
7314045798,277882097,0.5958785
7313298033,281514177,0.59586644
7314584339,281514177,0.59586644
7317001422,280588117,0.5957849
7316775624,280588117,0.5957849
7314569408,279557688,0.59577495
7302709713,278764424,0.5957233
7305594787,278544889,0.59569466
7305666557,278544889,0.59569466
7305666531,278544889,0.59569466
7305693893,278544889,0.59569466
7305645216,278544889,0.59569466
7305686772,278544889,0.59569466
7304667607,278544889,0.59569466
7305721703,278544889,0.59569466
7304569671,278544889,0.59569466
7305832966,278544889,0.59569466
7305728413,278544889,0.59569466
7305686593,278544889,0.59569466
7305721661,278544889,0.59569466
7305666515,278544889,0.59569466
7305734851,278544889,0.59569466
7305721609,278544889,0.59569466
7305679731,278544889,0.59569466
7305735090,278544889,0.59569466
7305645019,278544889,0.59569466
7305645091,278544889,0.59569466
7305673205,278544889,0.59569466
7305644898,278544889,0.59569466
7305631768,278544889,0.59569466
7305673379,278544889,0.59569466
7305645039,278544889,0.59569466
7305686670,278544889,0.59569466
7314775023,279312283,0.59567183
7314283335,279312283,0.59567183
7314042973,279312283,0.59567183
7308819377,280753925,0.5956007
7304710786,280753925,0.5956007
7308179642,280753925,0.5956007
7315276091,277806805,0.5954854
7302545515,236192289,0.59539026
7303530932,236192289,0.59539026
7305625343,236192289,0.59539026
7301657995,236192289,0.59539026
7303243122,236192289,0.59539026
7303530936,236192289,0.59539026
7303536157,236192289,0.59539026
7303531595,236192289,0.59539026
7301707171,236192289,0.59539026
7301707264,236192289,0.59539026
7301654226,236192289,0.59539026
7301597976,236192289,0.59539026
7303011295,236192289,0.59539026
7302734332,236192289,0.59539026
7303005034,236192289,0.59539026
7304171498,236192289,0.59539026
7303600246,236192289,0.59539026
7303564891,236192289,0.59539026
7303550038,236192289,0.59539026
7302545521,236192289,0.59539026
7305658966,236192289,0.59539026
7302561710,236192289,0.59539026
7302561666,236192289,0.59539026
7303590661,236192289,0.59539026
7303564909,236192289,0.59539026
7304177760,236192289,0.59539026
7303606561,236192289,0.59539026
7303585298,236192289,0.59539026
7303622929,236192289,0.59539026
7303617470,236192289,0.59539026
7303617435,236192289,0.59539026
7303617423,236192289,0.59539026
7303642211,236192289,0.59539026
7303648478,236192289,0.59539026
7303655123,236192289,0.59539026
7303612417,236192289,0.59539026
7303606607,236192289,0.59539026
7303606784,236192289,0.59539026
7303612171,236192289,0.59539026
7304129475,236192289,0.59539026
7303622933,236192289,0.59539026
7303635015,236192289,0.59539026
7304158813,236192289,0.59539026
7303681299,236192289,0.59539026
7303634877,236192289,0.59539026
7302603071,236192289,0.59539026
7303688145,236192289,0.59539026
7303708068,236192289,0.59539026
7303701764,236192289,0.59539026
7303707996,236192289,0.59539026
7302579159,236192289,0.59539026
7302642326,236192289,0.59539026
7302603245,236192289,0.59539026
7303694820,236192289,0.59539026
7303701741,236192289,0.59539026
7303721509,236192289,0.59539026
7303740892,236192289,0.59539026
7303734766,236192289,0.59539026
7303734538,236192289,0.59539026
7301690504,236192289,0.59539026
7301640127,236192289,0.59539026
7301629909,236192289,0.59539026
7301650527,236192289,0.59539026
7301650543,236192289,0.59539026
7303679240,278764456,0.5952835
7315474311,278764456,0.5952835
7314490753,281800612,0.59521306
7310332903,276383602,0.59494466
7305369770,281606515,0.59490323
7316540706,281606515,0.59490323
7310987548,281606515,0.59490323
7302709748,280268160,0.5947613
7308220184,281570974,0.5946809
7303225940,275124182,0.5946403
7303800310,266465587,0.5945841
7303800641,266465587,0.5945841
7302501368,281106480,0.59427595
7302609444,281106480,0.59427595
7303542866,281106480,0.59427595
7303628916,281106480,0.59427595
7302596708,281106480,0.59427595
7302655152,281106480,0.59427595
7306095527,281106480,0.59427595
7303600615,281106480,0.59427595
7303642240,281106480,0.59427595
7302486589,281106480,0.59427595
7309777658,281106480,0.59427595
7302486618,281106480,0.59427595
7303681339,281106480,0.59427595
7302037623,281106480,0.59427595
7303530912,281106480,0.59427595
7306715107,281106480,0.59427595
7306091566,281106480,0.59427595
7302584527,281106480,0.59427595
7316523990,281117979,0.59423876
7316535787,281117979,0.59423876
7304384500,281117979,0.59423876
7309158163,280540365,0.59416044
7307857778,280540365,0.59416044
7302191492,281182482,0.59416044
7307361244,280661156,0.59416044
7316318970,281033456,0.59416044
7315103546,280661156,0.59416044
7303816533,280469712,0.59416044
7314240228,262053911,0.59416044
7309966407,279063484,0.59416044
7304308993,280918850,0.59416044
7304224601,274759434,0.59416044
7304308630,276995305,0.59416044
7304308859,280918850,0.59416044
7313951629,273582118,0.59416044
7310481760,279481261,0.59416044
7310798172,273582118,0.59416044
7312996010,280719659,0.59416044
7304309096,280918850,0.59416044
7303816632,280469712,0.59416044
7312996097,280719659,0.59416044
7316677816,280017711,0.59416044
7312769754,280540365,0.59416044
7313243668,276683507,0.59416044
7314534632,280661156,0.59416044
7304126588,280540365,0.59416044
7311350263,273582118,0.59416044
7304308431,281182482,0.59416044
7310364259,274759434,0.59416044
7305974581,280017711,0.59416044
7315009618,280462681,0.59416044
7314992782,279063484,0.59416044
7316177960,280583291,0.59390837
7303034187,279446192,0.5937413
7302490789,279446192,0.5937413
7302882845,275984108,0.5937156
7309121928,280888374,0.5936974
7302590062,279025073,0.5936764
7316684901,276640961,0.5936187
7308148417,279911478,0.5934687
7309216623,272862222,0.5934212
7315889256,275915064,0.5932223
7316962613,275915064,0.5932223
7315330126,275915064,0.5932223
7316884182,275915064,0.5932223
7316707859,275915064,0.5932223
7315467153,275915064,0.5932223
7315456190,275915064,0.5932223
7308715944,278887195,0.59320784
7308392682,278887195,0.59320784
7316257362,280652182,0.59319264
7316717036,275142935,0.59311163
7302448514,275142935,0.59311163
7302448403,275142935,0.59311163
7316717651,275142935,0.59311163
7316716722,275142935,0.59311163
7302448284,275142935,0.59311163
7315066710,280576303,0.5931007
7307278926,265771957,0.59308773
7307239406,265771957,0.59308773
7307285905,265771957,0.59308773
7306715087,265771957,0.59308773
7307266135,265771957,0.59308773
7308276603,278324818,0.59304667
7306482151,278324818,0.59304667
7308069133,278324818,0.59304667
7301897483,278324818,0.59304667
7302220747,278324818,0.59304667
7306825878,274769940,0.59302837
7306715183,274769940,0.59302837
7305820238,274769940,0.59302837
7305795547,274769940,0.59302837
7305795425,274769940,0.59302837
7308825377,280424770,0.5926696
7308842993,280424770,0.5926696
7308859763,280424770,0.5926696
7308179647,280424770,0.5926696
7308221912,280424770,0.5926696
7308267898,280424770,0.5926696
7308268199,280424770,0.5926696
7308295292,280424770,0.5926696
7308309645,280424770,0.5926696
7308894475,280424770,0.5926696
7308819655,280424770,0.5926696
7316167065,280224950,0.5925631
7315000076,278605082,0.5924955
7310949363,277806805,0.5924926
7314711471,276558035,0.59230936
7307600057,276558035,0.59230936
7313273745,276558035,0.59230936
7314752173,276558035,0.59230936
7307153681,276558035,0.59230936
7303535630,276558035,0.59230936
7314733743,276558035,0.59230936
7314729794,276558035,0.59230936
7307622883,276558035,0.59230936
7311908902,281254531,0.59225804
7310546154,281741344,0.5919891
7311344914,281582763,0.59192157
7311338910,281582763,0.59192157
7308871462,281582763,0.59192157
7311290947,281582763,0.59192157
7308883206,281582763,0.59192157
7311327606,281582763,0.59192157
7310376592,281582763,0.59192157
7314915890,281582763,0.59192157
7311268246,281582763,0.59192157
7310383242,281582763,0.59192157
7311284237,281582763,0.59192157
7311375882,281582763,0.59192157
7311269312,281582763,0.59192157
7308796851,281582763,0.59192157
7308036137,281582763,0.59192157
7308900330,281582763,0.59192157
7311442326,281582763,0.59192157
7307212767,281582763,0.59192157
7308043294,281582763,0.59192157
7308779832,281582763,0.59192157
7308802303,281582763,0.59192157
7311272920,281582763,0.59192157
7311388855,281582763,0.59192157
7315276178,281582763,0.59192157
7307278829,281582763,0.59192157
7311428787,281582763,0.59192157
7311250828,281582763,0.59192157
7307292258,281582763,0.59192157
7310422268,281582763,0.59192157
7311351216,281582763,0.59192157
7314891590,281582763,0.59192157
7311327705,281582763,0.59192157
7311300149,281582763,0.59192157
7311316237,281582763,0.59192157
7314854444,281582763,0.59192157
7308267924,281582763,0.59192157
7311295439,281582763,0.59192157
7308900190,281582763,0.59192157
7316716227,265434759,0.5918359
7309773182,276479391,0.59177834
7316868079,276479391,0.59177834
7302599510,276479391,0.59177834
7313341516,276479391,0.59177834
7306103036,276479391,0.59177834
7306909659,278400340,0.59170544
7306910037,278400340,0.59170544
7306909876,278400340,0.59170544
7302080658,280278202,0.59164494
7305745418,269000290,0.59150636
7313062423,276502920,0.59145445
7307515563,276502920,0.59145445
7308074379,247467009,0.59130186
7305233584,274658104,0.5910817
7314943576,278480569,0.5910574
7311431549,270677520,0.59100467
7311843232,281859418,0.5909499
7310982467,276494211,0.5909289
7310982492,276494211,0.5909289
7313602903,276494211,0.5909289
7313605145,276494211,0.5909289
7316342709,275204514,0.59091187
7316150852,277793573,0.5907927
7304190533,280130568,0.5907525
7310975955,280630068,0.5905734
7315709610,266564781,0.5904411
7316496703,280278274,0.5902697
7311399893,281384182,0.5902462
7315366618,259707714,0.59014374
7306770780,277829492,0.59008574
7313105176,277829492,0.59008574
7305689471,277406873,0.59004354
7316251055,280959100,0.59004307
7316182500,280959100,0.59004307
7310867871,280946505,0.5898366
7314318165,271234145,0.5898096
7315365819,281434146,0.5898043
7315365616,281434146,0.5898043
7314387334,281434146,0.5898043
7316250511,281434146,0.5898043
7316228620,281434146,0.5898043
7313559090,281354134,0.58980197
7313559111,281354134,0.58980197
7310973759,281354134,0.58980197
7310973728,281354134,0.58980197
7303616230,279412773,0.5897896
7314392655,281741344,0.5897846
7315154081,279089043,0.5896976
7315611666,279089043,0.5896976
7311652866,279089043,0.5896976
7308001100,279089043,0.5896976
7316685736,281106480,0.58955306
7316524182,279267547,0.5892613
7316282284,280742147,0.589072
7316254649,280742147,0.589072
7316790543,280742147,0.589072
7316282453,280742147,0.589072
7316219145,280742147,0.589072
7306295789,279735659,0.58904445
7307252479,279735659,0.58904445
7303843614,278275041,0.5890318
7314426844,249568690,0.58859617
7312374030,279471997,0.5885833
7304846385,275236845,0.5884974
7315694517,280511318,0.5884507
7315693325,280511318,0.5884507
7310310400,278814564,0.5884507
7315778104,280511318,0.5884507
7316239544,280511318,0.5884507
7316429598,280511318,0.5884507
7314042416,223515229,0.5884507
7310014141,278902528,0.58844554
7309758661,279237527,0.58838654
7305423766,279167512,0.5882416
7312173565,279167512,0.5882416
7313118971,279167512,0.5882416
7307526617,279167512,0.5882416
7316473816,279167512,0.5882416
7310174586,267046834,0.588225
7310167113,267046834,0.588225
7304373844,278788072,0.5878772
7304363725,278788072,0.5878772
7314542619,278389940,0.5878178
7314638049,278389940,0.5878178
7317049903,234096634,0.58777785
7311502511,234096634,0.58777785
7305783217,234096634,0.58777785
7309485412,268308875,0.58758825
7309490965,268308875,0.58758825
7307628412,276329175,0.5870914
7307632689,276329175,0.5870914
7307614037,276329175,0.5870914
7307624137,276329175,0.5870914
7308411896,281491096,0.58707225
7310326152,271135559,0.5869499
7310281194,271135559,0.5869499
7310350833,271135559,0.5869499
7310308109,271135559,0.5869499
7310314018,271135559,0.5869499
7310434849,271135559,0.5869499
7310326021,271135559,0.5869499
7310253812,271135559,0.5869499
7310319863,271135559,0.5869499
7315413991,270315518,0.5869098
7302529468,281187135,0.5868713
7311040095,278995992,0.58685803
7307664435,250983497,0.58645535
7316788165,274837602,0.586365
7313885683,274837602,0.586365
7311522001,278504774,0.58614093
7311496252,278504774,0.58614093
7310586846,278504774,0.58614093
7304339852,278504774,0.58614093
7311080333,278504774,0.5861286
7311508414,278504774,0.5861286
7310599759,278504774,0.5861286
7315280899,260629634,0.5860799
7303052746,280562184,0.5860549
7303087618,280562184,0.5860549
7303292464,280562184,0.5860549
7303249800,280562184,0.5860549
7303262445,280562184,0.5860549
7303286428,280562184,0.5860549
7303262433,280562184,0.5860549
7303196863,280562184,0.5860549
7303304670,280562184,0.5860549
7315712779,276329175,0.5859282
7312771147,276329175,0.5859282
7312736436,276329175,0.5859282
7312742615,276329175,0.5859282
7314754301,276329175,0.5859282
7314972267,279159535,0.5852339
7314972388,279159535,0.5852339
7308888847,272062375,0.5846446
7308859939,272062375,0.5846446
7308859905,272062375,0.5846446
7308894492,272062375,0.5846446
7308836603,272062375,0.5846446
7308894538,272062375,0.5846446
7308672623,272062375,0.5846446
7308651377,272062375,0.5846446
7308921891,272062375,0.5846446
7308648889,272062375,0.5846446
7308854166,272062375,0.5846446
7308859897,272062375,0.5846446
7308819727,272062375,0.5846446
7308900303,272062375,0.5846446
7308900662,272062375,0.5846446
7310803233,280137907,0.58457685
7313243598,280137907,0.58457685
7313595196,280412930,0.58441836
7313592221,280412930,0.58441836
7313589957,280412930,0.58441836
7306670082,280896560,0.584377
7307112408,280896560,0.584377
7307154141,280896560,0.584377
7307232728,280896560,0.584377
7306629918,280896560,0.584377
7306597379,280896560,0.584377
7314949618,281111066,0.58403903
7314941471,281111066,0.58403903
7315030909,279122811,0.58401537
7316037784,279122811,0.58401537
7308976885,279122811,0.58401537
7307973173,279122811,0.58401537
7314041388,279122811,0.58401537
7308499139,279122811,0.58401537
7305913856,279122811,0.58401537
7316352136,280133500,0.5836224
7305618225,281489351,0.583442
7311935646,279554547,0.5834199
7311409390,279554547,0.5834199
7314946254,279554547,0.5834199
7311915627,279554547,0.5834199
7311474766,279554547,0.5834199
7311469009,279554547,0.5834199
7314940429,279554547,0.5834199
7314928037,279554547,0.5834199
7311980456,279554547,0.5834199
7311395712,279554547,0.5834199
7314940528,279554547,0.5834199
7314940350,279554547,0.5834199
7311468977,279554547,0.5834199
7311364053,279554547,0.5834199
7311468969,279554547,0.5834199
7311878004,279554547,0.5834199
7311488062,279554547,0.5834199
7311415815,279554547,0.5834199
7311530418,279554547,0.5834199
7311902607,279554547,0.5834199
7311357664,279554547,0.5834199
7311357639,279554547,0.5834199
7314903775,279554547,0.5834199
7314872942,279554547,0.5834199
7314885385,279554547,0.5834199
7314873027,279554547,0.5834199
7314903862,279554547,0.5834199
7314940470,279554547,0.5834199
7311369839,279554547,0.5834199
7311843233,279554547,0.5834199
7313511299,279554547,0.5834199
7313763401,279554547,0.5834199
7312337678,279554547,0.5834199
7312260681,279554547,0.5834199
7314779557,279554547,0.5834199
7314768931,279554547,0.5834199
7312408975,279554547,0.5834199
7312252515,279554547,0.5834199
7312342828,279554547,0.5834199
7312358482,279554547,0.5834199
7312323239,279554547,0.5834199
7312318257,279554547,0.5834199
7312328224,279554547,0.5834199
7312333084,279554547,0.5834199
7312817798,279554547,0.5834199
7314800471,279554547,0.5834199
7314854388,279554547,0.5834199
7312912614,279554547,0.5834199
7314829399,279554547,0.5834199
7314823345,279554547,0.5834199
7314841618,279554547,0.5834199
7314841558,279554547,0.5834199
7312337586,279554547,0.5834199
7312342873,279554547,0.5834199
7314740509,279554547,0.5834199
7312322985,279554547,0.5834199
7305353138,281599012,0.5833573
7310850345,281599012,0.5833573
7311011907,281599012,0.5833573
7316924768,276250908,0.5830491
7313985010,278564900,0.5826173
7309352015,281730062,0.58256227
7303203019,281730062,0.58256227
7310415665,281730062,0.58256227
7313878495,281730062,0.58256227
7314325543,281730062,0.58256227
7304223810,281730062,0.58256227
7303211877,281730062,0.58256227
7311333011,281730062,0.58256227
7309292665,281730062,0.58256227
7315306834,281730062,0.58256227
7306760199,281730062,0.58256227
7302163866,281730062,0.58256227
7311889558,281730062,0.58256227
7307794701,281730062,0.58256227
7303048227,281446551,0.58238924
7303034092,281446551,0.58238924
7316788294,277157192,0.5821823
7312290480,276283894,0.582042
7304396130,264029908,0.5813419
7314973044,264029908,0.5813419
7306911963,264029908,0.5813419
7311289499,264029908,0.5813419
7313645558,281372234,0.5811358
7306701440,274959569,0.58086973
7305532176,274959569,0.58086973
7308648909,274959569,0.58086973
7314365271,273015494,0.5808656
7313821194,273015494,0.5808656
7312414631,278887195,0.5807121
7312283181,278887195,0.5807121
7312460485,278887195,0.5807121
7312397256,278887195,0.5807121
7312466336,278887195,0.5807121
7312375107,278887195,0.5807121
7314743007,278887195,0.5807121
7312256168,278887195,0.5807121
7312347631,278887195,0.5807121
7312397224,278887195,0.5807121
7312402618,278887195,0.5807121
7312425973,278887195,0.5807121
7312460585,278887195,0.5807121
7312466112,278887195,0.5807121
7312460369,278887195,0.5807121
7302590217,279911995,0.5807056
7315370341,277631199,0.5805019
7312781421,279582218,0.5804876
7313401269,278887195,0.58044463
7316973626,281372234,0.580364
7314677464,273591298,0.58024776
7303797302,280648621,0.58024305
7303274677,280654029,0.5797149
7302115635,277715991,0.5792969
7302217429,277715991,0.5792969
7302273288,277715991,0.5792969
7302217669,277715991,0.5792969
7311770021,281035152,0.5789599
7302572998,276682542,0.5789289
7305117538,276682542,0.5789289
7305135256,276682542,0.5789289
7315716686,279867696,0.57885736
7308268140,281372234,0.57871747
7316993905,259253135,0.57867587
7303966909,259253135,0.57867587
7315009589,279015048,0.57828444
7310997869,276611903,0.5780962
7314304371,274613336,0.5778165
7316397219,280768548,0.577395
7301952155,279494326,0.57733506
7307207098,246724033,0.5771527
7311980187,276141773,0.57705635
7303837258,265361437,0.5768847
7303557333,280512509,0.5767042
7307880431,280345923,0.5766699
7315884256,280887216,0.5762903
7314059134,276632230,0.5762751
7310291652,280792703,0.57623565
7313762475,280694931,0.5761116
7311834982,264557716,0.57586825
7307258708,257204813,0.57586825
7311446237,257204813,0.57586825
7316369574,279479906,0.57586825
7314268026,280262655,0.57586825
7314267956,280262651,0.57586825
7308478653,257204813,0.57586825
7302229749,279479906,0.57586825
7315295522,276541943,0.57586825
7315300037,257204813,0.57586825
7312937431,257204813,0.57586825
7311985973,276541943,0.57586825
7309238828,279479906,0.57586825
7316922265,280262655,0.57586825
7316906967,280262651,0.57586825
7304743100,257204813,0.57586825
7315741996,273641675,0.5758424
7315372092,280887143,0.57583004
7313888331,280887143,0.57583004
7316707439,247765283,0.5758174
7316705164,247765283,0.5758174
7313973150,270851951,0.57576525
7309966036,270851951,0.57576525
7303562365,280512509,0.57566243
7301972386,280171972,0.57559186
7311261833,280171972,0.57559186
7313740624,280171972,0.57559186
7304056613,280171972,0.57559186
7307111126,280171972,0.57559186
7315227001,280171972,0.57559186
7307909161,277419454,0.57552445
7315296311,277715991,0.5755004
7312878946,277715991,0.5755004
7312758693,277715991,0.5755004
7301617441,280661958,0.57549614
7308209668,279463072,0.57547796
7311823668,279463072,0.57547796
7315096054,276711449,0.5753284
7305675515,276711449,0.5753284
7313602883,280733946,0.5753087
7313605128,280733946,0.5753087
7316661299,278724411,0.5750184
7309777455,280648621,0.57488745
7316719038,273237949,0.5747711
7311848298,275869057,0.57476836
7316940863,267157769,0.5747379
7310829661,279155213,0.5746965
7316847457,279155213,0.5746965
7314666825,279155213,0.5746965
7310878485,279155213,0.5746965
7310865778,279155213,0.5746965
7308848515,276776527,0.57461756
7308883238,276776527,0.57461756
7308648922,276776527,0.57461756
7316719163,278993645,0.5745165
7314330679,280165077,0.5744074
7314330240,280165077,0.5744074
7314330680,280165077,0.5744074
7316162779,277943011,0.57425255
7316694587,277943011,0.57425255
7316211521,277636637,0.5740158
7316260392,277636637,0.5740158
7316277388,277636637,0.5740158
7314666879,270030286,0.573962
7314675546,270030286,0.573962
7313235388,270030286,0.573962
7313298032,270030286,0.573962
7316259892,279937619,0.57391804
7312295207,278018080,0.5738402
7310714719,280834659,0.57382387
7308937391,267157769,0.57373315
7305786952,280740476,0.5735892
7301609081,278300575,0.5735516
7301654120,278300575,0.5735516
7302556307,278300575,0.5735516
7301611263,278300575,0.5735516
7302540571,278300575,0.5735516
7309166276,278300575,0.5735516
7309243413,278300575,0.5735516
7309197700,278300575,0.5735516
7309166506,278300575,0.5735516
7309152817,278300575,0.5735516
7309160905,278300575,0.5735516
7309161079,278300575,0.5735516
7316181415,281734276,0.57351375
7306630058,281035152,0.5734707
7311537206,273518181,0.5734637
7311537304,273518181,0.5734637
7311537453,273518181,0.5734637
7311537562,273518181,0.5734637
7311982185,265811239,0.57344717
7310585278,280733946,0.57330406
7310585295,280733946,0.57330406
7310763865,232271704,0.5731805
7306078259,232271704,0.5731805
7312865396,210337305,0.5731805
7314958470,276156528,0.5730655
7310562402,270962739,0.5727546
7310557460,270962739,0.5727546
7313482272,263340989,0.5727418
7310977424,281517231,0.57262164
7316670218,275139507,0.572606
7313432607,275139507,0.572606
7309817934,275139507,0.572606
7305575617,275139507,0.572606
7316866130,276902670,0.5723041
7307800339,279735659,0.5721642
7313492038,278823482,0.57177603
7313491224,278823482,0.57177603
7313489949,278823482,0.57177603
7313489472,278823482,0.57177603
7313490646,278823482,0.57177603
7308208279,281772184,0.57144046
7307939395,269536954,0.5713911
7313801553,281348397,0.57129854
7303286072,281396490,0.57123536
7303283338,281396490,0.57123536
7307858963,278295100,0.57122934
7310333061,271231907,0.5711683
7309473408,279884479,0.5711162
7311065181,279884479,0.5711162
7307418741,279884479,0.5711162
7311065126,279884479,0.5711162
7311054782,279884479,0.5711162
7306907145,279884479,0.5711162
7310549228,279884479,0.5711162
7307673763,279884479,0.5711162
7310491295,279884479,0.5711162
7310565318,279884479,0.5711162
7306825888,279884479,0.5711162
7311107261,280697596,0.5709231
7311139537,280697596,0.5709231
7310622032,281348397,0.57075566
7316506321,263714082,0.5705496
7307360811,263714082,0.5705496
7305758661,279731112,0.5702822
7305758086,274396023,0.5702822
7314849046,279617249,0.57024777
7316199814,278422068,0.5702348
7315278116,251799160,0.5701776
7309897046,275886527,0.57010686
7306573861,232271704,0.57003987
7306587046,232271704,0.57003987
7307090545,232271704,0.57003987
7315594504,279749113,0.56981164
7316831551,278988606,0.56969124
7302286966,278988606,0.56969124
7309671559,281187135,0.56951463
7309143587,279091021,0.5691686
7307784467,281425636,0.56912553
7311938956,281143096,0.5690526
7311290868,267822143,0.5689458
7314307360,276711449,0.568844
7314307359,276711449,0.568844
7309932214,278780020,0.5687327
7307655866,280531547,0.56849396
7310048776,279884479,0.5683443
7315760607,253920124,0.56827956
7313427248,277026410,0.56827193
7314874034,280315557,0.5682247
7309191843,274759434,0.56821764
7311945594,278098458,0.5679188
7306535087,281551813,0.5678165
7316380068,275626428,0.5677906
7308158433,281356633,0.5675414
7309480092,268499315,0.5672926
7315071257,280073255,0.5672889
7315767218,278899762,0.56725615
7314768732,278899762,0.56725615
7313298285,278899762,0.5672361
7310800584,279735659,0.5672088
7302781805,279617366,0.5670881
7302303870,279617366,0.5670881
7311935525,280451555,0.56700486
7313349205,280451555,0.56700486
7313349184,280451555,0.56700486
7313349138,280451555,0.56700486
7313349047,280451555,0.56700486
7313349045,280451555,0.56700486
7313355755,280451555,0.56700486
7313349033,280451555,0.56700486
7313325260,280451555,0.56700486
7311878084,280451555,0.56700486
7313343490,280451555,0.56700486
7313349228,280451555,0.56700486
7313355970,280451555,0.56700486
7313355937,280451555,0.56700486
7313355911,280451555,0.56700486
7313388018,280451555,0.56700486
7313387991,280451555,0.56700486
7313387985,280451555,0.56700486
7313355772,280451555,0.56700486
7313387951,280451555,0.56700486
7311878304,280451555,0.56700486
7313319708,280451555,0.56700486
7313319649,280451555,0.56700486
7313235450,280451555,0.56700486
7313235473,280451555,0.56700486
7313237218,280451555,0.56700486
7313237219,280451555,0.56700486
7313237244,280451555,0.56700486
7313355881,280451555,0.56700486
7311773177,280451555,0.56700486
7311771910,280451555,0.56700486
7311770006,280451555,0.56700486
7311768653,280451555,0.56700486
7313349305,280451555,0.56700486
7311767818,280451555,0.56700486
7313237267,280451555,0.56700486
7313237311,280451555,0.56700486
7313239137,280451555,0.56700486
7311878040,280451555,0.56700486
7313336957,280451555,0.56700486
7313336871,280451555,0.56700486
7313355675,280451555,0.56700486
7313336979,280451555,0.56700486
7313349297,280451555,0.56700486
7313362397,280451555,0.56700486
7313362396,280451555,0.56700486
7311768633,280451555,0.56700486
7311986578,280451555,0.56700486
7311948543,280451555,0.56700486
7311954756,280451555,0.56700486
7311954781,280451555,0.56700486
7311961016,280451555,0.56700486
7311980290,280451555,0.56700486
7311980397,280451555,0.56700486
7311992909,280451555,0.56700486
7313401179,280451555,0.56700486
7314829480,280451555,0.56700486
7314817727,280451555,0.56700486
7313368613,280451555,0.56700486
7313407429,280451555,0.56700486
7313407478,280451555,0.56700486
7313381808,280451555,0.56700486
7313381847,280451555,0.56700486
7313432306,280451555,0.56700486
7313387924,280451555,0.56700486
7314687308,280451555,0.56700486
7313487865,280451555,0.56700486
7313482205,280451555,0.56700486
7313481982,280451555,0.56700486
7311980537,280451555,0.56700486
7314638068,280451555,0.56700486
7313401145,280451555,0.56700486
7313355730,280451555,0.56700486
7313355719,280451555,0.56700486
7313355703,280451555,0.56700486
7313337044,280451555,0.56700486
7313368582,280451555,0.56700486
7313368564,280451555,0.56700486
7313362562,280451555,0.56700486
7313401142,280451555,0.56700486
7313401038,280451555,0.56700486
7313401007,280451555,0.56700486
7313394610,280451555,0.56700486
7313239157,280451555,0.56700486
7313362227,280451555,0.56700486
7313362226,280451555,0.56700486
7313362220,280451555,0.56700486
7313349024,280451555,0.56700486
7311915630,280451555,0.56700486
7313375190,280451555,0.56700486
7313375141,280451555,0.56700486
7311915749,280451555,0.56700486
7313394505,280451555,0.56700486
7313388026,280451555,0.56700486
7314677559,280451555,0.56700486
7311948316,280451555,0.56700486
7313362338,280451555,0.56700486
7311837822,280451555,0.56700486
7311832575,280451555,0.56700486
7311832549,280451555,0.56700486
7311832535,280451555,0.56700486
7311854394,280451555,0.56700486
7311848600,280451555,0.56700486
7311866022,280451555,0.56700486
7313251658,280451555,0.56700486
7313251637,280451555,0.56700486
7311822796,280451555,0.56700486
7311822708,280451555,0.56700486
7311822687,280451555,0.56700486
7313337105,280451555,0.56700486
7313319546,280451555,0.56700486
7313313746,280451555,0.56700486
7313313745,280451555,0.56700486
7313308566,280451555,0.56700486
7313308483,280451555,0.56700486
7313336845,280451555,0.56700486
7313331297,280451555,0.56700486
7313331289,280451555,0.56700486
7313331281,280451555,0.56700486
7311843032,280451555,0.56700486
7313266964,280451555,0.56700486
7313325398,280451555,0.56700486
7313319603,280451555,0.56700486
7313259010,280451555,0.56700486
7313251670,280451555,0.56700486
7313251665,280451555,0.56700486
7311883886,280451555,0.56700486
7311883868,280451555,0.56700486
7311878351,280451555,0.56700486
7313251546,280451555,0.56700486
7313287017,280451555,0.56700486
7313282331,280451555,0.56700486
7313282307,280451555,0.56700486
7313278734,280451555,0.56700486
7313241382,280451555,0.56700486
7311854428,280451555,0.56700486
7311902685,280451555,0.56700486
7311889870,280451555,0.56700486
7311848540,280451555,0.56700486
7311848534,280451555,0.56700486
7311843321,280451555,0.56700486
7311843128,280451555,0.56700486
7311843054,280451555,0.56700486
7313248709,280451555,0.56700486
7313248584,280451555,0.56700486
7313319824,280451555,0.56700486
7311865944,280451555,0.56700486
7311854566,280451555,0.56700486
7311860157,280451555,0.56700486
7313243656,280451555,0.56700486
7313243729,280451555,0.56700486
7313331251,280451555,0.56700486
7311773268,280451555,0.56700486
7311767769,280451555,0.56700486
7313241276,280451555,0.56700486
7311800840,280451555,0.56700486
7311795110,280451555,0.56700486
7311795090,280451555,0.56700486
7311795047,280451555,0.56700486
7311818174,280451555,0.56700486
7311814162,280451555,0.56700486
7313268508,280451555,0.56700486
7311814110,280451555,0.56700486
7313241325,280451555,0.56700486
7313325188,280451555,0.56700486
7313343418,280451555,0.56700486
7313343410,280451555,0.56700486
7313343381,280451555,0.56700486
7313349229,280451555,0.56700486
7313343364,280451555,0.56700486
7313343257,280451555,0.56700486
7313337129,280451555,0.56700486
7313337063,280451555,0.56700486
7313337051,280451555,0.56700486
7311814131,280451555,0.56700486
7313268484,280451555,0.56700486
7311842936,280451555,0.56700486
7311837914,280451555,0.56700486
7311837862,280451555,0.56700486
7311837853,280451555,0.56700486
7311813983,280451555,0.56700486
7311805732,280451555,0.56700486
7311805596,280451555,0.56700486
7311805519,280451555,0.56700486
7311827877,280451555,0.56700486
7311827783,280451555,0.56700486
7311827753,280451555,0.56700486
7313439318,280451555,0.56700486
7311822886,280451555,0.56700486
7313394562,280451555,0.56700486
7313394515,280451555,0.56700486
7313426422,280451555,0.56700486
7313426311,280451555,0.56700486
7313420074,280451555,0.56700486
7311871968,280451555,0.56700486
7311872097,280451555,0.56700486
7311877837,280451555,0.56700486
7313445169,280451555,0.56700486
7313440330,280451555,0.56700486
7313439399,280451555,0.56700486
7311827722,280451555,0.56700486
7311406128,280609996,0.566737
7304656659,280609996,0.566737
7305732280,280609996,0.566737
7313774628,280609996,0.566737
7316913073,280609996,0.566737
7316716068,280609996,0.566737
7302001471,273220127,0.5666307
7315528304,273220127,0.5666307
7316828459,273220127,0.5666307
7304592952,281356633,0.566576
7314510487,280474122,0.56650615
7304123619,280493488,0.5665019
7302129115,280493488,0.5665019
7302590676,280493488,0.5665019
7312444700,281000885,0.56642115
7311569762,281000885,0.56642115
7308684912,281000885,0.56642115
7304171869,281000885,0.56642115
7305773436,281000885,0.56642115
7305770008,281000885,0.56642115
7312990666,281000885,0.56642115
7315497418,281772184,0.5663141
7315528564,279524097,0.5660245
7316829687,279524097,0.5660245
7302001936,279524097,0.5660245
7305085269,277249561,0.56569433
7310769304,277249561,0.56569433
7315377611,279146260,0.5656906
7309716792,278794157,0.56526273
7310847810,278794157,0.56526273
7310872326,278794157,0.56526273
7310872206,278794157,0.56526273
7310859883,278794157,0.56526273
7313771258,278794157,0.56526273
7316949260,278921494,0.56444746
7305117521,266641158,0.56381524
7312386026,256531181,0.56360406
7312318485,256531181,0.56360406
7312363982,256531181,0.56360406
7312358385,256531181,0.56360406
7312420063,256531181,0.56360406
7312375263,256531181,0.56360406
7306631771,278868738,0.561923
7309731236,276028727,0.5617238
7306125674,276028727,0.5617238
7306277250,276028727,0.5617238
7306185517,276028727,0.5617238
7306192066,276028727,0.5617238
7305808148,276028727,0.5617238
7306100189,276028727,0.5617238
7309841516,276028727,0.5617238
7305820414,276028727,0.5617238
7312824457,276028727,0.5617238
7311915745,280001209,0.5612154
7311921876,280001209,0.5612154
7311960992,280001209,0.5612154
7311842987,280001209,0.5612154
7311889865,280001209,0.5612154
7311948321,280001209,0.5612154
7309999472,280001209,0.5612154
7311992690,280001209,0.5612154
7314299221,279668701,0.56032574
7309969773,256544916,0.5601429
7309951088,256544916,0.5601429
7309491575,256544916,0.5601429
7309969920,256544916,0.5601429
7309957302,256544916,0.5601429
7311445942,271275621,0.55943877
7315028911,271275621,0.55943877
7302010577,271275621,0.55943877
7303319094,271275621,0.55943877
7305769809,271275621,0.55943877
7311604480,271275621,0.55943877
7303793480,279673520,0.55906403
7311065185,278838697,0.55896986
7317022345,278838697,0.55896986
7304356303,252226820,0.5588559
7308148445,278661669,0.55828583
7302655166,276413832,0.5581188
7302746799,276413832,0.5581188
7302721698,276413832,0.5581188
7302701591,276413832,0.5581188
7302537515,276413832,0.5581188
7302707955,276413832,0.5581188
7311827828,281361425,0.5580309
7311854385,281361425,0.5580309
7311865948,281361425,0.5580309
7312858180,281361425,0.5580309
7312912667,281361425,0.5580309
7312775064,281361425,0.5580309
7312837977,281361425,0.5580309
7312727438,281361425,0.5580309
7313578805,276952265,0.55778116
7314890158,276952265,0.55778116
7308264637,276952265,0.55778116
7315530357,276952265,0.55778116
7313880440,276952265,0.55778116
7305585305,276952265,0.55778116
7316504197,276952265,0.55778116
7311484779,276952265,0.55778116
7314365719,281772184,0.55745506
7302972312,278283590,0.5570196
7316709180,278283590,0.5570196
7315416852,260629634,0.5558634
7313820959,277718223,0.5536967
7313830736,277718223,0.5536967
7313241292,281072486,0.55322737
7310898988,279732199,0.5527312
7313152964,281722257,0.5519201
7313146525,281722257,0.5519201
7305917561,259854101,0.55173796
7316318403,278453038,0.55102533
7312961713,271548661,0.5510141
7314669377,279557688,0.5507437
7314488920,279557688,0.5507437
7309868836,279557688,0.5507437
7313241330,279557688,0.5507437
7310351300,279557688,0.5507437
7310390010,279557688,0.5507437
7309722630,279557688,0.5507437
7310905342,279557688,0.5507437
7306301982,279557688,0.5507437
7309322326,267296284,0.5497497
7301657954,281379924,0.5486242
7312140990,277135010,0.5483169
7317016981,277135010,0.5483169
7315780439,281361425,0.54760003
7316707913,281361425,0.54760003
7307913136,273239482,0.5464916
7307909043,273239482,0.5464916
7309869228,280073996,0.5460687
7309835004,280073996,0.5460687
7310769550,280073996,0.5460687
7309777662,280073996,0.5460687
7310271985,280073996,0.5460687
7310358082,280073996,0.5460687
7310409651,280073996,0.5460687
7309876131,280073996,0.5460687
7309229785,280073996,0.5460687
7309250249,280073996,0.5460687
7309351232,280073996,0.5460687
7309855111,280073996,0.5460687
7310272062,280073996,0.5460687
7309351298,280073996,0.5460687
7309766088,280073996,0.5460687
7309308227,280073996,0.5460687
7310813501,278669269,0.54363346
7316173193,278669269,0.54363346
7304616762,278669269,0.54363346
7310841764,278669269,0.54363346
7316113181,278669269,0.54363346
7309176102,278669269,0.54363346
7311785560,278669269,0.54363346
7316135434,278669269,0.54363346
7316635145,278669269,0.54363346
7310881507,265947114,0.540619
7316789105,279968392,0.5394799
7315021158,275308828,0.5394657
7316778901,269836327,0.5377293
7305266086,280493488,0.537336
7306708362,280493488,0.537336
7306701809,280493488,0.537336
7306695182,280493488,0.537336
7306657906,280493488,0.537336
7306625153,280493488,0.537336
7306295726,280493488,0.537336
7304744016,280493488,0.537336
7304724096,280493488,0.537336
7304757163,280493488,0.537336
7304757118,280493488,0.537336
7304691653,280493488,0.537336
7304645903,280493488,0.537336
7304611600,280493488,0.537336
7304710783,280493488,0.537336
7304717359,280493488,0.537336
7304697563,280493488,0.537336
7306142132,280493488,0.537336
7306683035,280493488,0.537336
7304667609,280493488,0.537336
7304630955,280493488,0.537336
7304667550,280493488,0.537336
7304704063,280493488,0.537336
7306695179,280493488,0.537336
7306715202,280493488,0.537336
7306734682,280493488,0.537336
7306728379,280493488,0.537336
7306768443,280493488,0.537336
7306728348,280493488,0.537336
7306728292,280493488,0.537336
7306819386,280493488,0.537336
7306807126,280493488,0.537336
7312905538,276821093,0.53704673
7309900771,276821093,0.53704673
7313999592,279023480,0.53658456
7313994231,279023480,0.53658456
7316197594,279735659,0.5354456
7310911480,276972006,0.5353921
7307224044,281581601,0.533761
7307223955,281581601,0.533761
7307186161,281581601,0.533761
7315010386,267651836,0.5322392
7315009739,267651836,0.5322392
7303034095,278422068,0.5320328
7310714662,265490099,0.53092647
7317000185,262817745,0.5306077
7315726986,276741353,0.52991045
7315726945,272712582,0.5294025
7313939101,227385312,0.5291648
7312885844,278422068,0.5275953
7301605520,273388555,0.5271903
7315931431,281375012,0.52648497
7315894230,276741353,0.5260933
7316483366,276741353,0.5260933
7316469462,276741353,0.5260933
7316775280,276741353,0.5260933
7316422372,276741353,0.5260933
7316478940,276741353,0.5260933
7316416409,276741353,0.5260933
7315904349,276741353,0.5260933
7316478665,272712582,0.5260177
7316411061,272712582,0.5260177
7316483409,272712582,0.5260177
7316487960,272712582,0.5260177
7316487963,272712582,0.5260177
7316459464,272712582,0.5260177
7316454723,272712582,0.5260177
7316464794,272712582,0.5260177
7316483287,272712582,0.5260177
7316459477,272712582,0.5260177
7316459690,272712582,0.5260177
7304343949,273760785,0.5251378
7310810766,273760785,0.5251378
7301813067,273662919,0.5250176
7315599468,273662919,0.5250176
7312184532,273662919,0.5250176
7314035993,273662919,0.5250176
7311658885,273662919,0.5250176
7316157713,279039916,0.52426285
7314580133,279039916,0.52426285
7315607138,279847060,0.52325386
7315724408,279847060,0.52325386
7304083565,265947114,0.52123785
7302052149,279735659,0.52042377
7315284950,272480128,0.51907253
7312283102,276711449,0.51729244
7312391817,276711449,0.51729244
7312449242,276711449,0.51729244
7313415358,280961613,0.51711535
7316385947,281527829,0.5168653
7312799182,276741353,0.5166581
7307239455,276741353,0.5166581
7312792594,276741353,0.5166581
7312715347,281072486,0.5151398
7315873752,277316704,0.51479334
7302025798,256544916,0.5143267
7302025836,256544916,0.5143267
7305559977,256544916,0.5143267
7305594822,256544916,0.5143267
7302009630,256544916,0.5143267
7302009590,256544916,0.5143267
7302004814,256544916,0.5143267
7302004794,256544916,0.5143267
7302004783,256544916,0.5143267
7302004768,256544916,0.5143267
7302004728,256544916,0.5143267
7305573099,256544916,0.5143267
7305564065,256544916,0.5143267
7305594860,256544916,0.5143267
7305594857,256544916,0.5143267
7306095616,256544916,0.5143267
7302043454,256544916,0.5143267
7302043399,256544916,0.5143267
7305583766,256544916,0.5143267
7305583831,256544916,0.5143267
7305589255,256544916,0.5143267
7305589257,256544916,0.5143267
7305594947,256544916,0.5143267
7305600434,256544916,0.5143267
7305618608,256544916,0.5143267
7302014903,256544916,0.5143267
7302020585,256544916,0.5143267
7302025796,256544916,0.5143267
7305632041,256544916,0.5143267
7306599041,256544916,0.5143267
7306576973,256544916,0.5143267
7302037582,256544916,0.5143267
7302037561,256544916,0.5143267
7301977497,256544916,0.5143267
7301975580,256544916,0.5143267
7301975503,256544916,0.5143267
7301962110,256544916,0.5143267
7304597669,256544916,0.5143267
7301975466,256544916,0.5143267
7301975497,256544916,0.5143267
7304646020,256544916,0.5143267
7305073879,256544916,0.5143267
7304594990,256544916,0.5143267
7305197635,256544916,0.5143267
7305113259,256544916,0.5143267
7305096040,256544916,0.5143267
7305103106,256544916,0.5143267
7301984754,256544916,0.5143267
7301980404,256544916,0.5143267
7306597425,256544916,0.5143267
7301987590,256544916,0.5143267
7305109377,256544916,0.5143267
7305107057,256544916,0.5143267
7305107182,256544916,0.5143267
7305568361,256544916,0.5143267
7306125958,256544916,0.5143267
7305559990,256544916,0.5143267
7305551411,256544916,0.5143267
7302014829,256544916,0.5143267
7305545644,256544916,0.5143267
7305551236,256544916,0.5143267
7305578516,256544916,0.5143267
7305573210,256544916,0.5143267
7302014890,256544916,0.5143267
7302009668,256544916,0.5143267
7305560038,256544916,0.5143267
7305583550,256544916,0.5143267
7305573182,256544916,0.5143267
7305573115,256544916,0.5143267
7302025844,256544916,0.5143267
7305121840,256544916,0.5143267
7305131007,256544916,0.5143267
7305117705,256544916,0.5143267
7305117791,256544916,0.5143267
7301991567,256544916,0.5143267
7305514333,256544916,0.5143267
7305539498,256544916,0.5143267
7305539550,256544916,0.5143267
7301996151,256544916,0.5143267
7301991656,256544916,0.5143267
7305186758,256544916,0.5143267
7302000126,256544916,0.5143267
7302000046,256544916,0.5143267
7302000018,256544916,0.5143267
7305149908,256544916,0.5143267
7305090661,256544916,0.5143267
7305117704,256544916,0.5143267
7305113366,256544916,0.5143267
7301999995,256544916,0.5143267
7301999996,256544916,0.5143267
7305545461,256544916,0.5143267
7301996194,256544916,0.5143267
7305545346,256544916,0.5143267
7305542198,256544916,0.5143267
7305545565,256544916,0.5143267
7305545495,256544916,0.5143267
7305545608,256544916,0.5143267
7305542282,256544916,0.5143267
7305085249,256544916,0.5143267
7305085265,256544916,0.5143267
7301955492,256544916,0.5143267
7305087695,256544916,0.5143267
7305083063,256544916,0.5143267
7305085202,256544916,0.5143267
7305085174,256544916,0.5143267
7305085304,256544916,0.5143267
7301987699,256544916,0.5143267
7305073846,256544916,0.5143267
7305087808,256544916,0.5143267
7301980418,256544916,0.5143267
7301984639,256544916,0.5143267
7301984577,256544916,0.5143267
7301984648,256544916,0.5143267
7301984661,256544916,0.5143267
7305090518,256544916,0.5143267
7305109418,256544916,0.5143267
7305087673,256544916,0.5143267
7303686509,280298806,0.51346534
7303686548,280298806,0.51346534
7304142951,265947114,0.5132995
7311296229,265947114,0.51252
7313763304,267073280,0.5117973
7303772380,280269686,0.51178074
7303782110,280269686,0.51178074
7303891642,280269686,0.51178074
7310049129,280269686,0.51178074
7303899269,280269686,0.51178074
7313789662,275127681,0.5111213
7313782610,275127681,0.5111213
7303565899,233573831,0.51104033
7313792979,280298806,0.50805885
7307224005,280298806,0.5076071
7313824341,280443494,0.5073455
7307942028,247708582,0.5057734
7307942070,247708582,0.5057734
7307942217,247708582,0.5057734
7307942121,247708582,0.5057734
7313279527,281205654,0.5055439
7310964211,244147252,0.50383997
7310964526,244147252,0.50383997
7312369946,273694986,0.50266325
7311766862,273694986,0.50266325
7311773190,273694986,0.50266325
7312408912,273694986,0.50266325
7311793374,273694986,0.50266325
7312305340,273694986,0.50266325
7311848387,273694986,0.50266325
7311877998,273694986,0.50266325
7311848607,273694986,0.50266325
7311908942,273694986,0.50266325
7311999249,273694986,0.50266325
7312005103,273694986,0.50266325
7312017591,273694986,0.50266325
7312023177,273694986,0.50266325
7313763368,273694986,0.50266325
7311767771,273694986,0.50266325
7311915751,273694986,0.50266325
7303043572,265947114,0.5025052
7310992039,281293875,0.5008261
7316184905,280844813,0.50070816
7306708497,276821093,0.5005367
7306708474,276821093,0.5005367
