craig_id,us_cars_id,score
7316636148,280769369,0.9961148
7311257669,280769369,0.9961148
7316631749,280769369,0.9961148
7304056646,280769369,0.9961148
7304067677,280769369,0.9961148
7310246655,280769369,0.9961148
7307278252,280016965,0.9960814
7313897954,281562147,0.99607784
7315757909,280712760,0.9955165
7314706551,280630348,0.9926355
7314710557,264691105,0.9926355
7314710575,226589923,0.9926355
7314710588,264691105,0.9926355
7311245258,281618409,0.9926355
7311245358,279808352,0.9926355
7316158609,279901918,0.9926355
7316158619,272220724,0.9926355
7309830946,281007806,0.9926355
7309840948,280633346,0.9926355
7309841091,281007806,0.9926355
7313724488,278814564,0.9926355
7310350801,279663288,0.9926355
7310353703,280443427,0.9926355
7310967627,281520346,0.9926355
7310970767,281582750,0.9926355
7309830799,280633346,0.9926355
7302791693,279566504,0.9926355
7302820791,280028569,0.9926355
7306596820,281653643,0.9926355
7306602999,276569479,0.9926355
7306605639,276278162,0.9926355
7306616206,276496667,0.9926355
7306631124,226589923,0.9926355
7313506797,257046272,0.9926355
7313507443,281582750,0.9926355
7314693909,279808352,0.9926355
7306682743,278727623,0.9926355
7306686879,281093410,0.9926355
7306686999,281671931,0.9926355
7316216166,273244658,0.9926355
7302901848,278564940,0.9926355
7304804013,281582750,0.9926355
7314724555,280570830,0.9926355
7314724748,274435502,0.9926355
7314693059,278958123,0.9926355
7313545880,280197459,0.9926355
7316152397,276496667,0.9926355
7307288567,275669825,0.9926355
7316158237,279502374,0.9926355
7316158560,240991014,0.9926355
7303085245,277330190,0.9926355
7303110357,281553994,0.9926355
7310970792,257204788,0.9926355
7310976398,257204788,0.9926355
7310329891,277109055,0.9926355
7316181253,259894263,0.9926355
7313781242,279502374,0.9926355
7316116464,275440362,0.9926355
7313809517,278911665,0.9926355
7313815082,279663288,0.9926355
7313818913,278727623,0.9926355
7313820974,281553994,0.9926355
7311328729,278990193,0.9926355
7311329060,275608357,0.9926355
7311329168,281648620,0.9926355
7310329963,277109053,0.9926355
7306579201,281228877,0.9926355
7306595914,281653648,0.9926355
7316355229,280884847,0.9926355
7313791552,280404226,0.9926355
7313764542,276558036,0.9926355
7313767015,274683347,0.9926355
7306358646,280851649,0.9926355
7313757893,280083205,0.9926355
7313763501,271498680,0.9926355
7316138259,240383581,0.9926355
7313739581,226589923,0.9926355
7313741327,261255823,0.9926355
7313741657,270479167,0.9926355
7313757787,264691105,0.9926355
7303037172,275904056,0.9926355
7313778360,280172046,0.9926355
7313778382,278242973,0.9926355
7313779121,281460742,0.9926355
7313780422,218785365,0.9926355
7306566243,281228876,0.9926355
7307112485,280769366,0.9926355
7307113234,281653647,0.9926355
7316329954,280444394,0.9926355
7316336300,262985619,0.9926355
7316264455,279161175,0.9926355
7316274271,279161175,0.9926355
7302658797,278479587,0.9926355
7307127871,264691105,0.9926355
7302782517,261232237,0.9926355
7307132332,278479587,0.9926355
7307141068,280444394,0.9926355
7302771423,278716945,0.9926355
7307112786,281653647,0.9926355
7313354047,276959341,0.9926355
7313354504,276328217,0.9926355
7307082390,264691105,0.9926355
7316239942,280633304,0.9926355
7310929990,279554039,0.9926355
7307131730,265085682,0.9926355
7313323544,277109053,0.9926355
7309756657,279691196,0.9926355
7313303323,274081444,0.9926355
7307150521,275941569,0.9926355
7307113115,281653648,0.9926355
7316328720,280444394,0.9926355
7313288550,280404226,0.9926355
7313294318,265085682,0.9926355
7304639307,272441442,0.9926355
7307103207,226589923,0.9926355
7314805641,281553994,0.9926355
7314808341,277109055,0.9926355
7314767471,281033456,0.9926355
7304704650,280851649,0.9926355
7314748314,279524370,0.9926355
7304758191,257204802,0.9926355
7313323494,277109055,0.9926355
7304758434,275669825,0.9926355
7310283208,279041704,0.9926355
7304641570,278911665,0.9926355
7306795469,271149061,0.9926355
7313374775,279646005,0.9926355
7313374907,278197232,0.9926355
7313375027,280886605,0.9926355
7313375216,280261480,0.9926355
7307082435,226589923,0.9926355
7313356454,278433667,0.9926355
7307141307,280444394,0.9926355
7316383059,275841307,0.9926355
7310930449,280835433,0.9926355
7310948938,281072780,0.9926355
7306719930,277613653,0.9926355
7313415987,266480024,0.9926355
7306719961,277069050,0.9926355
7313384263,274503740,0.9926355
7316234141,271093227,0.9926355
7316237073,257624671,0.9926355
7316239331,276278162,0.9926355
7316239741,280633307,0.9926355
7313357407,280910266,0.9926355
7310945928,262985619,0.9926355
7313323643,279550254,0.9926355
7313323684,280228047,0.9926355
7307090496,264691105,0.9926355
7307101571,258924918,0.9926355
7314764957,267923073,0.9926355
7314766974,272206816,0.9926355
7314724807,280570828,0.9926355
7315329748,278621460,0.9926355
7313374628,276592342,0.9926355
7315338685,276997229,0.9926355
7303817077,280472590,0.9926355
7303817124,277722065,0.9926355
7303817159,274747145,0.9926355
7303826116,273770635,0.9926355
7314736454,270479167,0.9926355
7314718117,264691105,0.9926355
7313406819,269744580,0.9926355
7313374504,273640773,0.9926355
7315335781,223959557,0.9926355
7315755715,278416171,0.9926355
7305617935,270671471,0.9926355
7305617948,270671471,0.9926355
7305618046,270671471,0.9926355
7305618153,270671471,0.9926355
7314272408,229410038,0.9926355
7314274173,278573060,0.9926355
7305619053,277939909,0.9926355
7305619093,277939909,0.9926355
7311344660,281553994,0.9926355
7305619424,277939909,0.9926355
7315716834,276569381,0.9926355
7303591668,165521206,0.9926355
7303593817,250983529,0.9926355
7315717877,277107148,0.9926355
7315717890,242273882,0.9926355
7314299208,260012084,0.9926355
7314314922,281357577,0.9926355
7305587493,281228876,0.9926355
7305619108,277939909,0.9926355
7314419435,260064015,0.9926355
7314419664,275383949,0.9926355
7305520254,276558036,0.9926355
7305527850,280404226,0.9926355
7314384875,281005420,0.9926355
7305560260,280847375,0.9926355
7314386683,259894263,0.9926355
7315570032,279211152,0.9926355
7303675377,265759435,0.9926355
7303571670,276569479,0.9926355
7305620091,277939909,0.9926355
7305620096,277939909,0.9926355
7314249290,280083205,0.9926355
7314252299,205683655,0.9926355
7314258346,279968382,0.9926355
7314235339,281228876,0.9926355
7314237918,281228876,0.9926355
7315726364,278416169,0.9926355
7303559794,275904056,0.9926355
7305619501,277939909,0.9926355
7309190449,281033456,0.9926355
7301729329,279405509,0.9926355
7316884666,276328217,0.9926355
7304198678,281073110,0.9926355
7309279198,223959557,0.9926355
7314323156,281357577,0.9926355
7305575294,218785365,0.9926355
7305577123,276569381,0.9926355
7315693401,280511323,0.9926355
7305587894,280847375,0.9926355
7315520235,281416677,0.9926355
7315531565,278416174,0.9926355
7305579626,242273882,0.9926355
7314284398,226589923,0.9926355
7314286563,226589923,0.9926355
7310778906,279968382,0.9926355
7316925232,280851649,0.9926355
7310779006,280511688,0.9926355
7310788636,276554631,0.9926355
7315702154,280511688,0.9926355
7311272092,206203253,0.9926355
7309924108,268601117,0.9926355
7309924305,273640773,0.9926355
7309924489,276592342,0.9926355
7309924687,279646005,0.9926355
7309924860,278197232,0.9926355
7309925009,280886605,0.9926355
7309925200,280261480,0.9926355
7314259189,279968381,0.9926355
7311800226,279968381,0.9926355
7310810593,260588516,0.9926355
7311149270,279100300,0.9926355
7310200546,278400329,0.9926355
7304151579,281553994,0.9926355
7304159753,280472590,0.9926355
7304160032,277722065,0.9926355
7304160072,274747145,0.9926355
7310221074,278814564,0.9926355
7310248111,281654367,0.9926355
7310714815,280834656,0.9926355
7311006949,260012066,0.9926355
7314692212,219411553,0.9926355
7314692575,280468573,0.9926355
7314692741,213604970,0.9926355
7314692818,281618409,0.9926355
7305112412,277107148,0.9926355
7303305233,271149061,0.9926355
7306047909,280630348,0.9926355
7306058855,280847375,0.9926355
7306064004,270479167,0.9926355
7314437161,266948205,0.9926355
7313859952,279903537,0.9926355
7313858217,223959557,0.9926355
7313858333,265759435,0.9926355
7306070378,281228876,0.9926355
7306074009,275904056,0.9926355
7306075421,280171977,0.9926355
7306079002,276012227,0.9926355
7306079815,281228877,0.9926355
7303223637,273933114,0.9926355
7306067824,272758372,0.9926355
7311340104,277330190,0.9926355
7313246150,204097061,0.9926355
7313791713,276558036,0.9926355
7310330112,279550254,0.9926355
7310330175,280228047,0.9926355
7310986087,265759435,0.9926355
7311289449,277977720,0.9926355
7311293312,280847375,0.9926355
7311306552,276139687,0.9926355
7314640678,279211152,0.9926355
7316127690,275904056,0.9926355
7316128600,280633307,0.9926355
7316128687,280633304,0.9926355
7316129189,280511323,0.9926355
7316132333,280769366,0.9926355
7316109166,278911665,0.9926355
7316115130,275904056,0.9926355
7316116328,280570829,0.9926355
7311261386,243093046,0.9926355
7311306600,269035014,0.9926355
7311261529,219045100,0.9926355
7311261631,254335905,0.9926355
7311261664,263101927,0.9926355
7311269234,254977730,0.9926355
7305449967,199832497,0.9926355
7305515157,278814564,0.9926355
7314237996,281228876,0.9926355
7305618174,270671471,0.9926355
7305618457,270671471,0.9926355
7303249027,278541947,0.9926355
7305618548,270671471,0.9926355
7305618982,277939909,0.9926355
7314223982,280404226,0.9926355
7314069279,279505657,0.9926355
7305684166,262985619,0.9926355
7314022316,280712748,0.9926355
7315893618,278832491,0.9926355
7315776332,280511323,0.9926355
7315825679,278726694,0.9926355
7305618479,270671471,0.9926355
7313896071,256616221,0.9926355
7313899231,241786454,0.9926355
7305838821,276554631,0.9926355
7313878180,260237004,0.9926355
7315911355,281528759,0.9926355
7315925693,278832492,0.9926355
7303268102,273684171,0.9926355
7303303715,261232237,0.9926355
7314529305,262985619,0.9926355
7311261431,280208467,0.9926355
7314499563,281582750,0.9926355
7305715631,257204788,0.9926355
7305756077,271149061,0.9926355
7313926270,281518388,0.9926355
7315954815,281005420,0.9926355
7315954912,279505657,0.9926355
7314467590,280717166,0.9926355
7305266672,271149061,0.9926355
7305293522,277581703,0.9926355
7305309583,276809661,0.9926355
7305131377,274081444,0.9926355
7310658259,276866465,0.9926355
7310668204,278156963,0.9926355
7310714688,279598962,0.9926355
7310714753,280834660,0.9926355
7308324715,281708623,0.9926355
7312290437,279691196,0.9926355
7312309301,276486896,0.9926355
7312309715,276372458,0.9926355
7312309951,274455457,0.9926355
7307272836,257204802,0.9926355
7312266178,272758372,0.9926355
7312277765,278450461,0.9926355
7316677590,276554631,0.9926355
7316677783,263085817,0.9926355
7316677947,266494524,0.9926355
7316678354,273062026,0.9926355
7316678498,277649084,0.9926355
7316678622,278888573,0.9926355
7315242161,281172318,0.9926355
7312262504,258924918,0.9926355
7316691190,278416169,0.9926355
7311527279,278158637,0.9926355
7311539045,279407177,0.9926355
7308720618,280630348,0.9926355
7301981032,270479167,0.9926355
7316731641,278416171,0.9926355
7316736658,281208222,0.9926355
7316745706,281208222,0.9926355
7308736623,277109055,0.9926355
7308699943,280596460,0.9926355
7308736791,279550254,0.9926355
7316678886,279502130,0.9926355
7316679046,280160541,0.9926355
7312278163,274683347,0.9926355
7312003322,257204788,0.9926355
7308500795,281005420,0.9926355
7308500950,279505657,0.9926355
7312042392,257046272,0.9926355
7311973103,262985619,0.9926355
7308736657,277109053,0.9926355
7308316830,281654367,0.9926355
7310875492,223959557,0.9926355
7311461549,279905078,0.9926355
7311461595,277616817,0.9926355
7311482783,276496667,0.9926355
7312714154,280171977,0.9926355
7308241860,257204788,0.9926355
7312715230,280021643,0.9926355
7312717647,280171977,0.9926355
7314958114,260012066,0.9926355
7312722387,257871815,0.9926355
7312722423,243923616,0.9926355
7302055096,281553994,0.9926355
7316646825,277412138,0.9926355
7302097669,270671471,0.9926355
7308201182,280917900,0.9926355
7312731710,281134612,0.9926355
7312731775,280571416,0.9926355
7312748396,280444490,0.9926355
7312717774,280769366,0.9926355
7304361580,279794803,0.9926355
7304398124,279161175,0.9926355
7304398283,279161175,0.9926355
7310155216,281208222,0.9926355
7311149940,249066161,0.9926355
7311175733,274133110,0.9926355
7314888092,279063484,0.9926355
7314888227,278551712,0.9926355
7304091433,280769366,0.9926355
7316666986,280568687,0.9926355
7316648171,241872260,0.9926355
7316649513,281600503,0.9926355
7311485990,257204802,0.9926355
7309368535,273245637,0.9926355
7312353723,223959557,0.9926355
7316679163,280835463,0.9926355
7316679299,280835461,0.9926355
7316679835,279638382,0.9926355
7316659166,206203253,0.9926355
7315270456,280084176,0.9926355
7316943492,280633304,0.9926355
7316901553,278832491,0.9926355
7301715355,278480942,0.9926355
7301722010,278480944,0.9926355
7317043717,275795004,0.9926355
7316890343,276959341,0.9926355
7316892685,259894263,0.9926355
7301778046,261232237,0.9926355
7301786547,281528759,0.9926355
7310714784,280834658,0.9926355
7301965816,281228877,0.9926355
7309139097,241872260,0.9926355
7311835068,271137662,0.9926355
7311818634,265759435,0.9926355
7311801067,281207710,0.9926355
7316834085,274878711,0.9926355
7316850346,279635404,0.9926355
7316862831,278416174,0.9926355
7301872991,278156963,0.9926355
7316801043,260012084,0.9926355
7316887807,278433667,0.9926355
7310798510,281600503,0.9926355
7310798411,277412138,0.9926355
7315047194,281271825,0.9926355
7301722199,279100309,0.9926355
7310818698,260012062,0.9926355
7310820709,276570621,0.9926355
7310772579,280404226,0.9926355
7301627339,218785365,0.9926355
7316938685,278832492,0.9926355
7316971401,269204694,0.9926355
7316971682,278030265,0.9926355
7316971923,281387254,0.9926355
7316972147,279785729,0.9926355
7316972156,278739525,0.9926355
7304185000,262985619,0.9926355
7316821453,278726694,0.9926355
7309218343,279572918,0.9926355
7309240445,257204802,0.9926355
7304213982,257204788,0.9926355
7315004051,266948205,0.9926355
7304108123,279502374,0.9926355
7304111090,272206816,0.9926355
7304111722,281033456,0.9926355
7315237103,278911665,0.9926355
7308736843,280228047,0.9926355
7308794947,280625200,0.9926355
7311892318,279968381,0.9926355
7311842273,281527846,0.9926355
7301889887,280697654,0.9926355
7311856172,277109055,0.9926355
7311856263,277109053,0.9926355
7316757438,280633304,0.9926355
7316757615,280511688,0.9926355
7316758253,280633307,0.9926355
7316758828,277977720,0.9926355
7316764700,240005847,0.9926355
7311856412,279550254,0.9926355
7311856524,280228047,0.9926355
7311843303,278831658,0.9926355
7308860573,281528759,0.9926355
7311835440,274064716,0.9926355
7311835511,277466487,0.9926355
7311835576,257204801,0.9926355
7311835847,278911665,0.9926355
7308906843,257046272,0.9926355
7308935794,281546835,0.9926355
7311838769,277537444,0.9926355
7310714849,280834655,0.9926355
7315001501,278990193,0.9926355
7310755174,276558036,0.9926355
7310855725,265759435,0.9926355
7316794322,280084176,0.9926355
7310250638,280171977,0.9926355
7310075140,281528759,0.9926355
7315024205,281468632,0.9926355
7315005501,280851649,0.9926355
7315009371,260012084,0.9926355
7314989351,257046272,0.9926355
7304347740,271149061,0.9926355
7310735654,280630348,0.9926355
7302254451,273770635,0.9926355
7302254714,273527939,0.9926355
7316430324,280511323,0.9926355
7316433452,279663288,0.9926355
7309717565,278911665,0.9926355
7309740570,279524370,0.9926355
7309755587,218785365,0.9926355
7309535065,281092720,0.9926355
7309535253,278242346,0.9926355
7312749785,264691105,0.9926355
7307631363,281653647,0.9926355
7307631497,281653643,0.9926355
7307631633,281653648,0.9926355
7307631753,281653643,0.9926355
7310516596,257046272,0.9926355
7313063507,277936292,0.9926355
7313094100,278058834,0.9926355
7313105887,280697654,0.9926355
7307442374,274930639,0.9926355
7307614042,270479167,0.9926355
7312926818,186268815,0.9926355
7314829090,240005847,0.9926355
7304612517,276558036,0.9926355
7304612725,280404226,0.9926355
7304628118,165521206,0.9926355
7311175745,277084411,0.9926355
7311175816,274133110,0.9926355
7315286099,281654367,0.9926355
7304051687,280769366,0.9926355
7316476028,273246346,0.9926355
7310045313,278495721,0.9926355
7307642301,281207710,0.9926355
7307642408,278450461,0.9926355
7309711089,275904056,0.9926355
7311403194,271633276,0.9926355
7312978726,257204802,0.9926355
7307667376,281173519,0.9926355
7307703731,281553994,0.9926355
7316475637,279868141,0.9926355
7304069937,241872260,0.9926355
7313230894,281228877,0.9926355
7313241112,205606456,0.9926355
7307363431,280208629,0.9926355
7307375653,257046272,0.9926355
7316399794,278564940,0.9926355
7302521166,261547867,0.9926355
7302529919,191615993,0.9926355
7313124829,279211152,0.9926355
7307408643,276278162,0.9926355
7309717527,226589923,0.9926355
7313264036,279968381,0.9926355
7307230300,272644305,0.9926355
7313273877,278911665,0.9926355
7313261585,276558036,0.9926355
7311399253,265759435,0.9926355
7313252783,280083205,0.9926355
7313253577,280083205,0.9926355
7313253831,279903537,0.9926355
7315598752,267230049,0.9926355
7313263088,276278162,0.9926355
7316466710,271490247,0.9926355
7316429144,280633307,0.9926355
7316429313,280511323,0.9926355
7316429782,280633304,0.9926355
7316430129,280633307,0.9926355
7302498057,270479167,0.9926355
7311175830,277084411,0.9926355
7311244959,278958123,0.9926355
7311245116,280468573,0.9926355
7313230849,281228877,0.9926355
7314808517,280228047,0.9926355
7303952981,275004953,0.9926355
7303953024,271548661,0.9926355
7315325391,257204802,0.9926355
7315329735,279635034,0.9926355
7314811458,257204788,0.9926355
7304639204,280404226,0.9926355
7302552170,260588464,0.9926355
7307340729,279444428,0.9926355
7314808440,279550254,0.9926355
7304581030,272441442,0.9926355
7304585586,241872260,0.9926355
7314909505,277616817,0.9926355
7314842685,270028973,0.9926355
7314856073,275574834,0.9926355
7314860346,271633276,0.9926355
7304592548,272441442,0.9926355
7304593787,276558036,0.9926355
7304603966,278911665,0.9926355
7302192798,271149061,0.9926355
7310263757,276569479,0.9926355
7310266059,279524370,0.9926355
7304087625,277915961,0.9926355
7304091277,280769366,0.9926355
7302098149,270671471,0.9926355
7302098932,270671471,0.9926355
7302099298,270671471,0.9926355
7302099628,270671471,0.9926355
7316628203,270479167,0.9926355
7310254989,241872260,0.9926355
7308204282,281173516,0.9926355
7312725946,279903537,0.9926355
7312726318,279903537,0.9926355
7308217706,262985619,0.9926355
7316636067,275904056,0.9926355
7316641501,241872260,0.9926355
7302074788,257624671,0.9926355
7312759920,281228876,0.9926355
7312765436,280769366,0.9926355
7302097525,270671471,0.9926355
7312770951,280769366,0.9926355
7311432038,277751019,0.9926355
7309469193,280851649,0.9926355
7308161594,278911665,0.9926355
7308161601,281228876,0.9926355
7312758052,250983529,0.9926355
7308182908,274683347,0.9926355
7302096971,270671471,0.9926355
7302097411,270671471,0.9926355
7312765553,280769366,0.9926355
7307853339,270671471,0.9926355
7307853362,278063147,0.9926355
7307853548,277939909,0.9926355
7312875196,277014680,0.9926355
7311431192,281331260,0.9926355
7312840116,280851649,0.9926355
7307927850,279636415,0.9926355
7302099897,278063147,0.9926355
7302099923,278063147,0.9926355
7302100249,278063147,0.9926355
7302130453,275669825,0.9926355
7310504620,278727623,0.9926355
7307745025,223959557,0.9926355
7307796820,272762744,0.9926355
7312902071,277667287,0.9926355
7307845602,270671471,0.9926355
7307845773,278063147,0.9926355
7307846452,277939909,0.9926355
7312918566,281553994,0.9926355
7302099994,278063147,0.9926355
7302100346,278063147,0.9926355
7302100488,278063147,0.9926355
7302100586,278063147,0.9926355
7302100739,278063147,0.9926355
7302101295,277939909,0.9926355
7302101786,277939909,0.9926355
7302102276,277939909,0.9926355
7302102295,277939909,0.9926355
7310892254,260237004,0.9926355
7302103092,277939909,0.9926355
7307948729,275384339,0.9926355
7312803376,270546938,0.9926355
7308143477,280847375,0.9926355
7312781590,281648625,0.9926355
7312791199,279663288,0.9926355
7312798194,259992885,0.9926355
7308033528,278158637,0.9926355
7302102716,277939909,0.9926355
7302102729,277939909,0.9926355
7302103082,277939909,0.9926355
7307948279,274392490,0.9926355
7314693101,280767375,0.9926353
7311245207,280767375,0.9926353
7304030322,280767375,0.9926353
7307441588,278279133,0.99263525
7303952945,276883945,0.9926352
7309275955,238600051,0.9926351
7315280079,277628758,0.99263495
7315568093,277628758,0.99263495
7314575066,277628758,0.99263495
7309474531,277628758,0.99263495
7309187187,277628758,0.99263495
7316830788,277628758,0.99263495
7316742992,281800612,0.99263495
7310565320,244616539,0.99263465
7303952982,271212577,0.99263465
7305792648,274631416,0.9926346
7303487525,236930044,0.9926346
7305773298,274631416,0.9926346
7305802181,274631416,0.9926346
7305782841,274631416,0.9926346
7305762677,274631416,0.9926346
7314528190,263692599,0.99263453
7310620000,280865946,0.9926345
7316755043,279544957,0.9926345
7308906647,280865946,0.9926345
7302146477,279544957,0.9926345
7311541771,274842135,0.99263424
7316103168,278614658,0.9926342
7305699756,278614658,0.9926342
7309001117,280238675,0.9926341
7307403278,281520190,0.9926336
7310831857,281520190,0.9926336
7314747026,280325135,0.9926336
7316971402,279139614,0.9926335
7315395660,280045572,0.99263275
7313911641,280045572,0.99263275
7302709983,281714109,0.99263257
7311749891,281765075,0.9926322
7311724191,281765075,0.9926322
7311748555,281765075,0.9926322
7311745286,281765075,0.9926322
7316164193,276073846,0.9926321
7310810994,279237527,0.9926321
7312715416,227390124,0.99263155
7316187119,273449942,0.99263036
7309950593,273449942,0.99263036
7313336409,277217092,0.99262834
7311097467,281789138,0.99262834
7306170834,279233489,0.9926282
7303131908,279233489,0.9926282
7302920900,278552003,0.99262816
7302114714,277969459,0.9926267
7305117834,279597564,0.9926252
7313439880,266453379,0.9926242
7304377763,265202558,0.9926227
7309473781,280120169,0.9926219
7307418986,280120169,0.9926219
7305776727,280120169,0.9926219
7315748808,280120169,0.9926219
7303322256,280120169,0.9926219
7311580807,280120169,0.9926219
7313964155,280120169,0.9926219
7315520685,280889029,0.9926214
7301823649,279912576,0.9926212
7311488970,279557888,0.9926211
7311539365,272090512,0.992621
7316697300,277468092,0.9926204
7315721764,277468092,0.9926204
7315052869,230130889,0.9926196
7301961771,280300832,0.9926191
7316741566,277063147,0.9926191
7302509437,280300832,0.9926191
7310798269,281421389,0.99261856
7309256616,281339815,0.992618
7316965039,280893119,0.9926169
7316122688,277862160,0.99261636
7310253673,277862160,0.99261636
7315242195,278416560,0.9926157
7309830207,281384182,0.99261487
7314383706,244649109,0.9926148
7316658872,277253710,0.9926148
7312858823,281303971,0.99261457
7316257070,281303971,0.99261457
7309323464,279440191,0.9926125
7303678688,279607671,0.9926122
7309351169,190089736,0.99261194
7315324149,190089736,0.99261194
7301628194,270276910,0.9926108
7301628192,270276910,0.9926108
7311347088,256871200,0.99261075
7315503415,274674666,0.99260926
7314498764,277936307,0.99260867
7314501127,277936307,0.99260867
7314503715,277936307,0.99260867
7314500586,277936307,0.99260867
7314499973,277936307,0.99260867
7314501417,277936307,0.99260867
7314497576,277936307,0.99260867
7314501316,277936307,0.99260867
7314501520,277936307,0.99260867
7314503435,277936307,0.99260867
7314506006,277936307,0.99260867
7311571622,274953139,0.99260855
7302818495,274953139,0.99260855
7311861105,278646949,0.9926085
7314296197,278632254,0.99260753
7315282480,278632254,0.99260753
7304578210,249823931,0.9926073
7306571574,249823931,0.9926073
7305537053,249823931,0.9926073
7313899208,279331985,0.99260706
7303131135,279331985,0.99260706
7310002139,279331985,0.99260706
7314958607,279331985,0.99260706
7304217509,279331985,0.99260706
7306647461,279331985,0.99260706
7313377380,279331985,0.99260706
7307730894,279331985,0.99260706
7314808928,279331985,0.99260706
7311386310,279331985,0.99260706
7310838770,279331985,0.99260706
7316850552,280075928,0.9926065
7316460669,227850759,0.99260616
7303778993,277874063,0.9926061
7305818146,277874063,0.9926061
7311283279,275598132,0.9926061
7302871021,279525075,0.99260604
7309687058,258707264,0.9926058
7313302822,258707264,0.9926058
7304570417,258707264,0.9926058
7313221540,258707264,0.9926058
7307282633,278618719,0.9926057
7313070250,281335829,0.9926054
7316224335,246554435,0.9926053
7315329511,280121675,0.992605
7316658875,215848226,0.9926044
7309187707,270526109,0.9926043
7305576684,270526109,0.9926043
7305111536,276636491,0.9926021
7303552797,280221226,0.9926019
7306864084,272998973,0.99260175
7306305670,278709430,0.9926015
7307791617,279986646,0.992601
7314818763,279986646,0.992601
7307791158,279986646,0.992601
7314828038,279986646,0.992601
7315123952,274896085,0.9925992
7304980655,274896085,0.9925992
7315123945,274896085,0.9925992
7307704083,278959264,0.99259907
7316277792,274838100,0.9925983
7314038487,250691213,0.9925975
7313831528,278818072,0.99259675
7302709793,278474521,0.99259543
7315475154,278474521,0.99259543
7315718056,277940902,0.9925927
7309727287,279332534,0.99259216
7309727963,279332534,0.99259216
7309157157,279332534,0.99259216
7308462748,264617691,0.9925906
7305430026,281017882,0.99259025
7305424832,281017882,0.99259025
7305419450,281017882,0.99259025
7309798579,279119463,0.99259007
7316560240,281518596,0.99259
7314712553,281518596,0.99259
7316560528,281518596,0.99259
7314712544,281518596,0.99259
7314712561,281518596,0.99259
7316560218,281518596,0.99259
7315920929,278558397,0.99258983
7315923143,278558397,0.99258983
7316037372,278558397,0.99258983
7311039903,278116752,0.9925895
7314505706,278116752,0.9925895
7313955104,277855810,0.9925878
7306621924,276636491,0.99258703
7315013349,280262194,0.9925869
7310587704,279866460,0.9925864
7315718096,271234145,0.99258614
7311054345,278367250,0.99258596
7312006499,280421796,0.9925854
7304309572,280421796,0.9925854
7307424247,280421796,0.9925854
7316444938,280421796,0.9925854
7315342785,278001814,0.9925851
7312694582,281472399,0.9925849
7309117864,281472399,0.9925849
7308222981,281472399,0.9925849
7311182887,280750665,0.99258417
7303840042,278277750,0.9925841
7306147217,275199685,0.99258274
7308237288,275199685,0.99258274
7307180651,275199685,0.99258274
7304666841,275199685,0.99258274
7305340920,277696156,0.9925823
7308000830,263577697,0.99258214
7308014947,263577697,0.99258214
7307632195,276221507,0.9925817
7312726107,276221507,0.9925817
7308674914,276221507,0.9925817
7307112689,276221507,0.9925817
7316765096,248669827,0.9925815
7309963223,248669827,0.9925815
7314466896,273930363,0.99258053
7312846401,263354118,0.99258
7312875656,278003539,0.99257964
7302818265,273968434,0.99257845
7314402817,281765075,0.9925782
7316335982,281765075,0.9925782
7312402752,281765075,0.9925782
7313436399,281128096,0.99257785
7309798581,281092159,0.9925763
7302661920,281552327,0.99257475
7303740964,281552327,0.99257475
7313924388,281552327,0.99257475
7306284417,281552327,0.99257475
7314990011,281552327,0.99257475
7310010583,281552327,0.99257475
7307349240,281552327,0.99257475
7311416286,281552327,0.99257475
7309757434,277395554,0.9925746
7303698355,280595564,0.99257374
7307423970,280595564,0.99257374
7311502733,280595564,0.99257374
7312811331,276887653,0.9925731
7308180317,269221526,0.9925711
7314042592,281606557,0.9925709
7314042486,281606557,0.9925709
7314042537,281606557,0.9925709
7314042423,281606557,0.9925709
7315411893,279940713,0.9925702
7311505473,281546038,0.99256927
7314741157,281092968,0.9925686
7315211557,281092968,0.9925686
7316168221,281092968,0.9925686
7314776100,281092968,0.9925686
7315208689,281092968,0.9925686
7314977896,279433032,0.99256814
7312763397,278768178,0.9925681
7303675809,281608045,0.9925667
7312937728,281608045,0.9925667
7312933318,281608045,0.9925667
7313372226,281608045,0.9925667
7311930929,281608045,0.9925667
7312278039,270591270,0.9925665
7308182781,270591270,0.9925665
7315594675,276884531,0.99256605
7303679124,280573488,0.99256575
7315474147,280573488,0.99256575
7314948885,281214284,0.9925642
7314951381,281214284,0.9925642
7308203936,279522565,0.9925641
7302630293,277732747,0.9925639
7311816543,281133130,0.9925638
7303084982,281133130,0.9925638
7307939398,277220774,0.9925636
7312753117,281008719,0.99256307
7310325456,246554435,0.99256295
7314579414,281649763,0.9925629
7304116756,261582132,0.9925613
7309765399,261582132,0.9925613
7311431788,261582132,0.9925613
7310505935,261582132,0.9925613
7313886394,261582132,0.9925613
7307667366,261582132,0.9925613
7306114542,261582132,0.9925613
7306338805,277851662,0.9925607
7310402846,279845451,0.9925604
7306112203,279011959,0.99256
7311207473,278832945,0.9925583
7302314702,278558395,0.9925582
7316664379,280175219,0.99255806
7303140886,280742147,0.9925575
7313825606,280742147,0.9925575
7307784917,281558740,0.9925575
7310921442,281558740,0.9925575
7304733612,280742147,0.9925575
7306755090,280742147,0.9925575
7309327240,280742147,0.9925575
7309878715,280742147,0.9925575
7304208092,280742147,0.9925575
7309824192,280742147,0.9925575
7304199607,280742147,0.9925575
7309878930,280742147,0.9925575
7307194684,280742147,0.9925575
7307194874,280742147,0.9925575
7311426673,280742147,0.9925575
7307237316,280742147,0.9925575
7306636466,280742147,0.9925575
7303650280,281558740,0.9925575
7304156260,280742147,0.9925575
7312794708,280742147,0.9925575
7309773694,280742147,0.9925575
7311391836,280742147,0.9925575
7312794894,280742147,0.9925575
7311348483,280742147,0.9925575
7302160015,280742147,0.9925575
7308474666,264215364,0.9925567
7313036309,279446809,0.9925565
7314644539,281509262,0.99255633
7312725784,277469841,0.9925548
7302586371,280157599,0.99255455
7306705276,280157599,0.99255455
7309842569,280157599,0.99255455
7302578686,280157599,0.99255455
7309824149,280157599,0.99255455
7309221119,280157599,0.99255455
7306194434,280157599,0.99255455
7306184827,280157599,0.99255455
7313308421,280157599,0.99255455
7312883825,280157599,0.99255455
7310932114,280157599,0.99255455
7313516132,277157192,0.9925543
7311823320,276997229,0.99255323
7310987149,276997229,0.99255323
7313845823,276997229,0.99255323
7311500967,276997229,0.99255323
7311930870,276997229,0.99255323
7311399568,276997229,0.99255323
7302565519,276997229,0.99255323
7316718985,281207223,0.9925528
7312396868,281774582,0.99255276
7313778350,280769221,0.9925526
7307407102,274674666,0.9925523
7310880145,281434146,0.99255174
7303731660,281434146,0.99255174
7307236888,281434146,0.99255174
7307254809,281434146,0.99255174
7311908723,281434146,0.99255174
7313918165,281434146,0.99255174
7303718751,281434146,0.99255174
7303709884,281434146,0.99255174
7310376559,281434146,0.99255174
7306763573,281434146,0.99255174
7310880042,281434146,0.99255174
7313871192,281434146,0.99255174
7310902008,281434146,0.99255174
7303736150,281434146,0.99255174
7307272112,281434146,0.99255174
7307286093,281434146,0.99255174
7309798972,274695430,0.99255043
7310460067,250923439,0.9925504
7316355288,266671944,0.9925504
7316810036,279692466,0.9925501
7314501921,279692466,0.9925501
7316285837,258741456,0.9925491
7316428887,279820204,0.9925489
7309756659,270794522,0.9925489
7312290435,270794522,0.9925489
7304636365,279820204,0.9925489
7302011827,250558755,0.992547
7309187706,250558755,0.992547
7305868060,281562121,0.9925468
7314038923,277696156,0.9925468
7302871027,279299527,0.9925452
7309799574,276081294,0.9925451
7306719934,279033044,0.99254423
7313038577,277204065,0.99254334
7309534893,275487979,0.9925432
7309535005,255299128,0.9925432
7314636118,268464875,0.99254304
7307226289,268151512,0.9925429
7316227709,268151512,0.9925429
7316822678,272906030,0.9925427
7313494982,278464473,0.99254245
7316958642,278464473,0.99254245
7302290557,278367250,0.9925423
7303322394,281381442,0.9925422
7311462946,280656171,0.992542
7313910435,281621217,0.9925418
7302197291,277433973,0.9925418
7302197371,277433973,0.9925418
7315287708,257204785,0.9925415
7307243034,257204785,0.9925415
7308467866,257204785,0.9925415
7311432811,257204785,0.9925415
7312923559,257204785,0.9925415
7304426909,281395041,0.9925413
7313582938,281395041,0.9925413
7307318095,281395041,0.9925413
7302041664,281395041,0.9925413
7310595235,281395041,0.9925413
7316119906,259744060,0.99254066
7308200612,275333555,0.9925405
7316691610,275333555,0.9925405
7309799250,279461942,0.99253917
7315717554,277870723,0.9925389
7307739034,275597261,0.9925362
7314533497,275173071,0.99253595
7307000072,275623542,0.9925359
7303068095,262250329,0.9925359
7309180621,262250329,0.9925359
7303451283,275623542,0.9925359
7314133502,275623542,0.9925359
7313107938,275623542,0.9925359
7312969527,280946198,0.9925359
7305969675,275623542,0.9925359
7303694258,264857403,0.9925358
7313450219,280769221,0.99253434
7304377766,278495089,0.99253386
7313870314,274426293,0.992533
7313876619,274426293,0.992533
7310285429,279649747,0.9925326
7302553147,279649747,0.9925326
7303066027,277298636,0.9925319
7316670732,277298636,0.9925319
7311300225,277298636,0.9925319
7310308853,281519861,0.9925319
7307137330,277298636,0.9925319
7304103578,275698307,0.99253124
7316958348,275698307,0.99253124
7308192507,275698307,0.99253124
7307956935,278781657,0.99253035
7314774143,251248750,0.9925298
7307150306,251248750,0.9925298
7306484370,277644337,0.9925297
7311681008,277644337,0.9925297
7314734685,281092159,0.9925294
7305576442,274637243,0.9925286
7313844413,280661158,0.99252856
7302565379,280661158,0.99252856
7309902359,280661158,0.99252856
7312936428,280661158,0.99252856
7308317556,280661158,0.99252856
7313846164,280661158,0.99252856
7311819631,280661158,0.99252856
7307424359,279405509,0.99252826
7314083698,279405509,0.99252826
7315474352,277852926,0.99252796
7308937582,276629947,0.9925273
7309761499,274971515,0.9925269
7316161977,274971515,0.9925269
7307664599,274971515,0.9925269
7314629884,279678495,0.9925257
7305580661,281690592,0.99252564
7303594745,281690592,0.99252564
7304631685,281690592,0.99252564
7306373542,270043712,0.99252546
7314521422,270043712,0.99252546
7303338746,277650253,0.9925252
7311571063,277650253,0.9925252
7309761009,276139687,0.99252504
7311930756,279957245,0.9925245
7305952358,281318459,0.9925245
7311399093,279957245,0.9925245
7311854968,279957245,0.9925245
7309902481,279957245,0.9925245
7312937906,279957245,0.9925245
7313858021,279957245,0.9925245
7311822971,279957245,0.9925245
7309138208,276863472,0.9925243
7306138956,275462271,0.9925238
7311990526,276602909,0.9925238
7315139193,279392813,0.99252343
7316034571,279392813,0.99252343
7316537495,279392813,0.99252343
7312934707,278547199,0.9925227
7310913625,278547199,0.9925227
7303145980,278547199,0.9925227
7310986432,278547199,0.9925227
7313859686,278547199,0.9925227
7310911884,278547199,0.9925227
7313842689,278547199,0.9925227
7304289845,278010540,0.9925224
7315441447,278010540,0.9925224
7311952865,278010540,0.9925224
7310585404,278010540,0.9925224
7316058029,279184896,0.99252075
7303780519,279934082,0.99252015
7312352680,274187853,0.99252
7310615496,280202740,0.9925197
7310628363,280202740,0.9925197
7313611000,272090512,0.99251884
7311128209,272090512,0.99251884
7307231113,278788294,0.9925186
7314877599,278788294,0.9925186
7313434669,278838240,0.9925184
7304239650,198078366,0.992518
7316509736,276969695,0.992518
7311845262,198078366,0.992518
7312741363,276881119,0.9925159
7304700147,280403374,0.9925156
7313260595,275330119,0.99251544
7313260623,271557310,0.99251544
7309274998,278009186,0.9925154
7311431308,279731494,0.99251515
7302893779,277675745,0.99251497
7312803171,279348760,0.99251425
7309925400,280510645,0.99251276
7304786977,275347364,0.99251276
7304670019,275347364,0.99251276
7307745781,275347364,0.99251276
7313375449,280510645,0.99251276
7315474984,278764422,0.99251187
7309189896,230640445,0.99251026
7302115155,278496994,0.99251
7303130236,278726694,0.9925098
7316015449,280755884,0.9925086
7314789539,277953480,0.9925078
7305417609,273582118,0.99250656
7305428256,273582118,0.99250656
7305423112,273582118,0.99250656
7305529427,281228875,0.9925065
7305857001,250691213,0.99250543
7303255512,280490817,0.99250525
7303245412,280490817,0.99250525
7303664020,278479586,0.99250466
7310283110,278479586,0.99250466
7316972172,279034439,0.99250466
7312715173,272636530,0.99250466
7309758537,255371283,0.9925046
7307960199,280386761,0.99250406
7311418087,270351071,0.99250406
7307960425,280386761,0.99250406
7315475492,279167179,0.99250394
7302710041,279167179,0.99250394
7316287262,279617678,0.9925037
7306106655,279062518,0.9925034
7305111083,279062518,0.9925034
7311556332,280769221,0.99250305
7308280314,280769221,0.99250305
7307122137,277470241,0.9925027
7311288923,277470241,0.9925027
7305678148,280569058,0.9925027
7314258096,277470241,0.9925027
7316671994,279004711,0.9925017
7315580747,279612460,0.9925016
7309534934,278274720,0.9925016
7314746014,279930936,0.9925015
7312802990,270546951,0.9925015
7307283139,277916599,0.9925014
7310772308,277916599,0.9925014
7304350684,277916599,0.9925014
7307280556,277916599,0.9925014
7313952874,277916599,0.9925014
7304698601,277060347,0.9925012
7309322965,280053192,0.992501
7309489817,279494326,0.9925006
7303150362,280624979,0.9925
7313918334,280624979,0.9925
7313874133,280624979,0.9925
7313398525,280624979,0.9925
7313875626,280624979,0.9925
7313424813,280624979,0.9925
7306727551,280624979,0.9925
7310346622,280624979,0.9925
7306727455,280624979,0.9925
7310337574,280624979,0.9925
7303150439,280624979,0.9925
7315519837,275273519,0.9924998
7316652360,259707180,0.9924994
7311266706,259707180,0.9924994
7312000458,277874065,0.9924992
7315015049,277874065,0.9924992
7313386832,277874065,0.9924992
7306337410,277874065,0.9924992
7303243109,277874065,0.9924992
7308320666,277874065,0.9924992
7303249275,277874065,0.9924992
7310457116,277874065,0.9924992
7314326369,277874065,0.9924992
7304296113,277874065,0.9924992
7315007108,277874065,0.9924992
7313284083,279379271,0.992499
7309348620,280746911,0.9924989
7302709926,279167180,0.99249864
7313057986,280710996,0.9924985
7314643714,276384679,0.9924985
7308206319,275669825,0.99249774
7302547579,275669825,0.99249774
7310347260,276042188,0.9924973
7314334911,276502920,0.992496
7311699688,249787504,0.9924947
7306856843,278003205,0.99249417
7313038122,268047168,0.99249244
7313029333,268047168,0.99249244
7313020666,268047168,0.99249244
7313046176,268047168,0.99249244
7311303969,281300788,0.99249244
7313012187,268047168,0.99249244
7305096835,276445188,0.9924918
7316655532,254977730,0.9924918
7308183895,276445188,0.9924918
7311789740,270479170,0.9924917
7311785722,270479170,0.9924917
7312714103,270479170,0.9924917
7309603281,277969600,0.99249166
7317051533,277969600,0.99249166
7303843638,280698306,0.99249166
7306490457,277969600,0.99249166
7313118779,277969600,0.99249166
7313900702,274396023,0.9924912
7312858839,268781792,0.9924912
7312869418,268781792,0.9924912
7307880135,278622567,0.9924903
7315044396,266965337,0.9924903
7313527189,280769221,0.9924891
7316811594,280769221,0.9924891
7316435814,280769221,0.9924891
7313495895,280769221,0.9924891
7310778085,280171976,0.99248815
7312729308,280171976,0.99248815
7310748124,280171976,0.99248815
7316688646,280171976,0.99248815
7314761085,280171976,0.99248815
7310748202,280171976,0.99248815
7311572990,281523234,0.9924876
7304766151,281523234,0.9924876
7307915520,281523234,0.9924876
7305648485,278939526,0.99248636
7305648434,278939526,0.99248636
7305648194,278939526,0.99248636
7305648155,278939526,0.99248636
7316578304,281234874,0.99248606
7315774765,274187852,0.9924858
7316534203,275061585,0.99248534
7314829194,281708623,0.99248433
7306106460,280469712,0.99248433
7313562077,281653746,0.99248433
7310930268,280160510,0.99248433
7312938452,274395941,0.9924843
7313808663,281263606,0.9924843
7307252378,281263606,0.9924843
7307704089,275270813,0.9924843
7311928389,265434759,0.9924842
7311928361,265434759,0.9924842
7310776982,279820204,0.99248415
7312699677,279699465,0.9924837
7310294302,279699465,0.9924837
7310294149,279699465,0.9924837
7310748271,279699465,0.9924837
7314729930,279699465,0.9924837
7316660946,279699465,0.9924837
7316214380,267073324,0.99248356
7307458442,267073324,0.99248356
7309251050,267073324,0.99248356
7302521003,278655550,0.99248356
7306363401,267073324,0.99248356
7311895431,267073324,0.99248356
7315192103,277400227,0.9924833
7309410388,271344542,0.99248296
7314454065,279361834,0.99248224
7309904372,279668614,0.992481
7313372323,279668614,0.992481
7311930775,279668614,0.992481
7311819562,279668614,0.992481
7308170954,280247521,0.99248093
7315405795,278945879,0.9924792
7311445583,278142792,0.99247813
7311416432,278142792,0.99247813
7311435278,278142792,0.99247813
7311425667,278142792,0.99247813
7311405742,278142792,0.99247813
7313450743,277630457,0.99247724
7316401287,277630457,0.99247724
7310098269,277630457,0.99247724
7307345242,277630457,0.99247724
7305159818,276632206,0.9924767
7307121424,278891194,0.9924761
7311802171,278891194,0.9924761
7307748030,278891194,0.9924761
7304630680,278374910,0.99247605
7314482469,278415839,0.99247605
7314766978,278374910,0.99247605
7313657546,275457761,0.992476
7303439981,275457761,0.992476
7306479021,277813401,0.992476
7311159728,275457761,0.992476
7310200561,273638889,0.992476
7306978207,275457761,0.992476
7312875612,278873683,0.9924754
7304626516,244502954,0.99247533
7312754704,244502954,0.99247533
7308697640,244502954,0.99247533
7302021139,280357997,0.99247485
7312862384,280321236,0.99247366
7315908831,280217681,0.9924732
7314502668,280217681,0.9924732
7311354896,280217681,0.9924732
7313518804,280217681,0.9924732
7316921958,280217681,0.9924732
7313763268,273446566,0.9924724
7314633131,279959813,0.9924724
7313432321,281179420,0.992472
7310155528,279194870,0.99247193
7317007240,279194870,0.99247193
7307200950,279194870,0.99247193
7313857391,266722659,0.99247175
7302066933,279064062,0.9924715
7306331427,279064062,0.9924715
7303064245,281261227,0.9924714
7307688916,278055571,0.9924711
7304774386,278055571,0.9924711
7308821967,281024074,0.99247104
7303062960,281024074,0.99247104
7309215743,281315238,0.992471
7304634554,281315238,0.992471
7310822879,281315238,0.992471
7308210753,281315238,0.992471
7309968049,281315238,0.992471
7307675506,281315238,0.992471
7310312514,281315238,0.992471
7309215088,281315238,0.992471
7312291478,280342428,0.9924708
7302549075,280342428,0.9924708
7313912984,280768308,0.99247026
7302014706,278692119,0.99247026
7313918885,280768308,0.99247026
7308239299,279473357,0.99246985
7315295729,269147082,0.99246913
7312741447,280100138,0.9924675
7302014270,280596458,0.99246687
7306967421,278165683,0.9924668
7311149151,278035907,0.9924668
7306999894,278165683,0.9924668
7314650643,279732199,0.9924668
7301868364,276816731,0.9924668
7308966311,275206622,0.99246675
7306216370,275206622,0.99246675
7303040434,278495973,0.99246675
7301684600,280207865,0.99246675
7314256505,279707615,0.9924667
7314262271,279707615,0.9924667
7305095806,279863411,0.9924667
7303906891,280080570,0.9924666
7306651626,280080570,0.9924666
7312783558,280080570,0.9924666
7316708999,280080570,0.9924666
7309787010,280080570,0.9924666
7311070456,274140120,0.9924664
7301778860,275030407,0.9924664
7302068336,278481856,0.9924659
7307744023,274725642,0.9924658
7304327580,281435287,0.99246484
7311574979,281435287,0.99246484
7315040425,281435287,0.99246484
7316337915,277829122,0.9924624
7315717194,277812706,0.9924624
7308935154,274354274,0.99246186
7310280749,277628761,0.9924618
7310540937,277628761,0.9924618
7302835684,277268299,0.99246156
7314931650,280956417,0.99246144
7309166906,280597391,0.9924611
7314385240,278112882,0.99245936
7311818853,280937892,0.9924593
7312290438,280495000,0.992457
7303843374,280936430,0.99245685
7304259822,280656171,0.9924568
7306907471,277316704,0.9924565
7306977985,276640867,0.9924565
7301853779,274242788,0.9924565
7315119897,276640867,0.9924565
7314577271,271801874,0.9924565
7314989873,279330174,0.9924565
7303698134,277316704,0.9924565
7317030968,276640867,0.9924565
7309168545,279332885,0.9924565
7316898553,279330174,0.9924565
7317029182,274242788,0.9924565
7312173748,276640867,0.9924565
7303980757,276640867,0.9924565
7305946521,274242788,0.9924565
7305973130,274242788,0.9924565
7308298007,277316704,0.9924565
7305978036,274242788,0.9924565
7311270815,275904058,0.99245644
7301881820,280742643,0.99245644
7310763949,280171971,0.99245644
7304064664,275904058,0.99245644
7312706756,280171971,0.99245644
7305542638,280171971,0.99245644
7312176245,280742643,0.99245644
7305541127,275904058,0.99245644
7310250722,275904058,0.99245644
7310231451,280171971,0.99245644
7305702810,275149364,0.99245584
7306079694,280769362,0.99245554
7305834959,278315915,0.99245554
7312711054,280769362,0.99245554
7306571615,280769362,0.99245554
7312726163,280769362,0.99245554
7306076749,280769362,0.99245554
7311128082,280016965,0.9924554
7315329744,280277926,0.9924554
7314110151,280016965,0.9924554
7316174565,273691338,0.9924552
7309535040,275934301,0.99245477
7311766553,278708280,0.992454
7311763797,278708280,0.992454
7311763763,278708280,0.992454
7311763732,278708280,0.992454
7311764610,278708280,0.992454
7309687097,279073073,0.9924535
7304571036,279073073,0.9924535
7311287808,278223196,0.9924528
7307122296,278223196,0.9924528
7316428660,278223196,0.9924528
7310804087,280386161,0.9924526
7312817648,280386161,0.9924526
7312764559,280386161,0.9924526
7311362998,280386161,0.9924526
7311311995,280386161,0.9924526
7314462812,281549483,0.9924523
7313436714,279732828,0.99245167
7314219585,279073073,0.9924515
7311328659,279073073,0.9924515
7315772140,279405547,0.99245113
7315716737,279405547,0.99245113
7306226576,279405547,0.99245113
7316837705,279405547,0.99245113
7315777028,279405547,0.99245113
7311946676,279405547,0.99245113
7313361230,274688047,0.9924509
7316889484,274688047,0.9924509
7314336892,280311718,0.99245083
7311500870,281315238,0.9924508
7310857064,281315238,0.9924508
7309900829,281315238,0.9924508
7310859702,281315238,0.9924508
7312931989,281315238,0.9924508
7311818654,281315238,0.9924508
7311402697,281315238,0.9924508
7313842852,281315238,0.9924508
7309799251,279533595,0.9924508
7309380750,275163919,0.99245
7313560986,275163919,0.99245
7315524630,275163919,0.99245
7302363749,275163919,0.99244916
7315087251,195390206,0.99244875
7312291565,262990957,0.9924483
7311800790,280108390,0.9924483
7314463439,278920375,0.99244756
7314422216,276640961,0.9924475
7309763394,279798561,0.9924472
7315257548,270092772,0.992447
7307723483,277507848,0.9924466
7307713916,277507848,0.9924466
7307703649,277507848,0.9924466
7315474271,281138937,0.9924455
7303679182,281138937,0.9924455
7304379058,278305351,0.992445
7303140183,281205143,0.9924449
7316993176,281461049,0.9924448
7314268438,195251051,0.99244475
7311140500,279324673,0.9924447
7313371937,277431779,0.9924447
7311781802,275904058,0.9924447
7311783011,275904058,0.9924447
7315131535,279324673,0.9924447
7311783058,275904058,0.9924447
7312933138,277431779,0.9924447
7315585912,279324673,0.9924447
7312931683,277431779,0.9924447
7313844230,277431779,0.9924447
7311813975,275904058,0.9924447
7309903896,277431779,0.9924447
7311792554,275904058,0.9924447
7312937929,277431779,0.9924447
7313911397,272666910,0.9924444
7311538988,281168032,0.99244434
7312823742,237698478,0.9924442
7311101759,276588555,0.9924442
7314869877,278462095,0.99244416
7306700968,278888404,0.99244297
7307477224,275163919,0.9924421
7316475117,247700865,0.9924419
7302710135,281143462,0.99244165
7315475528,281143462,0.99244165
7311283327,275065221,0.992441
7310343135,277695980,0.992441
7312396849,279230036,0.99244046
7303704243,276212975,0.9924404
7313040257,273813672,0.99244034
7313014667,273813672,0.99244034
7313048334,273813672,0.99244034
7313031530,273813672,0.99244034
7313023147,273813672,0.99244034
7313941315,245370789,0.99243987
7303734519,274392490,0.9924388
7305668996,274392490,0.9924388
7304447710,274089296,0.99243784
7304288064,273015494,0.9924374
7304287969,273015494,0.9924374
7303599854,273039167,0.9924371
7304843733,205606456,0.99243665
7307666691,205606456,0.99243665
7308205043,205606456,0.99243665
7314823416,272080663,0.9924364
7308309315,272080663,0.9924364
7310267185,274840941,0.9924361
7314258515,274840941,0.9924361
7312737164,274840941,0.9924361
7304173041,279780185,0.9924332
7307207155,279780185,0.9924332
7302709561,281710680,0.99243206
7315474677,281710680,0.99243206
7313433535,278637125,0.992432
7308183779,281385982,0.99243146
7308273868,273321220,0.99243146
7309273945,261904714,0.99243134
7306121340,267027996,0.99243134
7315243589,267027996,0.99243134
7313267385,267027996,0.99243134
7309904160,275086708,0.99243134
7315350813,273895136,0.99243134
7316737252,251467566,0.99243134
7313835703,267027996,0.99243134
7303675279,275086708,0.99243134
7316652371,267027996,0.99243134
7315226964,267027996,0.99243134
7311501752,265662169,0.99243134
7312934933,275086708,0.99243134
7307112510,267027996,0.99243134
7310238641,267027996,0.99243134
7311264268,267027996,0.99243134
7312898761,274288866,0.9924313
7313118690,281302238,0.9924311
7314588957,281769759,0.9924311
7314588965,281769759,0.9924311
7316649632,229792958,0.9924308
7311266565,229792958,0.9924308
7316639121,280769371,0.9924304
7303556895,280769371,0.9924304
7304078399,280769371,0.9924304
7310753249,280769371,0.9924304
7314733756,280769371,0.9924304
7304080018,280769371,0.9924304
7315589242,270979066,0.99243027
7305371026,279038753,0.99242944
7315535672,279038753,0.99242944
7310582661,279038753,0.99242944
7310582688,279038753,0.99242944
7315535913,279038753,0.99242944
7305370984,279038753,0.99242944
7305627450,271557563,0.9924294
7313008688,253646032,0.99242884
7304728075,257204785,0.99242854
7308291198,280719659,0.9924281
7308300999,280719659,0.9924281
7308275993,280719659,0.9924281
7311152669,280834658,0.9924257
7309567330,280834658,0.9924257
7312629350,280834658,0.9924257
7313112008,275156892,0.992424
7309814455,267405775,0.992424
7309022282,275156892,0.992424
7306460518,275156892,0.992424
7315378679,267405775,0.992424
7310142560,275156892,0.992424
7302887088,280936430,0.9924233
7306736219,280653448,0.9924233
7313230412,280300901,0.99242324
7313111541,280300901,0.99242324
7311837690,280300901,0.99242324
7315090862,278405678,0.9924232
7316696392,278204804,0.99242264
7307880212,278117790,0.9924216
7306234832,281204913,0.99242145
7311571368,279294475,0.9924209
7302291123,279294475,0.9924209
7304630652,274116855,0.99242085
7315471726,275169606,0.9924208
7309189985,278279289,0.9924199
7313915537,276779324,0.9924197
7313325383,281387178,0.99241924
7316447586,279010436,0.99241906
7313924254,274336495,0.9924189
7309760071,280316883,0.9924187
7308158688,280875681,0.99241865
7314472435,281450342,0.99241817
7308611048,279588037,0.9924171
7313741208,274124627,0.9924169
7312759840,268784917,0.99241644
7312995482,281512886,0.9924164
7309454110,275061678,0.9924161
7316930510,275061678,0.9924161
7316927459,276063348,0.9924161
7309799240,277488308,0.9924161
7316281877,280768154,0.9924161
7308459988,275061678,0.9924161
7313858124,280661150,0.992416
7313845851,280661150,0.992416
7313841274,280661150,0.992416
7316216922,262559125,0.99241596
7312875790,278003539,0.99241596
7310258722,272441442,0.99241596
7310344133,279866431,0.99241596
7304089275,264345331,0.99241555
7313358134,280936430,0.9924152
7313804547,275640607,0.9924138
7307251060,275640607,0.9924138
7310400649,275640607,0.9924138
7303131009,273245981,0.9924136
7303129519,273245981,0.9924136
7303131280,273245981,0.9924136
7311422892,278462582,0.99241334
7312925587,273439217,0.99241275
7306950441,240450488,0.9924127
7316172348,277088538,0.99241114
7308466368,274393073,0.99241114
7307238682,279679258,0.9924106
7313767784,279679258,0.9924106
7311822977,266232321,0.9924098
7311422728,266232321,0.9924098
7313694060,250923439,0.9924092
7314747547,281093758,0.992409
7312937709,281374211,0.99240845
7311399065,281374211,0.99240845
7310913293,281374211,0.99240845
7316161081,278366516,0.9924084
7312056185,269221526,0.9924081
7310019253,269221526,0.9924081
7311549482,269221526,0.9924081
7311040211,281417124,0.992408
7314505735,281417124,0.992408
7311814026,273472956,0.99240786
7315438009,281093542,0.99240756
7315703249,281520750,0.99240756
7306088884,281520750,0.99240756
7308685909,281520750,0.99240756
7316339197,280932729,0.9924075
7315006039,280932729,0.9924075
7310536078,280932729,0.9924075
7312339036,280932729,0.9924075
7308258072,280932729,0.9924075
7301679386,280932729,0.9924075
7309535037,281787842,0.99240744
7312876161,274633141,0.9924073
7313757999,281035342,0.9924073
7310911108,271557563,0.99240726
7304610688,275759594,0.99240714
7304611318,275759594,0.99240714
7315329407,278284392,0.9924068
7314880383,279498102,0.9924065
7311114720,279498102,0.9924065
7311114752,279498102,0.9924065
7313605141,275602990,0.99240613
7315825493,281593298,0.99240583
7304630688,277327391,0.99240506
7314766990,277327391,0.99240506
7313396188,277711521,0.992405
7307077377,281387654,0.992405
7314319796,277711521,0.992405
7316406547,277711521,0.992405
7317051606,276189029,0.9924045
7309034982,276189029,0.9924045
7311128141,276189029,0.9924045
7312619811,276189029,0.9924045
7315318057,281528505,0.9924024
7315315533,281528505,0.9924024
7315312987,281528505,0.9924024
7315312821,281528505,0.9924024
7315312661,281528505,0.9924024
7307827063,278638634,0.9924023
7309581104,257239646,0.99240226
7315014183,253960077,0.9924015
7316122355,276066435,0.9924004
7316821007,135156868,0.99239993
7304206126,275934301,0.9923988
7306140484,275934301,0.9923988
7308260778,275934301,0.9923988
7302068345,275934301,0.9923988
7308260423,275934301,0.9923988
7306141374,275934301,0.9923988
7315928573,277220774,0.99239856
7311908916,279987056,0.99239826
7310285925,260381698,0.9923982
7306206668,278343995,0.9923982
7311275209,281008722,0.9923982
7312858732,278114489,0.9923982
7315348942,278114489,0.9923982
7307664371,280917891,0.9923982
7312396870,278819671,0.99239814
7308181870,280769365,0.9923981
7308163212,280769365,0.9923981
7314770821,280769365,0.9923981
7304053109,280769365,0.9923981
7316101699,280769365,0.9923981
7316139611,280769365,0.9923981
7309703393,280769365,0.9923981
7314241463,280769365,0.9923981
7315270104,280769365,0.9923981
7311505370,279545992,0.9923978
7316887648,279894045,0.9923958
7316895659,278354679,0.9923958
7313356593,278354679,0.9923958
7313356785,252262136,0.9923958
7313355529,279894045,0.9923958
7314939594,281774324,0.9923957
7316757116,278450080,0.9923955
7303215238,279344146,0.9923953
7303214527,279344146,0.9923953
7316490256,279430839,0.9923948
7314408226,257870512,0.9923947
7314404174,257870512,0.9923947
7310769153,276866723,0.9923944
7311275224,276866723,0.9923944
7303054034,276283200,0.9923944
7311792787,276866723,0.9923944
7311057315,278113568,0.9923944
7311791188,276866723,0.9923944
7316859834,276403290,0.99239343
7310902072,270473131,0.9923932
7310902243,270473131,0.9923932
7314348292,278416606,0.9923932
7310900972,270473131,0.9923932
7309262276,270473131,0.9923932
7302798121,281046098,0.9923927
7313019516,265873837,0.9923925
7306560889,276299860,0.9923923
7314789139,271219816,0.9923923
7311240722,276299860,0.9923923
7304137211,276299860,0.9923923
7305821148,281543732,0.9923922
7307145349,281395041,0.9923918
7315764369,275731625,0.99239165
7310986257,274888844,0.99239063
7310855950,274888844,0.99239063
7309902406,274888844,0.99239063
7313841306,274888844,0.99239063
7309904329,274888844,0.99239063
7308803490,278400340,0.9923902
7309274485,239323017,0.9923893
7311822802,272762744,0.992389
7314875238,278453038,0.9923888
7314489547,275072163,0.99238855
7304093968,280776476,0.99238825
7306186942,280776476,0.99238825
7313130555,281274591,0.9923865
7307817681,281515901,0.9923856
7311514106,281515901,0.9923856
7316821458,281515901,0.9923856
7303835701,281515901,0.9923856
7314013363,281515901,0.9923856
7310463512,281515901,0.9923856
7302759110,281515901,0.9923856
7306736149,281515901,0.9923856
7304252102,268610363,0.9923848
7314206640,279707615,0.9923841
7304371473,247931954,0.9923838
7307291470,247931954,0.9923838
7316326724,277524314,0.9923835
7314764541,274522283,0.99238276
7314930231,271276175,0.99238265
7310415968,258741456,0.9923826
7315240899,279777474,0.9923825
7312269037,279777474,0.9923825
7310254891,279777474,0.9923825
7311308053,273662919,0.9923824
7314211313,280339073,0.9923823
7313281633,279317874,0.9923815
7302963375,277109055,0.99238133
7313124728,278661635,0.99237907
7312123109,278661635,0.99237907
7309612115,278661635,0.99237907
7314771014,281427534,0.992379
7306195767,273039225,0.99237853
7304362407,274050958,0.9923784
7315226211,274050958,0.9923784
7315241789,276294082,0.9923778
7315247168,276294082,0.9923778
7311817462,271887498,0.9923773
7315273480,271887498,0.9923773
7315246918,279731572,0.9923773
7306624706,271887498,0.9923773
7301629556,271887498,0.9923773
7313765658,279731572,0.9923773
7310877780,279731572,0.9923773
7315518059,277409068,0.9923772
7314042243,279281375,0.99237716
7314042287,279281375,0.99237716
7314042334,279281375,0.99237716
7309798943,242423284,0.99237716
7311101584,279463072,0.99237716
7314042382,279281375,0.99237716
7316218018,275301867,0.99237704
7315356703,270336636,0.99237686
7315356798,280160558,0.99237686
7314946483,278630666,0.99237674
7312467384,278630666,0.99237674
7313584624,277186657,0.99237674
7307461516,277186657,0.99237674
7313804709,280652182,0.99237645
7307946557,276433986,0.9923764
7315266446,276433986,0.9923764
7315103560,277700151,0.9923759
7313272237,275893154,0.9923758
7314505730,278622567,0.9923757
7310535035,278622567,0.9923757
7313798244,279957056,0.992375
7310776511,280714684,0.99237365
7302921438,281464218,0.9923736
7311798047,281714114,0.9923716
7313557068,277953827,0.99236983
7313029907,278305351,0.99236965
7316280408,258572423,0.9923695
7311286950,279100597,0.9923694
7313262698,279100597,0.9923694
7308769080,279100597,0.9923694
7305097980,279100597,0.9923694
7317030586,198078366,0.9923687
7312858273,205361697,0.9923679
7304094091,278605424,0.99236536
7314845894,278605424,0.99236536
7306374131,278605424,0.99236536
7314467553,281271575,0.99236494
7315473900,281710677,0.99236417
7311373258,273118982,0.9923632
7308399528,273118982,0.9923632
7304354442,273118982,0.9923632
7314961806,273118982,0.9923632
7312763356,280924752,0.99236244
7303599717,280924752,0.99236244
7314773412,280924752,0.99236244
7306629555,280924752,0.99236244
7316897997,280924752,0.99236244
7315320826,278772198,0.99236137
7315402564,278767938,0.9923605
7312292406,280421796,0.9923598
7312759347,280806392,0.99235874
7306113848,280357997,0.9923587
7313763684,259754569,0.99235725
7311930492,278453438,0.99235696
7311028933,277800425,0.99235666
7303897880,277800425,0.99235666
7316906741,276948629,0.992356
7306615030,276822287,0.9923534
7313294508,276822287,0.9923534
7314351091,281032432,0.9923533
7303612024,281032432,0.9923533
7313911890,280962588,0.9923533
7310904476,281032432,0.9923533
7307216922,281032432,0.9923533
7314348451,281032432,0.9923533
7307846732,279031689,0.9923529
7308363073,278652669,0.9923522
7303760468,278652669,0.9923522
7316661031,279524372,0.9923522
7314421082,278652669,0.9923522
7311466490,278652669,0.9923522
7306782887,278652669,0.9923522
7316216823,276557614,0.9923522
7312921268,278652669,0.9923522
7316758427,279524372,0.9923522
7309932012,278652669,0.9923522
7305244218,278652669,0.9923522
7310288876,277264404,0.9923521
7310288977,277264404,0.9923521
7311319486,277898710,0.99235207
7301991880,277898710,0.99235207
7311244871,275716385,0.99235207
7303333229,275903870,0.99235207
7306055010,277898710,0.99235207
7316352374,280653359,0.99235207
7316160628,280917885,0.99235207
7306108630,280917885,0.99235207
7314115985,276084628,0.99235207
7311284668,277898710,0.99235207
7311697688,275903870,0.99235207
7309187508,279175649,0.99235207
7311818753,277898710,0.99235207
7311245434,277898710,0.99235207
7316435884,276084628,0.99235207
7313735454,276464556,0.99235195
7304120974,276464556,0.99235195
7316121258,276464556,0.99235195
7304093592,276464556,0.99235195
7308172925,276464556,0.99235195
7308139386,276464556,0.99235195
7313728581,276464556,0.99235195
7309274969,281228497,0.99235195
7315208714,276464556,0.99235195
7313372007,276856492,0.9923519
7313858495,276856492,0.9923519
7311818428,276856492,0.9923519
7311171363,275646009,0.9923519
7307759218,275646009,0.9923519
7310913332,276856492,0.9923519
7312931807,276856492,0.9923519
7303469596,277470089,0.99235183
7307793644,276247890,0.99234927
7306690733,276247890,0.99234927
7315339311,279846075,0.9923487
7314496739,278661794,0.9923485
7311928329,280084174,0.99234635
7314954361,269874242,0.99234605
7306173792,278430332,0.9923454
7312780585,253987712,0.9923454
7313763418,275586796,0.9923447
7312705618,266975372,0.99234444
7307685462,280127180,0.9923442
7314377886,244649107,0.9923439
7314879820,276667665,0.99234325
7309916107,280831746,0.99234307
7312883970,280831746,0.99234307
7309823985,280831746,0.99234307
7302122579,280831746,0.99234307
7310330149,280831746,0.99234307
7307254532,280831746,0.99234307
7307280360,280831746,0.99234307
7312864851,280831746,0.99234307
7305623374,280831746,0.99234307
7307237210,280831746,0.99234307
7310915333,280831746,0.99234307
7309268951,280831746,0.99234307
7304225804,280831746,0.99234307
7306754899,280831746,0.99234307
7312828794,280831746,0.99234307
7302068517,280831746,0.99234307
7305599011,280831746,0.99234307
7310306394,280831746,0.99234307
7303683232,280831746,0.99234307
7306755428,280831746,0.99234307
7313338862,280831746,0.99234307
7302095801,280831746,0.99234307
7311444143,280831746,0.99234307
7305584708,280831746,0.99234307
7316172939,279084236,0.9923415
7314828027,277969459,0.9923401
7314819986,277969459,0.9923401
7307790420,277969459,0.9923401
7307791616,277969459,0.9923401
7307260025,278453038,0.9923399
7308198678,279474148,0.9923391
7307180598,220748558,0.99233884
7315875465,272720118,0.99233764
7312937765,273870481,0.9923376
7303332853,280569878,0.9923376
7309146969,271248581,0.9923376
7309134492,271248581,0.9923376
7308317390,273870481,0.9923376
7309129924,271248581,0.9923376
7313354975,278570603,0.9923372
7315020737,279246617,0.9923366
7311931787,272171179,0.9923349
7313013043,280895238,0.9923345
7307393082,280895238,0.9923345
7316411348,280895238,0.9923345
7306078267,276470358,0.9923339
7314275249,280020504,0.9923339
7306705375,276470358,0.9923339
7304290495,278794157,0.9923336
7315365785,280108390,0.9923334
7313432197,262888827,0.9923334
7316554398,281496668,0.99233276
7311354029,281496668,0.99233276
7314775050,268036331,0.9923317
7302115121,279986646,0.9923309
7314724142,271248581,0.9923305
7302021472,280598881,0.99232924
7302328841,270418841,0.9923291
7316665782,276699202,0.9923265
7311452706,280157521,0.9923258
7313532473,280157521,0.9923258
7310033762,257432933,0.9923255
7304108299,278568097,0.99232453
7310597461,278608582,0.9923243
7310608561,278608582,0.9923243
7303569689,277533711,0.99232364
7315404734,281523234,0.9923231
7309169482,276543567,0.9923217
7306088761,276543567,0.9923217
7310500453,260012104,0.99232167
7314448530,279364450,0.9923216
7315970461,279364450,0.9923216
7313247996,278495973,0.99232155
7314284240,271275621,0.99232155
7307629819,278495973,0.99232155
7314466137,275978598,0.99232155
7303015145,278495973,0.99232155
7303015117,278495973,0.99232155
7306574647,271275621,0.99232155
7306566216,271275621,0.99232155
7314258198,271275621,0.99232155
7313754962,278495973,0.99232155
7313729420,271275621,0.99232155
7314263786,271275621,0.99232155
7304764303,279158819,0.99232155
7316109906,278495973,0.99232155
7308192301,271275621,0.99232155
7303542939,278495973,0.99232155
7307082416,271275621,0.99232155
7315982771,275978598,0.99232155
7311929329,280661159,0.9923215
7310987218,280661159,0.9923215
7312938032,280661159,0.9923215
7312934750,280661159,0.9923215
7313845763,280661159,0.9923215
7311399142,280661159,0.9923215
7311854830,280661159,0.9923215
7310860039,280661159,0.9923215
7303586965,281034657,0.9923214
7314800190,277157820,0.9923214
7306194755,278648715,0.99232125
7311480876,278648715,0.99232125
7303130525,278648715,0.99232125
7302501590,274482797,0.9923206
7307621394,274482797,0.9923206
7304592269,274482797,0.9923206
7313747263,274482797,0.9923206
7313233596,274482797,0.9923206
7302103761,279815300,0.9923202
7307846517,279815300,0.9923202
7302103400,279815300,0.9923202
7302104256,279815300,0.9923202
7302104266,279815300,0.9923202
7302104597,279815300,0.9923202
7302103762,279815300,0.9923202
7307853486,279815300,0.9923202
7302104607,279815300,0.9923202
7302103398,279815300,0.9923202
7311101632,273766273,0.99232
7312103506,281170639,0.99232
7314767586,277889297,0.99231976
7307642788,279999229,0.99231976
7302963438,277654997,0.9923193
7313694025,276979411,0.99231833
7315274011,280136144,0.99231833
7306560857,230640445,0.99231833
7306226664,278733420,0.99231815
7311061570,278733420,0.99231815
7306923715,278733420,0.99231815
7316752854,278733420,0.99231815
7314240726,275569513,0.9923181
7307357712,278938570,0.9923178
7316718729,267303816,0.9923169
7315295582,267303816,0.9923169
7313321296,267303816,0.9923169
7310325424,267303816,0.9923169
7311898887,267303816,0.9923169
7309235685,267303816,0.9923169
7314311826,267303816,0.9923169
7306923534,275037135,0.99231637
7311012430,275573480,0.9923158
7314556754,275573480,0.9923158
7316160779,279602434,0.99231493
7311309072,280468573,0.99231476
7305739912,276616781,0.9923135
7302212240,273039155,0.9923134
7316383112,277063147,0.9923126
7311306932,270855937,0.9923123
7311306999,270855937,0.9923123
7316298776,274396448,0.99231166
7309534882,278659935,0.99231106
7315576821,271009556,0.9923099
7312869270,281125790,0.9923099
7307754912,271009556,0.9923099
7315573503,271009556,0.9923099
7312858722,281125790,0.9923099
7311946557,273291630,0.9923096
7313797165,278160611,0.9923096
7308261951,273291630,0.9923096
7308462493,280347913,0.9923088
7308208651,276137025,0.9923077
7306838776,279217448,0.9923068
7309348269,274262359,0.99230623
7309346996,274262359,0.99230623
7309345289,274262359,0.99230623
7310810667,280043924,0.99230593
7316652446,255248115,0.9923038
7310404522,253067422,0.9923038
7313776432,253067422,0.9923038
7307246668,253067422,0.9923038
7310871522,266700463,0.99230367
7313487425,266700463,0.99230367
7316554467,266700463,0.99230367
7311362050,280403971,0.9923036
7311362038,280403971,0.9923036
7307483652,279863074,0.9923029
7311085325,273846556,0.99230266
7304704854,273846556,0.99230266
7315332696,273846556,0.99230266
7313973337,279575194,0.99230164
7312377882,280959223,0.99230164
7304883118,280488121,0.99230134
7306309307,277376439,0.99230003
7314511884,278817322,0.99229854
7314467662,276083245,0.9922979
7310986348,280661153,0.9922973
7312932152,280661153,0.9922973
7311399107,280661153,0.9922973
7309903776,280661153,0.9922973
7311818479,280661153,0.9922973
7310859973,280661153,0.9922973
7311854925,280661153,0.9922973
7313674151,280082678,0.9922972
7315129085,278756909,0.9922961
7311684342,281580508,0.99229515
7315131689,281580508,0.99229515
7311688938,281580508,0.99229515
7315136501,281580508,0.99229515
7308040192,281580508,0.99229515
7315140819,281580508,0.99229515
7316165489,280133500,0.9922946
7312764089,280133500,0.9922946
7314537015,278032194,0.99229413
7314524162,278032194,0.99229413
7305705428,278662062,0.9922941
7302335749,267155970,0.9922936
7314946267,277848968,0.9922934
7316395211,277848968,0.9922934
7313273587,277829492,0.9922908
7316694728,281033541,0.9922908
7314869643,278775769,0.9922907
7311815474,265907897,0.99228984
7311422637,278400339,0.992289
7302963166,267558338,0.9922873
7303220807,271766025,0.9922867
7307151371,281579925,0.992286
7314774614,281579925,0.992286
7313821652,278523123,0.99228597
7316358855,279575194,0.9922853
7307594201,281767279,0.9922848
7311272056,238274940,0.99228436
7316659051,238274940,0.99228436
7303164083,274820244,0.9922838
7316478312,281653213,0.9922838
7310439243,274820244,0.9922838
7315590826,276816731,0.99228376
7309081386,279264620,0.99228376
7313402860,280278202,0.99228376
7310309384,280278202,0.99228376
7310309977,280278202,0.99228376
7306629779,280278202,0.99228376
7306234826,280278202,0.99228376
7311244859,279899688,0.99228376
7310152258,276816731,0.99228376
7309230168,280278202,0.99228376
7307517050,276816731,0.99228376
7314693889,279899688,0.99228376
7309970243,280278202,0.99228376
7309969382,280278202,0.99228376
7307672790,280278202,0.99228376
7308208016,280278202,0.99228376
7307641678,280847373,0.99228364
7307128145,280847373,0.99228364
7310964679,277767790,0.99228364
7316475606,271549869,0.99228364
7313246202,150470716,0.99228364
7314445598,252685617,0.99228364
7314386835,278243188,0.99228364
7304857352,278098468,0.99228364
7315932722,278243188,0.99228364
7302275973,277767790,0.99228364
7307103141,280847373,0.99228364
7302236406,276866474,0.99228364
7314395401,278243188,0.99228364
7310963922,277767790,0.99228364
7314228580,280847375,0.99228364
7314228630,280847375,0.99228364
7314231319,280847375,0.99228364
7315469210,281132492,0.99228364
7302015959,280847373,0.99228364
7316898078,276866474,0.99228364
7311954719,262554656,0.9922836
7309903987,280661165,0.9922836
7313842548,280661165,0.9922836
7311823232,280661165,0.9922836
7309902633,280661165,0.9922836
7311401144,280661165,0.9922836
7311502475,280661165,0.9922836
7314955094,279317490,0.9922835
7316892763,279317490,0.9922835
7314947208,279317490,0.9922835
7309765425,281655310,0.99228346
7306142565,280818168,0.99228346
7315365955,281655310,0.99228346
7303584887,281655310,0.99228346
7314467620,280208539,0.99228317
7303712064,276866384,0.99228257
7315005648,276866384,0.99228257
7311041517,276866384,0.99228257
7303678623,279607680,0.9922821
7302709506,281714114,0.99228156
7315474403,281714114,0.99228156
7306585845,278832216,0.9922812
7302494501,278832216,0.9922812
7307826923,281551366,0.992281
7316418907,265338366,0.99228096
7313356038,278938581,0.99228007
7316886780,278938581,0.99228007
7315296792,243264240,0.9922789
7309307883,243264240,0.9922789
7310865266,245495458,0.99227655
7315474465,281714104,0.99227583
7308937777,267026695,0.992275
7309841283,281270637,0.99227375
7309831138,281270637,0.99227375
7304351818,279985725,0.9922734
7304348006,279985725,0.9922734
7314647138,276458719,0.9922728
7315243385,281655622,0.99227244
7316672495,279015128,0.99226654
7315037841,275093431,0.99226505
7304324355,275093431,0.99226505
7311572113,275093431,0.99226505
7310940193,280570460,0.9922635
7315475359,281710644,0.9922632
7303679003,281138943,0.992262
7315475576,281138943,0.992262
7316224283,280184442,0.9922612
7315485882,280184442,0.9922612
7315485764,280184442,0.9922612
7304261857,278117213,0.99226105
7313372579,278117213,0.99226105
7304312349,278117213,0.99226105
7304312931,278117213,0.99226105
7304267314,278117213,0.99226105
7304261413,278117213,0.99226105
7304812438,278117213,0.99226105
7309190892,278117213,0.99226105
7304792234,278117213,0.99226105
7312865726,273791128,0.9922608
7302122712,273791128,0.9922608
7302130647,273791128,0.9922608
7305732800,273791128,0.9922608
7306151613,273791128,0.9922608
7302068174,273791128,0.9922608
7302077019,273791128,0.9922608
7312811763,273791128,0.9922608
7309317337,273791128,0.9922608
7316312030,273791128,0.9922608
7314878355,273791128,0.9922608
7309797449,273791128,0.9922608
7302094180,273791128,0.9922608
7316789086,273791128,0.9922608
7302168320,273791128,0.9922608
7316692369,271234145,0.99226075
7316278967,263577178,0.99225974
7315718643,281215003,0.9922596
7307141018,281215003,0.9922596
7308702257,281215003,0.9922596
7309325489,281558522,0.992259
7310859879,135156868,0.99225646
7313669362,279707868,0.99225557
7317028619,247371729,0.9922555
7317028639,247371729,0.9922555
7316972240,273825397,0.99225545
7315842747,272657038,0.9922551
7307921866,271173725,0.99225444
7315716770,237845588,0.9922542
7312825377,281653213,0.9922503
7306638056,279135722,0.99224997
7315049139,256565206,0.99224734
7313221519,277248248,0.99224705
7309687009,277248248,0.99224705
7309274583,276916782,0.9922425
7306628563,254977021,0.992241
7310307388,254977021,0.992241
7310308827,254977021,0.992241
7309232220,254977021,0.992241
7307671620,254977021,0.992241
7308207373,254977021,0.992241
7312960971,254977021,0.992241
7313790209,254977021,0.992241
7306237997,254977021,0.992241
7314500005,278652861,0.99224097
7315716061,278921494,0.99224055
7315746559,278257293,0.99224025
7308208768,272734719,0.9922395
7311824557,272734719,0.9922395
7311463753,272734719,0.9922395
7311823170,276301049,0.99223924
7310912158,276301049,0.99223924
7311400901,276301049,0.99223924
7311856321,276301049,0.99223924
7309900990,276301049,0.99223924
7304180216,259581099,0.99223894
7304171053,259581099,0.99223894
7315875823,280861399,0.9922386
7310824108,280737474,0.99223644
7304724875,280737474,0.99223644
7312757148,280737474,0.99223644
7314768226,280737474,0.99223644
7316257054,268304730,0.99223626
7316528048,275590830,0.99223614
7314807440,278873510,0.99223596
7306839301,269043693,0.9922356
7307912717,280494378,0.99223554
7315540202,280042983,0.99223554
7304763286,280494378,0.99223554
7304396438,280042983,0.99223554
7314653892,281331986,0.99223554
7309213909,281092711,0.9922353
7314483033,274193521,0.9922353
7305530502,276398917,0.9922353
7303170043,279099901,0.9922353
7303553915,279302215,0.9922353
7304846352,281092711,0.9922353
7308155214,279302215,0.9922353
7309139038,279302215,0.9922353
7310844480,271457552,0.9922353
7303554118,279302215,0.9922353
7307676238,281092711,0.9922353
7308161596,279302215,0.9922353
7303079328,279302215,0.9922353
7306567249,279302215,0.9922353
7304063807,276398917,0.9922353
7309214489,281092711,0.9922353
7308211206,281092711,0.9922353
7304803002,281092711,0.9922353
7316413255,278243189,0.9922353
7314103836,278243189,0.9922353
7314715837,279302215,0.9922353
7304314224,279005444,0.99223506
7302037493,263119623,0.99223506
7304268469,279005444,0.99223506
7314798529,275298008,0.9922344
7304309103,276008714,0.99223423
7310963920,277470136,0.9922342
7310964678,277470136,0.9922342
7304351834,279237517,0.9922334
7304347910,279237517,0.9922334
7315116442,278654313,0.99223286
7313805352,264736174,0.99223274
7306176173,281199381,0.9922315
7302570162,281199381,0.9922315
7312854641,281199381,0.9922315
7309824248,281199381,0.9922315
7312901823,281199381,0.9922315
7305598953,281199381,0.9922315
7311373874,281199381,0.9922315
7307780869,281199381,0.9922315
7311941823,281199381,0.9922315
7302513420,278495974,0.9922307
7301968683,278495974,0.9922307
7311856323,277912099,0.99223006
7310330035,277912099,0.99223006
7308736753,277912099,0.99223006
7313323593,277912099,0.99223006
7314808397,277912099,0.99223006
7306313424,281850494,0.9922286
7308161816,279301298,0.99222726
7310302759,279904326,0.9922272
7313954329,279904326,0.9922272
7307281549,279904326,0.9922272
7310772780,279904326,0.9922272
7303328988,279084236,0.9922272
7304356803,279904326,0.9922272
7303329584,279084236,0.9922272
7310535041,250145983,0.99222714
7306639525,279244101,0.99222696
7314771671,279244101,0.99222696
7313830621,256884755,0.9922249
7313820820,256884755,0.9922249
7313611700,279749579,0.9922248
7312735479,279912917,0.99222416
7316137619,279912917,0.99222416
7313323782,280910495,0.9922237
7307183434,280910495,0.9922237
7314808694,280910495,0.9922237
7308736928,280910495,0.9922237
7311856731,280910495,0.9922237
7310330336,280910495,0.9922237
7305704545,275428972,0.9922236
7308317582,255371283,0.9922213
7311402395,255371283,0.9922213
7313842778,255371283,0.9922213
7303675400,255371283,0.9922213
7311400700,255371283,0.9922213
7313859923,255371283,0.9922213
7310912243,255371283,0.9922213
7316219850,278805686,0.99222094
7315474938,279087158,0.99221987
7302709675,279087158,0.99221987
7315024973,275791030,0.9922193
7315025047,275791030,0.9922193
7315025072,275791030,0.9922193
7304632361,280874937,0.99221814
7312755949,278959554,0.99221796
7304763126,281652363,0.9922179
7307912517,281652363,0.9922179
7311433794,280838215,0.9922168
7311431445,277654184,0.9922168
7306121314,278977947,0.9922161
7306706065,280322113,0.99221563
7313248481,279183432,0.9922146
7313493401,268584110,0.9922137
7312004601,280799926,0.9922117
7311352119,239460651,0.9922117
7311968037,281787842,0.99221164
7313423227,281787842,0.99221164
7315265845,281787842,0.99221164
7311962220,281787842,0.99221164
7311975162,281787842,0.99221164
7313427192,281787842,0.99221164
7311957827,281787842,0.99221164
7314945424,279077997,0.9922101
7311922841,275065221,0.99221003
7310873954,275065221,0.99221003
7315828248,275065221,0.99221003
7314376722,275065221,0.99221003
7315865276,275065221,0.99221003
7310111311,281621263,0.992209
7313889030,277874065,0.9922089
7316785142,277874065,0.9922089
7313333012,277874065,0.9922089
7307786686,277874065,0.9922089
7304671196,277874065,0.9922089
7310905021,277874065,0.9922089
7308393301,277874065,0.9922089
7311344725,281730062,0.9922084
7305576825,279993042,0.9922078
7308225659,275602990,0.99220735
7311330621,275602990,0.99220735
7302574980,275602990,0.99220735
7305133987,275602990,0.99220735
7311587232,277293311,0.992206
7316476033,268331138,0.992206
7314142608,277293311,0.992206
7306349651,275566845,0.99220574
7308207206,277434135,0.9922052
7313053335,280144510,0.99220276
7315775381,278839939,0.99220246
7310875883,278839939,0.99220246
7314507398,278839939,0.99220246
7312353544,278839939,0.99220246
7307745266,278839939,0.99220246
7302802079,278839939,0.99220246
7313799617,277567933,0.9922019
7315474893,276930076,0.9922014
7302709620,276930076,0.9922014
7316739757,274145908,0.99220073
7310784314,276627818,0.99220043
7314392706,276627818,0.99220043
7302727900,255377375,0.9922001
7303803780,255377375,0.9922001
7303809176,255377375,0.9922001
7306346385,255377375,0.9922001
7313984929,255377375,0.9922001
7307853086,280064101,0.9922001
7311482785,255377375,0.9922001
7307780322,255377375,0.9922001
7316788334,255377375,0.9922001
7310431521,255377375,0.9922001
7311856232,277785591,0.9921984
7310913351,277785591,0.9921984
7311930638,277785591,0.9921984
7313372253,277785591,0.9921984
7302565533,277785591,0.9921984
7311500796,277785591,0.9921984
7313844369,277785591,0.9921984
7314249184,277191277,0.9921953
7313757796,277191277,0.9921953
7313252665,277191277,0.9921953
7316678766,274471247,0.9921953
7313253463,277191277,0.9921953
7305648017,279005143,0.9921952
7305648067,279005143,0.9921952
7305648107,279005143,0.9921952
7305647534,279005143,0.9921952
7311797964,278831490,0.9921951
7308873663,280917145,0.9921948
7309761414,277999210,0.9921939
7310288929,277999210,0.9921939
7304351837,279237522,0.9921931
7304348043,279237522,0.9921931
7314766596,277266364,0.9921928
7309736435,281037918,0.9921926
7313289960,272432582,0.9921923
7304152259,278182884,0.9921918
7302086512,273791110,0.9921918
7312856711,273791110,0.9921918
7312864943,273791110,0.9921918
7302086623,273791110,0.9921918
7302077393,273791110,0.9921918
7310313803,273791110,0.9921918
7312874706,273791110,0.9921918
7315381804,273791110,0.9921918
7313399203,273791110,0.9921918
7309915982,273791110,0.9921918
7305614096,273791110,0.9921918
7316313904,273791110,0.9921918
7307202282,273791110,0.9921918
7316730767,273791110,0.9921918
7307245297,273791110,0.9921918
7316738649,273791110,0.9921918
7316731289,273791110,0.9921918
7316746883,273791110,0.9921918
7305762029,278182884,0.9921918
7305762134,278182884,0.9921918
7302096146,273791110,0.9921918
7304678473,273791110,0.9921918
7307254612,273791110,0.9921918
7310330064,273791110,0.9921918
7307280272,273791110,0.9921918
7305591421,273791110,0.9921918
7305599077,273791110,0.9921918
7309327667,273791110,0.9921918
7307245395,273791110,0.9921918
7311348832,273791110,0.9921918
7305591485,273791110,0.9921918
7302086733,273791110,0.9921918
7312838880,273791110,0.9921918
7310306311,273791110,0.9921918
7304610161,280577467,0.9921913
7311444497,278924491,0.99219024
7311404641,278924491,0.99219024
7311434168,278924491,0.99219024
7311415170,278924491,0.99219024
7311424395,278924491,0.99219024
7315868670,273831380,0.9921872
7315837800,273831380,0.9921872
7309278734,281351465,0.9921863
7308260735,280164977,0.99218625
7308260392,280164977,0.99218625
7306141028,280164977,0.99218625
7306140125,280164977,0.99218625
7302068319,280164977,0.99218625
7313953646,273025771,0.99218297
7310291221,278335074,0.9921828
7311694334,279299527,0.99218273
7305701620,277829611,0.99218136
7315715818,281274997,0.9921803
7313237751,280427952,0.9921782
7301976445,280427952,0.9921782
7313237700,280427952,0.9921782
7307618730,280427952,0.9921782
7306580206,280427952,0.9921782
7311817721,279208596,0.9921772
7308203133,279912576,0.99217707
7314791658,279600496,0.9921769
7316412189,279600496,0.9921769
7315966767,279600496,0.9921769
7305906114,279600496,0.9921769
7306621839,279993042,0.99217683
7316815182,280835412,0.9921759
7315005145,280835412,0.9921759
7314438286,280835412,0.9921759
7310409647,278990192,0.99217534
7316377330,278990192,0.99217534
7316418926,280711048,0.99217516
7302734414,257204801,0.9921722
7311839134,274491738,0.9921719
7314990612,280345923,0.9921719
7309973300,280100321,0.9921716
7308206426,280100321,0.9921716
7309972871,280100321,0.9921716
7309234660,280100321,0.9921716
7309233422,280100321,0.9921716
7310311136,280278209,0.9921716
7309231126,280278209,0.9921716
7310306223,280100321,0.9921716
7307670783,280100321,0.9921716
7306236731,280278209,0.9921716
7313789441,280100321,0.9921716
7313788440,280100321,0.9921716
7313805965,280278209,0.9921716
7310306816,280100321,0.9921716
7310799549,280278209,0.9921716
7306064882,279534030,0.9921704
7311270901,279534030,0.9921704
7305544040,279534030,0.9921704
7311268001,279534030,0.9921704
7311431553,276543481,0.9921701
7315005366,281518596,0.99216956
7314438483,281518596,0.99216956
7303590109,273653239,0.9921684
7308462610,280148821,0.99216825
7304535297,277248185,0.9921653
7313994701,265726835,0.9921646
7315715835,279891693,0.9921645
7313777933,279852478,0.992164
7316214648,274396023,0.99216324
7303353564,274396023,0.99216324
7314674275,274396023,0.99216324
7314154077,274396023,0.99216324
7313299294,274396023,0.99216324
7306856781,274396023,0.99216324
7310568145,274396023,0.99216324
7316957204,280763473,0.9921619
7316957222,280763473,0.9921619
7312992965,268062219,0.99215883
7309219941,276952309,0.99215543
7305585071,280386155,0.9921551
7304118326,280386155,0.9921551
7309472655,274149320,0.9921492
7309886529,277934764,0.99214906
7309886332,277934764,0.99214906
7313432008,280747478,0.99214906
7308239863,280127695,0.9921481
7311604279,280740561,0.99214804
7308070837,280740561,0.99214804
7311824631,280740561,0.99214804
7309485301,268638155,0.99214596
7313867703,256319452,0.99214584
7316631030,270479141,0.9921457
7310226101,270479141,0.9921457
7313244397,270479141,0.9921457
7316170459,270479141,0.9921457
7303071217,270479141,0.9921457
7314279275,270479141,0.9921457
7309737225,270479141,0.9921457
7310234496,270479141,0.9921457
7310142491,281302574,0.9921432
7316158566,235079477,0.99214166
7316734169,279731112,0.9921404
7309833709,279731112,0.9921404
7306146526,279731112,0.9921404
7313305430,279731112,0.9921404
7313762912,279934082,0.9921357
7315044628,279110310,0.99213564
7301665935,269540735,0.99213517
7310346900,269540735,0.99213517
7311824672,281489637,0.9921334
7303085763,280412234,0.9921334
7308070875,281489637,0.9921334
7309190341,280412234,0.9921334
7307664347,280412234,0.9921334
7311604371,281489637,0.9921334
7315093403,279887680,0.9921322
7311706636,279887680,0.9921322
7307407431,280769371,0.9921319
7310945665,280501715,0.99213165
7314919707,280501715,0.99213165
7316158600,278868738,0.99212974
7302026298,281029238,0.99212873
7310968286,255699293,0.99212736
7316138454,272692400,0.9921242
7312761777,275345256,0.99212277
7312762661,275345256,0.99212277
7308221388,258707264,0.992121
7310929634,281547678,0.99211884
7307789760,281547678,0.99211884
7314568341,263735985,0.9921169
7311266753,255248115,0.9921168
7315720593,280412213,0.9921119
7313432850,273668595,0.9921099
7314365703,279223787,0.9921089
7312826030,279481261,0.992107
7314690879,281050541,0.9921029
7303592123,279677064,0.9921019
7313279727,279677064,0.9921019
7315293197,271264445,0.992094
7316404793,281619374,0.9920916
7315316307,279903111,0.99208796
7311874936,279903111,0.99208796
7308469359,279160365,0.9920869
7315503639,280769371,0.9920869
7312875126,274187852,0.9920858
7302159911,268758038,0.99208564
7302141412,268758038,0.99208564
7302141299,268758038,0.99208564
7302690072,268758038,0.99208564
7302610658,268758038,0.99208564
7315716762,278755500,0.9920844
7304393393,277062776,0.9920843
7315556580,281510762,0.9920843
7307342687,278730398,0.9920842
7308189000,280568687,0.9920842
7305131657,279008909,0.9920841
7311819577,276301045,0.9920839
7316287286,278621241,0.9920839
7311402353,276301045,0.9920839
7313372031,276301045,0.9920839
7312937845,276301045,0.9920839
7312931776,276301045,0.9920839
7311401017,276301045,0.9920839
7310987077,276301045,0.9920839
7303679350,260324395,0.9920838
7306284977,272980957,0.9920837
7312559837,272980957,0.9920837
7309389330,272980957,0.9920837
7303773286,272980957,0.9920837
7303011764,276398915,0.99208367
7310305613,279985142,0.99208367
7310301973,279985142,0.99208367
7304262371,279349284,0.99208367
7304274730,276128082,0.99208367
7304628336,280278208,0.99208367
7308208764,280278208,0.99208367
7308205802,279985142,0.99208367
7315004995,268036331,0.99208367
7309972215,279985142,0.99208367
7304844802,280278208,0.99208367
7304814081,279349284,0.99208367
7314438135,268036331,0.99208367
7307609319,276398915,0.99208367
7306235567,280278208,0.99208367
7307669776,279985142,0.99208367
7307673701,280278208,0.99208367
7306625200,279985142,0.99208367
7307153552,276398915,0.99208367
7307127718,276398915,0.99208367
7309235446,279985142,0.99208367
7310857250,275130679,0.99208355
7309902143,275130679,0.99208355
7310911857,275130679,0.99208355
7313859809,275130679,0.99208355
7310987119,275130679,0.99208355
7311929176,275130679,0.99208355
7309851647,280308508,0.99208295
7309851622,280308508,0.99208295
7302140954,273510492,0.99208194
7302078680,273510492,0.99208194
7302094396,273510492,0.99208194
7302149681,273510492,0.99208194
7306136066,273510492,0.99208194
7306136155,273510492,0.99208194
7302094747,273510492,0.99208194
7302054879,273510492,0.99208194
7309347052,273510492,0.99208194
7309356659,273510492,0.99208194
7302085761,273510492,0.99208194
7313558731,277813401,0.99207765
7303820010,273490727,0.9920774
7316334319,271093227,0.99207115
7306646072,280861399,0.9920669
7314189825,276883945,0.99206656
7310877159,276867205,0.9920662
7313262449,276867205,0.9920662
7316139811,276867205,0.9920662
7306605534,276867205,0.9920662
7303249282,274457396,0.99206376
7306312464,260477278,0.9920635
7311498457,280172034,0.9920632
7312990576,280172034,0.9920632
7315338586,280172034,0.9920632
7309256592,280172034,0.9920632
7311112848,281113126,0.9920624
7316884477,281647660,0.99206203
7315071248,278354600,0.9920615
7307239457,281081332,0.99206114
7309717629,281092968,0.99206024
7303595264,281092968,0.99206024
7307622835,281092968,0.99206024
7307609179,281092968,0.99206024
7315299462,247765283,0.9920565
7303678889,279163711,0.9920561
7314806255,281244620,0.9920506
7313357507,281244620,0.9920506
7311490694,281244620,0.9920506
7312761897,277837705,0.99204546
7312762746,277837705,0.99204546
7311799938,278448463,0.9920405
7313263675,278448463,0.9920405
7307641142,278448463,0.9920405
7316695903,275297108,0.99203175
7312899848,266704788,0.9920211
7315229786,281014586,0.9920192
7316237241,281014586,0.9920192
7316528009,273813672,0.99201643
7308338271,280044649,0.99201447
7310469619,280044649,0.99201447
7313084831,280044649,0.99201447
7303686021,278937445,0.99200904
7303685983,278937445,0.99200904
7302004354,278717793,0.99200773
7314144516,280118438,0.9920064
7311163078,280118438,0.9920064
7304630501,280531572,0.9920042
7316795716,277931925,0.99200207
7313645943,272756338,0.99198943
7304886270,277356382,0.9919892
7312030224,277356382,0.9919892
7306464836,281549577,0.9919854
7302946248,281549577,0.9919854
7306476136,281549577,0.9919854
7306470483,281549577,0.9919854
7306481586,281549577,0.9919854
7311474788,280690607,0.99198455
7313948327,276977462,0.9919829
7315039206,281423124,0.9919817
7316258151,278204804,0.9919808
7310911979,278204804,0.9919808
7306891297,280019172,0.9919747
7315332225,280019172,0.9919747
7316158565,274426293,0.9919744
7306338697,265085682,0.99197316
7316685056,250918949,0.9919674
7316774688,278675132,0.99196476
7310183574,278675132,0.99196476
7314773562,278675132,0.99196476
7313046363,278675132,0.99196476
7313877903,281251878,0.99196357
7303851601,277790095,0.9919565
7315402799,281652363,0.99195516
7311570983,281652363,0.99195516
7304029449,275136693,0.991955
7311245288,275136693,0.991955
7308039146,277293311,0.991955
7315237100,276464560,0.99195486
7303718249,281671843,0.99195486
7310226069,276464560,0.99195486
7308209999,276464560,0.99195486
7307664610,275978296,0.99195486
7309766941,276464560,0.99195486
7306618334,275978296,0.99195486
7314270111,276464560,0.99195486
7316642934,276464560,0.99195486
7316141375,276464560,0.99195486
7305519815,276464560,0.99195486
7316120994,276464560,0.99195486
7312847261,278449325,0.99195445
7310487681,265461756,0.99195445
7304199979,281578607,0.9919542
7308352129,281578607,0.9919542
7311775358,278853085,0.9919532
7312703767,278853085,0.9919532
7311768293,278853085,0.9919532
7302207279,278354689,0.99195296
7316885755,280132436,0.9919526
7313354192,280132436,0.9919526
7316506023,280654029,0.99195254
7307218912,279355834,0.991952
7310853238,279355834,0.991952
7316898039,252962310,0.9919443
7313933985,252962310,0.9919443
7313970686,252962310,0.9919443
7316853053,252962310,0.9919443
7303097856,279264620,0.9919358
7316447069,281230010,0.99193436
7314924798,280017855,0.9919312
7303984530,184123083,0.9919183
7303985214,184123083,0.9919183
7303984226,184123083,0.9919183
7303983998,184123083,0.9919183
7303984768,184123083,0.9919183
7310180136,278248811,0.99191284
7303122452,278248811,0.99191284
7302624304,278248811,0.99191284
7316718700,278248811,0.99191284
7310033198,275454819,0.9919119
7314845779,278595740,0.9919083
7311244679,277143201,0.9919056
7314692838,277143201,0.9919056
7314236900,280894912,0.9918982
7302963281,249052919,0.9918881
7316663576,280237642,0.99188423
7314226299,278755500,0.9918819
7313228613,278755500,0.9918819
7316253469,280529221,0.9918678
7313272349,276181596,0.9918651
7301992161,280403774,0.9918648
7310602983,280346690,0.9918639
7307626702,275311943,0.9918603
7303707612,275311943,0.9918603
7307390889,281265802,0.9918533
7313384464,278730398,0.99185264
7311003240,252962310,0.9918467
7307317352,252962310,0.9918467
7310487686,252962310,0.9918467
7303808111,279673520,0.99184555
7303800728,279673520,0.99184555
7316444334,273671520,0.9918428
7312344735,280278372,0.99184024
7312352563,280278372,0.99184024
7312337222,280278372,0.99184024
7310922125,281058517,0.9918369
7302111427,275700377,0.9918365
7302050936,275700377,0.9918365
7302159262,275700377,0.9918365
7302570059,275700377,0.9918365
7306151699,275700377,0.9918365
7306176078,275700377,0.9918365
7309806419,275700377,0.9918365
7302108527,275700377,0.9918365
7302108468,275700377,0.9918365
7309815325,275700377,0.9918365
7303155190,275700377,0.9918365
7316975429,277264042,0.9918357
7312875294,274012169,0.9918287
7315237071,278738621,0.9918176
7310882940,260604723,0.9918163
7311285105,276614745,0.9918075
7302144400,241432421,0.99180335
7313861714,277303518,0.9918021
7311835126,279964782,0.9917981
7314123794,281391469,0.99179476
7315402958,280494378,0.99179125
7311571128,280494378,0.99179125
7310888024,281578607,0.99178916
7302546943,197618198,0.991788
7308698605,197618198,0.991788
7316182571,277248248,0.9917854
7306131894,277248248,0.9917854
7314802685,278277417,0.99177974
7310714634,281619374,0.9917711
7315497330,276777985,0.9917673
7315550524,262022160,0.99176425
7312590742,262022160,0.99176425
7315573495,262022160,0.99176425
7304509375,262022160,0.99176425
7314115901,262022160,0.99176425
7311707621,262022160,0.99176425
7308077695,262022160,0.99176425
7314706351,274681765,0.99176383
7310735628,274681765,0.99176383
7315734565,274681765,0.99176383
7306047886,274681765,0.99176383
7306131746,274681765,0.99176383
7312762523,277468092,0.9917586
7303438168,280197566,0.9917499
7303438169,280197566,0.9917499
7316493450,267851020,0.99174815
7310367512,280146341,0.99174696
7301993837,280531572,0.99174684
7311269299,255357510,0.99174666
7302068235,281092711,0.9917465
7304315775,279748984,0.9917465
7302671193,281092711,0.9917465
7307669106,279748984,0.9917465
7301989122,279985142,0.99174625
7301986303,279349284,0.99174625
7312794248,281578607,0.991746
7307181362,279494843,0.99174505
7311432868,277470136,0.99174374
7314876300,279807780,0.99173594
7313570929,277439827,0.9917334
7305062189,277248248,0.9917333
7302207410,279271748,0.9917333
7314392567,279533641,0.99173295
7314383283,279533641,0.99173295
7311529681,275767159,0.9917317
7316166422,280777257,0.9917316
7315020825,281438960,0.9917311
7311431923,280838213,0.9917267
7316518225,278495974,0.99171656
7314740464,280643648,0.99171036
7316757166,281133410,0.9917067
7304165641,278078935,0.9917041
7307917393,245966366,0.9916963
7316198585,275709791,0.9916926
7316189764,275709791,0.9916926
7309294145,278662062,0.9916886
7305694772,278662062,0.9916886
7311809018,278755500,0.9916855
7313241273,281416677,0.99167895
7302963410,274172952,0.99166137
7313575633,280468739,0.99165666
7306751559,278894257,0.99165314
7313649244,281348998,0.991653
7309274643,279748875,0.9916438
7310768056,277242964,0.99163985
7313755325,277242964,0.99163985
7302963519,272424555,0.99163544
7316971936,274524145,0.9916179
7308180291,269519298,0.99161744
7316586791,280530816,0.99161476
7314977954,278263827,0.99161035
7311144389,278662062,0.9915976
7311378791,269000091,0.9915928
7309717449,279124243,0.99159133
7302081736,280821081,0.991588
7305721607,280821081,0.991588
7314145739,247212868,0.9915804
7310969218,247212868,0.9915804
7307516539,247212868,0.9915804
7302022998,247212868,0.9915804
7311680044,247212868,0.9915804
7309768226,247212868,0.9915804
7308279362,280740561,0.99157673
7308279385,280740561,0.99157673
7308279420,280740561,0.99157673
7308279275,280740561,0.99157673
7308279563,280740561,0.99157673
7308279236,280740561,0.99157673
7308279318,280740561,0.99157673
7308279534,280740561,0.99157673
7308279468,280740561,0.99157673
7311456157,279130618,0.9915714
7313755013,278838697,0.99154764
7307648603,278838697,0.99154764
7306124733,278838697,0.99154764
7313249483,278838697,0.99154764
7313247903,278838697,0.99154764
7301615895,278838697,0.99154764
7308194633,278838697,0.99154764
7313293843,278838697,0.99154764
7309192912,280097858,0.991543
7314841454,275497192,0.9915179
7312876187,281528680,0.99151736
7316164191,280293218,0.9915073
7306061778,280146816,0.99148446
7312710329,280146816,0.99148446
7316543389,280730038,0.99148375
7314942806,269715845,0.99148
7315282863,269715845,0.99148
7311426397,269715845,0.99148
7311835338,279160365,0.99147326
7316107300,280078992,0.9914678
7302572790,264819610,0.991466
7304804131,271380596,0.9914658
7304805883,271380596,0.9914658
7304807217,271380596,0.9914658
7316501835,279703431,0.9914559
7312859260,281619374,0.99145395
7312869971,281619374,0.99145395
7316792080,276668781,0.9914368
7313046644,279721775,0.9914351
7309908782,273524770,0.99139714
7314248979,272968721,0.99139583
7315274997,276758631,0.99138904
7310169373,280686257,0.99138796
7311841628,275418390,0.9913818
7306379361,267303816,0.99136984
7311654188,197782954,0.9913606
7314353259,278638634,0.99135876
7310957286,277806802,0.9913528
7316374856,277360453,0.99134076
7315094000,281788975,0.99133575
7310531320,281598103,0.99133563
7307344389,273756865,0.9913314
7313253900,271494609,0.9913307
7310291134,278838697,0.9913304
7307146541,278838697,0.99132735
7316652301,265338361,0.99130553
7311266620,265338361,0.99130553
7316475999,278623262,0.99129385
7303679402,267803716,0.99129385
7306721880,274085156,0.9912704
7305840994,281114068,0.9912663
7311311128,281333623,0.99126506
7306630261,281333623,0.99126506
7310852959,281333623,0.99126506
7309199011,281333623,0.99126506
7312765684,281333623,0.99126506
7313383813,278058834,0.99126303
7308482362,271234145,0.99126244
7316817149,265947114,0.99126065
7314631098,278759809,0.9912535
7316463051,270677520,0.99125
7311246222,277672425,0.991248
7309199245,256544916,0.9912466
7307724287,256544916,0.9912466
7313838799,256544916,0.9912466
7315265307,256544916,0.9912466
7315014747,270745875,0.9912429
7310867768,276543288,0.99124247
7303792222,274903760,0.99122894
7310902898,277334827,0.9912284
7309197425,277334827,0.9912284
7304826127,277334827,0.9912284
7310343927,277334827,0.9912284
7310904289,277334827,0.9912284
7304783598,277334827,0.9912284
7313390859,277334827,0.9912284
7307682281,277334827,0.9912284
7310903680,277334827,0.9912284
7311941891,280707676,0.99120903
7311442480,280707676,0.99120903
7311506577,280707676,0.99120903
7304666839,280409921,0.991179
7307221609,279735659,0.991171
7314896230,279735659,0.991171
7316237982,276700644,0.9911691
7311248413,278838697,0.99116576
7311248460,278838697,0.99116576
7315272223,273051884,0.99114597
7311092501,280443138,0.99113965
7316216787,274722906,0.99113876
7309267357,280311718,0.9911337
7311378650,257204817,0.9911189
7313882474,257204817,0.9911189
7304083052,248172158,0.99109644
7307964882,279435114,0.99109644
7307956537,279435114,0.99109644
7308777284,279435114,0.99109644
7314281328,280624960,0.99108446
7316281702,280624960,0.99108446
7314281211,280624960,0.99108446
7316263893,280624960,0.99108446
7316245952,280624960,0.99108446
7313870301,267991575,0.9910675
7313870299,267991575,0.9910675
7302237140,280427079,0.9910267
7316960251,279034439,0.9910217
7303750691,280001209,0.9910155
7308230119,277797576,0.9910096
7304279494,277797576,0.9910096
7304278854,277797576,0.9910096
7308214067,277797576,0.9910096
7307678890,277797576,0.9910096
7309207751,277797576,0.9910096
7313830320,281489344,0.99100554
7316300960,279289005,0.99100447
7315276300,271820890,0.99099654
7302699035,277469841,0.99099654
7316251299,275648183,0.99099654
7306339049,276718929,0.99099517
7311066786,281527829,0.9909856
7306609652,280219655,0.99097234
7316277337,281312977,0.9909546
7307193919,274162117,0.99095017
7313875610,273813672,0.990935
7313878053,273813672,0.990935
7310523528,280160265,0.99090093
7306221614,279272640,0.9908945
7306221012,279272640,0.9908945
7306221360,279272640,0.9908945
7314808310,274829182,0.9908862
7314692238,274076646,0.99088365
7311563835,280531076,0.99083805
7315049236,280531076,0.99083805
7302372586,280086728,0.99083805
7316312197,275966718,0.99082696
7316801595,276620254,0.99082494
7307441972,277140937,0.99081403
7301729005,281504895,0.99080867
7302000759,279100066,0.9908045
7313327063,128225424,0.99079895
7315274368,279329972,0.9907814
7303219793,279215969,0.9907772
7313260568,273518181,0.99076843
7316952431,281439123,0.9907677
7316941308,281439123,0.9907677
7316986899,281439123,0.9907677
7316930420,281439123,0.9907677
7316907338,281439123,0.9907677
7316930488,281439123,0.9907677
7316919269,281439123,0.9907677
7313260544,272488117,0.99076384
7314521946,280541497,0.99076134
7313243590,280541497,0.99076134
7314495271,280541497,0.99076134
7303867071,273932100,0.99074745
7307628379,278708280,0.99073166
7302501535,278708280,0.99073166
7306594977,278708280,0.99073166
7301959347,278708280,0.99073166
7301593465,254977021,0.9907292
7301593334,254977021,0.9907292
7301593436,254977021,0.9907292
7301593289,254977021,0.9907292
7301593233,254977021,0.9907292
7301593262,254977021,0.9907292
7301592579,254977021,0.9907292
7301592549,254977021,0.9907292
7301592468,254977021,0.9907292
7301592425,254977021,0.9907292
7301592395,254977021,0.9907292
7301592358,254977021,0.9907292
7316223821,271728059,0.99070686
7302405470,277852926,0.99070454
7310903229,279038753,0.99069464
7310902166,279038753,0.99069464
7310900008,279038753,0.99069464
7309261435,279038753,0.99069464
7309569740,281179256,0.9906726
7314554739,275629972,0.99066824
7308730237,267991575,0.99066263
7308711122,267991575,0.99066263
7308672737,267991575,0.99066263
7314973577,281509690,0.990661
7307974752,281504895,0.99065906
7307674934,280403774,0.9906555
7306233949,280403774,0.9906555
7304845468,280403774,0.9906555
7309968828,280403774,0.9906555
7310311821,280403774,0.9906555
7309229302,280403774,0.9906555
7308210178,280403774,0.9906555
7309216532,280403774,0.9906555
7316743006,276868784,0.9906533
7309408451,279846188,0.9906224
7309329792,280367856,0.9906093
7317030861,281490917,0.9906057
7315037030,277672802,0.9905973
7307367426,277672802,0.9905973
7304264909,277672802,0.9905973
7316480768,277672802,0.9905973
7302309544,277672802,0.9905973
7309453865,277672802,0.9905973
7311431896,252475200,0.9905916
7306449676,277533333,0.99058586
7315600738,277533333,0.99058586
7309018713,277533333,0.99058586
7307515414,277533333,0.99058586
7313142733,277533333,0.99058586
7314554771,263788508,0.99058586
7307407322,278717793,0.99058586
7311106318,280219655,0.9905686
7314729845,275904069,0.9905656
7309153288,275904069,0.9905656
7303022328,275904069,0.9905656
7316114177,275904069,0.9905656
7313250715,275904069,0.9905656
7301979353,275904069,0.9905656
7305523694,275904069,0.9905656
7307444190,279720031,0.99055874
7313499029,276579111,0.9905537
7309382013,276579111,0.9905537
7307837143,280909589,0.9905525
7316501887,275468660,0.990549
7314360434,274613767,0.9905325
7304800557,266209353,0.99052334
7304802275,266209353,0.99052334
7304804281,266209353,0.99052334
7304806293,266209353,0.99052334
7313283708,281440190,0.9905221
7306194660,280979010,0.9905098
7314594821,280818189,0.9905089
7315691077,276937188,0.9905034
7306350410,281734500,0.9905026
7309953294,264618545,0.9905016
7316251679,251669854,0.9905016
7315411806,279959744,0.9905016
7309398324,281496668,0.9905016
7315039170,280600015,0.9905016
7313563945,276487763,0.9904952
7313563924,276487763,0.9904952
7309203386,278576892,0.99049
7310263185,275947576,0.9904898
7303141132,280624972,0.99048364
7310358248,280624972,0.99048364
7304742954,280624972,0.99048364
7307442740,244034045,0.99047595
7308323117,273496954,0.9904759
7312039128,280968456,0.9904744
7316737788,279786364,0.99047256
7313023082,277574456,0.99046683
7314692010,253033613,0.9904591
7311481947,263167949,0.9904576
7315402770,270453848,0.99045205
7314554826,277250418,0.99044913
7313518863,267070441,0.990436
7309360654,279745638,0.9904276
7304268139,263167949,0.990426
7304193145,263167949,0.990426
7314996516,280219655,0.9904143
7316288392,280219655,0.9904143
7315699598,274552875,0.9904084
7304758733,262541711,0.9904059
7304731667,280208709,0.99040335
7316144125,274837776,0.9903892
7313456717,277003983,0.99038863
7309351128,277003983,0.99038863
7303128653,253960077,0.99038863
7303585375,279367231,0.99036396
7315216336,279786344,0.9903611
7313777106,280361631,0.99035984
7313265326,280361631,0.99035984
7301617307,280361631,0.99035984
7302514874,280361631,0.99035984
7310252073,280361631,0.99035984
7315250898,280361631,0.99035984
7308667813,280361631,0.99035984
7305090383,280361631,0.99035984
7312305933,280361631,0.99035984
7314738093,280361631,0.99035984
7314979564,280403774,0.990354
7310750637,279934082,0.99035317
7307738848,280157636,0.9903385
7310836894,280157636,0.9903385
7310834150,280157636,0.9903385
7307739622,280157636,0.9903385
7303242484,280157636,0.9903385
7303243494,280157636,0.9903385
7310834860,280157636,0.9903385
7310833053,280157636,0.9903385
7310832457,280157636,0.9903385
7310833593,280157636,0.9903385
7314468870,279529082,0.99033743
7315349175,259199928,0.9903365
7305875776,259199928,0.9903365
7302650971,259199928,0.9903365
7311587971,259199928,0.9903365
7309503559,259199928,0.9903365
7315241775,277274398,0.9903356
7315996071,280570460,0.9903347
7316122618,279786363,0.9903307
7315444674,242494801,0.99032354
7311519303,281800612,0.9903064
7307610861,278187378,0.9903028
7307610789,278187378,0.9903028
7314718360,278187378,0.9903028
7314718474,278187378,0.9903028
7314718416,278187378,0.9903028
7314718534,278187378,0.9903028
7307610746,278187378,0.9903028
7314718864,274457396,0.99029905
7314718814,274457396,0.99029905
7312254646,274457396,0.99029905
7312254609,274457396,0.99029905
7314718926,274457396,0.99029905
7312254565,274457396,0.99029905
7314718774,274457396,0.99029905
7308276683,257110819,0.99029887
7304819408,257110819,0.99029887
7303797830,257110819,0.99029887
7309399288,274691924,0.99029285
7303584700,274482797,0.99029285
7309765350,274482797,0.99029285
7302529755,184881997,0.99029285
7315365705,274482797,0.99029285
7307790954,274868946,0.9902874
7315030772,280600015,0.9902801
7304411736,280600015,0.9902801
7307990008,280600015,0.9902801
7307633908,258924935,0.9902679
7312729716,258924935,0.9902679
7307337838,266808444,0.99026656
7312959614,266808444,0.99026656
7303071362,221296561,0.99026144
7304250237,279304811,0.9902591
7313260629,276075514,0.9902564
7316196674,280820500,0.9902462
7316194999,280820500,0.9902462
7316193263,280820500,0.9902462
7306303133,281606509,0.99024403
7309400354,278396972,0.99024403
7312007703,281606509,0.99024403
7314072685,280973535,0.9902356
7316856456,263960047,0.9902148
7313142964,276161074,0.9902125
7307498159,276161074,0.9902125
7311689449,276161074,0.9902125
7315276678,279843753,0.99021137
7315414045,245748587,0.99021137
7307972559,281606512,0.9902108
7313472825,281606512,0.9902108
7313429183,243607167,0.9902079
7308704348,243607167,0.9902079
7308378619,274234138,0.9902004
7314317627,280965823,0.9901863
7308738702,280965823,0.9901863
7311840661,280965823,0.9901863
7313985446,280412213,0.9901716
7308312108,279932816,0.9901648
7306799806,281621287,0.99015474
7313967645,281621287,0.99015474
7313967761,281621287,0.99015474
7313968070,281621287,0.99015474
7306799897,281621287,0.99015474
7306799579,281621287,0.99015474
7306799693,281621287,0.99015474
7316717038,260324395,0.990149
7316170439,278815947,0.9901388
7305856027,275856677,0.9901362
7316986965,273534036,0.9901286
7316977377,273534036,0.9901286
7316313994,280831746,0.9901253
7316738431,280831746,0.9901253
7316730887,280831746,0.9901253
7316272071,280831746,0.9901253
7316290297,280831746,0.9901253
7307817975,280624960,0.9901237
7312910019,280624960,0.9901237
7306184950,280624960,0.9901237
7305632195,280624960,0.9901237
7304645306,280624960,0.9901237
7311399487,280624960,0.9901237
7309833253,280624960,0.9901237
7302578781,280624960,0.9901237
7310044234,281527818,0.99012285
7310634384,279211148,0.99012285
7304759167,262373706,0.99012285
7314376638,246969943,0.99012285
7314862796,275841775,0.99012285
7315236316,272822915,0.99012285
7315888464,279013182,0.99012285
7310836193,274367342,0.990115
7310749016,274367342,0.990115
7310885524,274367342,0.990115
7314719098,253647893,0.9901134
7314718967,253647893,0.9901134
7314719012,253647893,0.9901134
7314719048,253647893,0.9901134
7307750933,278655494,0.99010843
7316368081,257204823,0.9901049
7304200050,257204823,0.9901049
7310958549,257204823,0.9901049
7305699744,257204823,0.9901049
7311990528,257204823,0.9901049
7308229242,257204823,0.9901049
7314797112,257204823,0.9901049
7314323121,280157599,0.9901041
7314316686,280157599,0.9901041
7309993643,278963219,0.99010384
7306251770,278963219,0.99010384
7306761909,278963219,0.99010384
7306708482,278963219,0.99010384
7306646704,278963219,0.99010384
7306625038,278963219,0.99010384
7306625222,278963219,0.99010384
7309988157,278963219,0.99010384
7309869175,278963219,0.99010384
7309924557,278963219,0.99010384
7315535020,269542661,0.99010384
7306787897,278963219,0.99010384
7311085955,211645956,0.9900976
7305438969,211645956,0.9900976
7316873952,211645956,0.9900976
7316677644,263056097,0.99009377
7310658668,279755564,0.9900931
7312847416,273510492,0.9900899
7316816174,273510492,0.9900899
7316799114,273510492,0.9900899
7314903318,273510492,0.9900899
7312819829,273510492,0.9900899
7316490303,281515147,0.9900862
7316843297,278716727,0.9900859
7314956494,267991575,0.9900853
7315719775,261862797,0.9900851
7315276298,279329971,0.9900814
7309278450,278788294,0.9900789
7316678220,275894083,0.9900646
7307704806,258618698,0.99006426
7307668545,258618698,0.99006426
7307704953,258618698,0.99006426
7306058370,277274402,0.990064
7306054760,281554079,0.990063
7315869017,280124673,0.9900603
7312950345,279498494,0.99005514
7307676947,279498494,0.99005514
7310313773,279498494,0.99005514
7309213227,279498494,0.99005514
7312950988,279498494,0.99005514
7313808045,279498494,0.99005514
7306631913,279498494,0.99005514
7306229982,279498494,0.99005514
7308211624,279498494,0.99005514
7309212439,279498494,0.99005514
7315450677,279645735,0.9900487
7315403400,279645735,0.9900487
7315478173,279645735,0.9900487
7315330182,279645735,0.9900487
7315336525,279645735,0.9900487
7315330176,279645735,0.9900487
7315324433,279645735,0.9900487
7313381693,279645735,0.9900487
7313800391,279645735,0.9900487
7313922171,279645735,0.9900487
7313821848,279645735,0.9900487
7315336474,279645735,0.9900487
7312919334,279645735,0.9900487
7314516694,279645735,0.9900487
7314521817,279645735,0.9900487
7314754817,279645735,0.9900487
7312701362,279645735,0.9900487
7314684255,279645735,0.9900487
7314684221,279645735,0.9900487
7314675521,279645735,0.9900487
7314575355,279645735,0.9900487
7312872095,279645735,0.9900487
7314588728,279645735,0.9900487
7314516518,279645735,0.9900487
7314521821,279645735,0.9900487
7314522008,279645735,0.9900487
7314542588,279645735,0.9900487
7314571087,279645735,0.9900487
7314482333,279645735,0.9900487
7314495377,279645735,0.9900487
7312958627,279645735,0.9900487
7314593156,279645735,0.9900487
7314657237,279645735,0.9900487
7312837938,279645735,0.9900487
7314646494,279645735,0.9900487
7315307549,279645735,0.9900487
7315302340,279645735,0.9900487
7315245449,279645735,0.9900487
7315330129,279645735,0.9900487
7314946376,279645735,0.9900487
7314928134,279645735,0.9900487
7315265773,279645735,0.9900487
7314675495,279645735,0.9900487
7314675525,279645735,0.9900487
7314679255,279645735,0.9900487
7312705549,279645735,0.9900487
7314751885,279645735,0.9900487
7314987515,279645735,0.9900487
7314848173,279645735,0.9900487
7314847977,279645735,0.9900487
7315276075,279645735,0.9900487
7314841399,279645735,0.9900487
7311793632,279494789,0.9900436
7315745977,275320037,0.99004245
7315127055,280124673,0.9900414
7312129510,280124673,0.9900414
7314879532,280124673,0.9900414
7314276382,279626495,0.9900409
7310092083,280124673,0.99003875
7312173309,267071677,0.99003786
7306482005,267071677,0.99003786
7306224943,280124673,0.9900377
7306224953,280124673,0.9900377
7303192535,280124673,0.9900377
7311876108,281766618,0.9900375
7303636956,275760952,0.9900326
7315305663,258284410,0.99003243
7315645462,279655758,0.9900143
7315860417,238600051,0.990012
7314987381,280720835,0.98999935
7310834190,281269922,0.9899861
7307650980,271739773,0.9899849
7309850123,281461400,0.98998374
7309850094,281461400,0.98998374
7315277802,279329970,0.9899701
7316883522,281559339,0.9899693
7313477879,281559339,0.9899693
7314599149,276185973,0.9899693
7316972160,272942142,0.9899693
7310942750,281559339,0.9899693
7314462948,281559339,0.9899693
7315871133,281559339,0.9899693
7312455996,281559339,0.9899693
7305600788,257316737,0.9899619
7308830997,257316737,0.9899619
7315111902,278832492,0.9899559
7314070728,278698789,0.9899552
7312758617,276551726,0.9899552
7310411550,278783842,0.9899521
7306239894,279494789,0.9899503
7310476912,279494789,0.9899503
7314367069,279494789,0.9899503
7311982582,279494789,0.9899503
7313439862,279494789,0.9899503
7316967840,279494789,0.9899503
7304256341,259741016,0.98994607
7304361790,259741016,0.98994607
7313010201,280686102,0.98993486
7309398180,279612416,0.98993486
7310867103,257204792,0.98993486
7307888965,257204792,0.98993486
7314497076,257204792,0.98993486
7305595542,257204792,0.98993486
7311891270,257204792,0.98993486
7315376304,267841556,0.98993486
7312786160,272676872,0.98993486
7316287304,257204792,0.98993486
7304110716,259839810,0.9899337
7303885475,276010731,0.989933
7316780218,277394198,0.98993057
7316589241,281080934,0.98990846
7309341900,281176846,0.98990834
7316679432,280835460,0.98990273
7314809286,279340089,0.98990273
7316679702,280175792,0.98990273
7307953898,279662886,0.9898997
7312352865,279009008,0.9898919
7302697503,274140120,0.9898884
7310289946,274140120,0.9898884
7316666065,278963219,0.9898854
7316859688,278963219,0.9898854
7316775091,278963219,0.9898854
7316781852,278963219,0.9898854
7316719505,278963219,0.9898854
7316859671,278963219,0.9898854
7307283797,281599627,0.9898762
7314554906,279004711,0.98985934
7304362934,277383020,0.98985857
7307441118,277383020,0.98985857
7309166638,277672425,0.9898583
7307360705,281251878,0.9898526
7307322888,250128440,0.98985046
7315752114,250128440,0.98985046
7311431745,250128440,0.98985046
7313838959,250128440,0.98985046
7314283206,279786363,0.9898481
7309313028,279816179,0.9898465
7313515839,280290729,0.98984474
7311339931,277330190,0.98984474
7315743294,280290729,0.98984474
7313510342,280290729,0.98984474
7303085080,277330190,0.98984474
7316114122,279188247,0.989838
7303037035,279188247,0.989838
7316117218,279188247,0.989838
7310655877,281551709,0.989838
7316125087,279188247,0.989838
7309709880,279188247,0.989838
7306056752,279188247,0.989838
7303550255,279188247,0.989838
7310995608,280172034,0.9898373
7310993849,280172034,0.9898373
7310996956,280172034,0.9898373
7315394296,281020132,0.9898311
7304182344,281735480,0.98983043
7316800198,279552568,0.98982924
7309400626,263233503,0.98982704
7309314408,274959110,0.98982537
7309315309,279070405,0.98982537
7316146277,278630666,0.98981655
7305969163,241731667,0.98980534
7311679459,241731667,0.98980534
7314495324,281396896,0.9897998
7316805155,275226444,0.9897959
7313141834,281606508,0.98979163
7307868288,281606508,0.98979163
7315203786,281685129,0.9897899
7309274463,279070403,0.98978794
7312874755,275700377,0.98978335
7314398768,275700377,0.98978335
7312892023,275700377,0.98978335
7307146601,279721775,0.9897832
7305433990,271647215,0.98978025
7307515167,271647215,0.98978025
7306482549,271647215,0.98978025
7313065603,279420569,0.98977566
7313838581,279159592,0.98977554
7310403042,275894083,0.9897741
7309875807,279867696,0.9897708
7309454507,279867696,0.9897708
7310004990,279867696,0.9897708
7309365356,279867696,0.9897708
7309882617,279867696,0.9897708
7309358349,279867696,0.9897708
7309407423,279867696,0.9897708
7309460737,279867696,0.9897708
7309434478,279867696,0.9897708
7309834750,279867696,0.9897708
7309343948,279867696,0.9897708
7309855032,279867696,0.9897708
7309862307,279867696,0.9897708
7309250126,279867696,0.9897708
7309257211,279867696,0.9897708
7309271297,279867696,0.9897708
7309473312,279867696,0.9897708
7309434493,279867696,0.9897708
7309975888,279867696,0.9897708
7309186748,279867696,0.9897708
7316698479,279159592,0.9897705
7317020141,281382200,0.9897513
7309275643,275340739,0.98974615
7303675993,280777370,0.98974586
7303818094,280777370,0.98974586
7307904047,279776829,0.98974186
7307904198,279776829,0.98974186
7307903863,279776829,0.98974186
7307903625,279776829,0.98974186
7307904328,279776829,0.98974186
7311654292,279776829,0.98974186
7307903238,279776829,0.98974186
7312774320,278788294,0.9897417
7307767479,278788294,0.9897417
7311844894,278788294,0.9897417
7315473107,258854014,0.98974067
7316107117,266665803,0.9897316
7316107194,266665803,0.9897316
7309146555,278416171,0.98972833
7304069733,278416171,0.98972833
7309375430,279816185,0.9897218
7313232193,277859395,0.989713
7304646117,281333172,0.9897012
7304619628,281333172,0.9897012
7304569668,281333172,0.9897012
7304594961,281333172,0.9897012
7308201746,271234145,0.989701
7308429903,271234145,0.989701
7308399285,271234145,0.989701
7308358038,271234145,0.989701
7304283676,280595676,0.9896965
7309480604,279748851,0.9896961
7316453497,154201855,0.9896877
7311399181,279735659,0.98967665
7304102056,258924926,0.98967206
7309180999,258924926,0.98967206
7314240178,258924926,0.98967206
7310023857,274239808,0.9896642
7310436595,280247761,0.9896608
7310435825,280247761,0.9896608
7310436235,280247761,0.9896608
7313105505,272352573,0.9896542
7305926267,272352573,0.9896542
7309491589,280487022,0.98965186
7312758319,267400692,0.98963904
7313284934,261862797,0.98962736
7308067267,277672802,0.98962396
7313585523,279565087,0.98961943
7311736851,280423086,0.9896187
7309843586,280423086,0.9896187
7309843862,280423086,0.9896187
7309842817,280423086,0.9896187
7309839248,280423086,0.9896187
7309841884,280423086,0.9896187
7311736017,280423086,0.9896187
7311734825,280423086,0.9896187
7316380095,252981180,0.9896154
7316256724,276496667,0.98961383
7311413091,280290729,0.989606
7311309188,276570708,0.9896021
7303770360,267080714,0.98959947
7316814584,267080714,0.98959947
7312069763,273766956,0.9895989
7310962014,276353992,0.9895904
7313254021,276472728,0.989583
7314312048,277433973,0.9895776
7313877175,277433973,0.9895776
7302066064,280100321,0.9895515
7314863775,276795515,0.98954993
7316679554,281440418,0.9895347
7304409649,276444416,0.9895332
7315048318,276444416,0.9895332
7304430022,276444416,0.9895332
7315038199,276444416,0.9895332
7307987786,276444416,0.9895332
7309631144,280443494,0.989532
7314554794,264618545,0.9895286
7306909148,278788294,0.98951775
7306908984,278788294,0.98951775
7306909395,278788294,0.98951775
7311268288,279511336,0.9895165
7311339174,279511336,0.9895165
7311357661,279511336,0.9895165
7311345259,279511336,0.9895165
7311333465,279511336,0.9895165
7311291036,279511336,0.9895165
7302781181,279617365,0.98951447
7302303250,279617365,0.98951447
7312290868,273842471,0.98950607
7309808138,202089801,0.9895056
7304177922,215001318,0.9895002
7304177927,215001318,0.9895002
7311619722,278937445,0.98949903
7311614249,278937445,0.98949903
7315734835,280857771,0.989494
7304757564,280259371,0.98948383
7304824121,277954229,0.98947114
7308527508,277954229,0.98947114
7306034824,277954229,0.98947114
7302355121,277954229,0.98947114
7315722867,281306812,0.9894619
7316173500,279015655,0.98946106
7310272886,279777826,0.9894606
7303117642,281306812,0.9894462
7304757140,281186981,0.9894423
7313446891,274828587,0.9894417
7313445167,274828587,0.9894417
7302290741,280502358,0.9894324
7316960155,263898275,0.98943156
7304606937,274482333,0.98942584
7304703928,274482333,0.98942584
7304704032,274482333,0.98942584
7304673527,274482333,0.98942584
7304611580,274482333,0.98942584
7304710579,274482333,0.98942584
7308776650,277077931,0.9894028
7307955099,277077931,0.9894028
7307955815,277077931,0.9894028
7303170622,280412213,0.9894
7304140423,280412213,0.9894
7304236903,280412213,0.9894
7303124409,280412213,0.9894
7304061694,280412213,0.9894
7304054678,280412213,0.9894
7312456339,266808443,0.98939776
7306821114,266808443,0.98939776
7304805845,281349873,0.98939025
7304804156,281349873,0.98939025
7304802206,281349873,0.98939025
7304129914,276667239,0.9893888
7308223826,281559618,0.9893879
7307643264,279010436,0.98937815
7308093916,280184542,0.98936903
7302591365,279778225,0.9893689
7302591407,279778225,0.9893689
7311660328,278726908,0.98936594
7316497552,278726908,0.98936594
7304880189,278726908,0.98936594
7310022055,278726908,0.98936594
7302154257,274353300,0.9893651
7311689111,275046345,0.9893613
7313640533,281653747,0.9893584
7310401416,279787659,0.9893584
7302681426,280531572,0.9893582
7303179471,254646698,0.989342
7302834398,262727105,0.9893402
7301698705,276510283,0.98933613
7309524741,281117979,0.98932695
7315091207,279077997,0.9893263
7316685467,279475448,0.9893188
7316754853,279475448,0.9893188
7316154512,280624979,0.98931736
7308923224,278207953,0.98931545
7308085358,279778225,0.989312
7309301324,279778225,0.989312
7305438987,279778225,0.989312
7305857811,279778225,0.989312
7306241920,281374211,0.98931086
7308063786,277672802,0.9892992
7308060206,277672802,0.9892992
7316318005,274116855,0.9892921
7316377477,278118492,0.98929024
7309324994,281386020,0.9892809
7311865941,271234145,0.9892737
7316210883,281199381,0.9892707
7316223182,281199381,0.9892707
7316263704,281199381,0.9892707
7316187158,281630005,0.98923624
7316719424,281630005,0.98923624
7309414012,240388447,0.9892335
7313983138,281501299,0.9892316
7314617581,281501299,0.9892316
7312744013,281501299,0.9892316
7312727563,281501299,0.9892316
7314566383,281501299,0.9892316
7314666800,281501299,0.9892316
7314482375,281501299,0.9892316
7312792878,281501299,0.9892316
7314669261,281501299,0.9892316
7314624681,281501299,0.9892316
7315313565,281501299,0.9892316
7314522002,281501299,0.9892316
7312727545,281501299,0.9892316
7307770725,275894083,0.98922014
7316376631,255403743,0.9892017
7302557740,276611338,0.98919886
7312767158,276611338,0.98919886
7303629857,266465587,0.98919237
7316377410,277247268,0.9891883
7310987012,279778225,0.9891763
7315406721,279778225,0.9891763
7315806324,279778225,0.9891763
7313471971,279778225,0.9891763
7312420636,279778225,0.9891763
7302710183,278764408,0.98916984
7314122112,279399904,0.9891678
7303429642,230662571,0.98916024
7314753855,279806551,0.9891528
7316330185,280427952,0.9891519
7313238623,281623538,0.9891438
7301965774,281623538,0.9891438
7303034112,281623538,0.9891438
7313743613,281623538,0.9891438
7306595099,281623538,0.9891438
7309144045,281623538,0.9891438
7314926107,280444077,0.98912895
7311039105,262321389,0.98912877
7307642701,279764281,0.98912305
7313838052,281559465,0.98912305
7314102510,279495934,0.98912287
7314365465,250498724,0.98911244
7307957080,280324698,0.98911244
7307960125,280625200,0.98911244
7304592375,206166289,0.98911244
7308777907,280324698,0.98911244
7308778780,280625200,0.98911244
7305080531,206166289,0.98911244
7310223429,272957539,0.9890923
7310389956,272957539,0.9890923
7302019001,263119624,0.98908985
7307438660,265836630,0.98908484
7311149312,279100297,0.9890781
7314818585,278906472,0.98907804
7315009609,276104753,0.98907614
7313785254,277654343,0.9890749
7314634977,277654343,0.9890749
7313487862,277654343,0.9890749
7313800336,277654343,0.9890749
7314643759,277654343,0.9890749
7314605904,277654343,0.9890749
7314601757,277654343,0.9890749
7314593126,277654343,0.9890749
7314666922,277654343,0.9890749
7314522023,277654343,0.9890749
7314537842,277654343,0.9890749
7312705472,277654343,0.9890749
7314965081,277654343,0.9890749
7313910060,277654343,0.9890749
7315010334,277654343,0.9890749
7313488145,277654343,0.9890749
7313493943,277654343,0.9890749
7307287018,279160026,0.9890704
7315682773,281498446,0.98906606
7301730068,281498446,0.98906606
7304067438,278391254,0.98906296
7302237220,269952103,0.9890498
7316377009,281270706,0.98903817
7311844658,278459548,0.9890359
7304597795,272462046,0.9890328
7307170336,272462046,0.9890328
7304583504,272462046,0.9890328
7307142438,272462046,0.9890328
7305075191,280741550,0.98902565
7315203802,281532745,0.9890145
7314679231,277672802,0.989007
7312858221,277672802,0.989007
7312811738,277672802,0.989007
7312805169,277672802,0.989007
7316883494,280412213,0.98900306
7308238588,278945839,0.9889976
7316408888,277530338,0.988997
7312915116,277530338,0.988997
7314597966,270815732,0.98899627
7310422385,275323746,0.9889913
7316464701,278450461,0.9889863
7305833169,278450461,0.9889863
7312751110,279650692,0.9889854
7312750756,279650692,0.9889854
7312751544,279650692,0.9889854
7303634899,280686102,0.9889822
7303667806,280686102,0.9889822
7304161978,274897415,0.988981
7315436409,258924915,0.9889654
7306211947,280230388,0.98896265
7306191945,280230388,0.98896265
7302446014,278654688,0.9889522
7315245130,278737106,0.9889512
7307116099,245077875,0.9889373
7309178391,276808575,0.988934
7313110861,276640961,0.9889284
7315080131,276640961,0.9889284
7316502280,276640961,0.9889284
7313413943,277392398,0.9889227
7305616701,248669827,0.9889185
7313333465,276010733,0.9889147
7309277110,279412773,0.98889434
7305761826,274426293,0.98889375
7305728479,274426293,0.98889375
7305625285,274426293,0.98889375
7309186913,279411376,0.98889154
7311896329,279411376,0.98889154
7307458322,279411376,0.98889154
7307460323,279411376,0.98889154
7316211909,268758038,0.98889107
7316212010,268758038,0.98889107
7315322229,268758038,0.98889107
7316212246,268758038,0.98889107
7316212169,268758038,0.98889107
7311936923,279584474,0.9888863
7316892594,279130743,0.98888385
7303076503,281130001,0.9888827
7305867929,279557688,0.9888826
7307970535,279557688,0.9888826
7304858839,279557688,0.9888826
7309966780,279557688,0.9888826
7314997631,279557688,0.9888826
7314098060,279557688,0.9888826
7315600453,279557688,0.9888826
7308434901,279557688,0.9888826
7313143505,279557688,0.9888826
7315807603,281766956,0.98887396
7313319688,280909589,0.9888647
7315237158,206166289,0.9888549
7310245222,206166289,0.9888549
7312547028,271344542,0.9888481
7306923423,271344542,0.9888481
7305521688,268758038,0.9888463
7303110719,268758038,0.9888463
7303076531,268758038,0.9888463
7303163978,268758038,0.9888463
7305600617,268758038,0.9888463
7303184049,268758038,0.9888463
7305186588,268758038,0.9888463
7303124142,268758038,0.9888463
7303249696,268758038,0.9888463
7315477270,279721775,0.988846
7304288915,276987207,0.9888452
7304314521,276987207,0.9888452
7304268945,276987207,0.9888452
7304361850,276987207,0.9888452
7308002343,279272593,0.98883843
7308407681,278937445,0.9888355
7310001209,278937445,0.9888355
7316553786,275283101,0.98883355
7310254958,281003102,0.9888328
7313251948,281003102,0.9888328
7316650213,281003102,0.9888328
7316745884,272182724,0.98882586
7311335874,272182724,0.98882586
7315321215,272182724,0.98882586
7304223466,277307139,0.9888231
7306238506,277307139,0.9888231
7302031583,281404350,0.98882186
7301980412,281404350,0.98882186
7301980340,281404350,0.98882186
7301977472,281404350,0.98882186
7302043254,281404350,0.98882186
7302031610,281404350,0.98882186
7302031604,281404350,0.98882186
7302004876,281404350,0.98882186
7301987672,281404350,0.98882186
7301975446,281404350,0.98882186
7316122543,281133130,0.9888169
7310829902,281769980,0.9888156
7308344909,276184082,0.9888146
7305700650,276184082,0.9888146
7305679748,276184082,0.9888146
7305728460,276184082,0.9888146
7305266060,276184082,0.9888146
7306721755,276184082,0.9888146
7305638649,276184082,0.9888146
7306283037,276184082,0.9888146
7305226232,276184082,0.9888146
7305226252,276184082,0.9888146
7305788676,276184082,0.9888146
7305851402,276184082,0.9888146
7305271725,276184082,0.9888146
7309407674,276184082,0.9888146
7305820248,276184082,0.9888146
7305851650,276184082,0.9888146
7315321622,243607167,0.9888104
7316352156,272979757,0.9888042
7307106579,277875561,0.9887944
7307336312,277875561,0.9887944
7315868567,280636136,0.98879397
7315919350,280636136,0.98879397
7316403384,273641675,0.98879224
7312911833,273641675,0.98879224
7302759174,281186981,0.9887847
7314862931,268464875,0.98877496
7304786684,271209871,0.9887716
7311548942,271209871,0.9887716
7311548772,271209871,0.9887716
7304787132,271209871,0.9887716
7304152048,280237642,0.98876894
7304075254,280237642,0.98876894
7304048590,280237642,0.98876894
7304082818,280237642,0.98876894
7304177722,280237642,0.98876894
7304093340,280237642,0.98876894
7304052539,280237642,0.98876894
7304082673,280237642,0.98876894
7304073588,280237642,0.98876894
7304597710,280237642,0.98876894
7304190375,280237642,0.98876894
7305160235,280237642,0.98876894
7304223428,280237642,0.98876894
7304050007,280237642,0.98876894
7304203841,280237642,0.98876894
7304177892,280237642,0.98876894
7304210170,280237642,0.98876894
7302786610,277268640,0.9887651
7304903292,277268640,0.9887651
7307379981,279936804,0.9887651
7305643977,277268640,0.9887651
7307403493,279936804,0.9887651
7314294743,279959242,0.9887625
7303809741,263941874,0.98876095
7316370306,280917885,0.98875654
7311566905,279647085,0.98875105
7301746260,279647085,0.98875105
7315082759,279647085,0.98875105
7315861038,279647085,0.98875105
7308803214,279647085,0.98875105
7313094709,280716614,0.98875
7311566480,275524213,0.9887493
7314972776,275524213,0.9887493
7306131112,275780480,0.98874843
7309162461,275780480,0.98874843
7306192055,275780480,0.98874843
7309868996,275780480,0.98874843
7309869138,275780480,0.98874843
7306192032,275780480,0.98874843
7309210300,275780480,0.98874843
7306120323,275780480,0.98874843
7310271874,275780480,0.98874843
7306205502,275780480,0.98874843
7309124578,275780480,0.98874843
7306104520,275780480,0.98874843
7306120231,275780480,0.98874843
7310258560,275780480,0.98874843
7310314092,275780480,0.98874843
7309236229,275780480,0.98874843
7306142052,275780480,0.98874843
7306277299,275780480,0.98874843
7306142096,275780480,0.98874843
7309236425,275780480,0.98874843
7306225417,275780480,0.98874843
7309821501,275780480,0.98874843
7309890129,275780480,0.98874843
7309192082,275780480,0.98874843
7309795089,275780480,0.98874843
7314657362,281610352,0.98874253
7314635095,281610352,0.98874253
7312705500,281610352,0.98874253
7314940300,281610352,0.98874253
7306264396,281114602,0.9887351
7306232193,281114602,0.9887351
7306147864,281114602,0.9887351
7306185348,281114602,0.9887351
7306091562,281114602,0.9887351
7313870254,280570069,0.9887345
7317017780,279934596,0.9887194
7304304101,278157829,0.988718
7301605833,280021654,0.988718
7312290005,274396448,0.988718
7302561674,280021654,0.988718
7305102548,280021654,0.988718
7312289796,274396448,0.988718
7305759246,264975559,0.9887057
7316237678,259539575,0.98869914
7309801179,281170478,0.988695
7305618262,281170478,0.988695
7307101476,280053942,0.9886938
7306593224,280053942,0.9886938
7306615381,280053942,0.9886938
7306635593,280053942,0.9886938
7306597507,280053942,0.9886938
7314800565,281582763,0.98868805
7314817722,281582763,0.98868805
7314794805,281582763,0.98868805
7314764038,281582763,0.98868805
7314773894,281582763,0.98868805
7314789646,281582763,0.98868805
7314784375,281582763,0.98868805
7312386100,281582763,0.98868805
7316224700,281582763,0.98868805
7314759348,281582763,0.98868805
7314764005,281582763,0.98868805
7311801039,281582763,0.98868805
7314773992,281582763,0.98868805
7315715983,281582763,0.98868805
7315722944,281582763,0.98868805
7310250896,281582763,0.98868805
7314965119,281582763,0.98868805
7315032080,281582763,0.98868805
7314993398,281582763,0.98868805
7315348193,281582763,0.98868805
7315010694,281582763,0.98868805
7314891498,281582763,0.98868805
7315360550,281582763,0.98868805
7314946396,281582763,0.98868805
7311787419,281582763,0.98868805
7311784058,281582763,0.98868805
7316128206,281582763,0.98868805
7310268188,281582763,0.98868805
7314811939,281582763,0.98868805
7314774088,281582763,0.98868805
7316199493,281582763,0.98868805
7314764068,281582763,0.98868805
7314779551,281582763,0.98868805
7314784283,281582763,0.98868805
7314823300,281582763,0.98868805
7314848050,281582763,0.98868805
7314835605,281582763,0.98868805
7316160231,281582763,0.98868805
7314879354,281582763,0.98868805
7314829499,281582763,0.98868805
7314759243,281582763,0.98868805
7314740449,281582763,0.98868805
7314835544,281582763,0.98868805
7314823287,281582763,0.98868805
7314751878,281582763,0.98868805
7315280842,281582763,0.98868805
7315290782,281582763,0.98868805
7311832513,281582763,0.98868805
7311814204,281582763,0.98868805
7315379322,281582763,0.98868805
7314873107,281582763,0.98868805
7316661283,281582763,0.98868805
7316661354,281582763,0.98868805
7314879102,281582763,0.98868805
7311805616,281582763,0.98868805
7316666251,281582763,0.98868805
7314873075,281582763,0.98868805
7314872935,281582763,0.98868805
7314759323,281582763,0.98868805
7314823232,281582763,0.98868805
7315348314,281582763,0.98868805
7310319872,281582763,0.98868805
7315421798,281582763,0.98868805
7310250926,281582763,0.98868805
7314959284,281582763,0.98868805
7308694494,281582763,0.98868805
7314742947,281582763,0.98868805
7314848017,281582763,0.98868805
7314841427,281582763,0.98868805
7314879003,281582763,0.98868805
7316251075,281582763,0.98868805
7314743062,281582763,0.98868805
7314823183,281582763,0.98868805
7316462310,279615982,0.9886634
7313362321,281711671,0.9886587
7313343305,281711671,0.9886587
7313884034,281711671,0.9886587
7313248320,281711671,0.9886587
7304429037,274072525,0.98864263
7311679718,258303358,0.98863816
7316768878,275597261,0.9886331
7307083332,275597261,0.9886331
7315756486,275597261,0.9886331
7316853479,275597261,0.9886331
7316218246,275597261,0.9886331
7316143052,275597261,0.9886331
7316814757,275597261,0.9886331
7316702652,275597261,0.9886331
7316686206,275597261,0.9886331
7316719445,275597261,0.9886331
7316847350,275597261,0.9886331
7316719667,275597261,0.9886331
7314635052,275597261,0.9886331
7316801615,275597261,0.9886331
7316808230,275597261,0.9886331
7316655257,275597261,0.9886331
7316647701,275597261,0.9886331
7310374495,276502055,0.9886264
7302648330,281093624,0.98862624
7303862578,280588117,0.9886233
7306820675,280588117,0.9886233
7304724437,280588117,0.9886233
7315347455,278669269,0.98862267
7310892706,280588117,0.98862064
7307765977,280588117,0.98862064
7309486893,280588117,0.98862064
7302279426,280293218,0.98861986
7314774000,281582763,0.9886187
7314759414,281582763,0.9886187
7314768883,281582763,0.9886187
7314817824,281582763,0.9886187
7314789771,281582763,0.9886187
7311300320,281582763,0.9886187
7314774098,281582763,0.9886187
7311375993,281582763,0.9886187
7315256014,281582763,0.9886187
7315379270,281582763,0.9886187
7314737301,281582763,0.9886187
7314731926,281582763,0.9886187
7311284325,281582763,0.9886187
7311284356,281582763,0.9886187
7314835594,281582763,0.9886187
7314879183,281582763,0.9886187
7314854334,281582763,0.9886187
7314854349,281582763,0.9886187
7311322154,281582763,0.9886187
7311316329,281582763,0.9886187
7311327794,281582763,0.9886187
7311322227,281582763,0.9886187
7312253425,281582763,0.9886187
7312253422,281582763,0.9886187
7315467359,281582763,0.9886187
7314940349,281582763,0.9886187
7312256249,281582763,0.9886187
7314976940,281582763,0.9886187
7311415585,281582763,0.9886187
7307175941,281582763,0.9886187
7311345041,281582763,0.9886187
7314976591,281582763,0.9886187
7315042306,281582763,0.9886187
7315330217,281582763,0.9886187
7315408766,279358467,0.98861116
7316853263,278669266,0.98861116
7302709713,278764424,0.9886011
7314283335,279312283,0.98859584
7314042973,279312283,0.98859584
7314775023,279312283,0.98859584
7308323586,281130001,0.98858917
7308825233,281130001,0.98858917
7308888931,281130001,0.98858917
7308430136,281130001,0.98858917
7308337671,281130001,0.98858917
7308316435,281130001,0.98858917
7308351572,281130001,0.98858917
7314584339,281514177,0.98855865
7313298033,281514177,0.98855865
7316817559,278937445,0.98855853
7315474311,278764456,0.9885554
7303679240,278764456,0.9885554
7317002438,278573914,0.9885477
7310987548,281606515,0.98854727
7305369770,281606515,0.98854727
7316540706,281606515,0.98854727
7308819377,280753925,0.98854184
7308179642,280753925,0.98854184
7304710786,280753925,0.98854184
7314972566,266572031,0.98853517
7314972895,266572031,0.98853517
7310332903,276383602,0.9885068
7302709748,280268160,0.98850256
7314962302,277672802,0.98850137
7314963772,277672802,0.98850137
7315322535,277672802,0.98850137
7314962297,277672802,0.98850137
7314964686,277672802,0.98850137
7315322513,277672802,0.98850137
7313879433,280588117,0.98848635
7314580351,280588117,0.98848635
7312323773,280588117,0.98848635
7305666557,278544889,0.98848605
7305666531,278544889,0.98848605
7305721609,278544889,0.98848605
7305594787,278544889,0.98848605
7305728413,278544889,0.98848605
7305721661,278544889,0.98848605
7305721703,278544889,0.98848605
7305645039,278544889,0.98848605
7305832966,278544889,0.98848605
7305734851,278544889,0.98848605
7305735090,278544889,0.98848605
7305673205,278544889,0.98848605
7305673379,278544889,0.98848605
7305645216,278544889,0.98848605
7305693893,278544889,0.98848605
7305645091,278544889,0.98848605
7305631768,278544889,0.98848605
7305679731,278544889,0.98848605
7305686593,278544889,0.98848605
7305666515,278544889,0.98848605
7304667607,278544889,0.98848605
7305644898,278544889,0.98848605
7305645019,278544889,0.98848605
7305686670,278544889,0.98848605
7305686772,278544889,0.98848605
7304569671,278544889,0.98848605
7315276091,277806805,0.9884783
7303800641,266465587,0.9884444
7303800310,266465587,0.9884444
7314045798,277882097,0.9884442
7316523990,281117979,0.98843396
7304384500,281117979,0.98843396
7316535787,281117979,0.98843396
7317001422,280588117,0.98842585
7316775624,280588117,0.98842585
7307342230,277385203,0.98841184
7316684901,276640961,0.9884008
7310443431,279845587,0.9883886
7306340981,279845587,0.9883886
7314579528,278882350,0.98838776
7313566343,278882350,0.98838776
7313566316,278882350,0.98838776
7314579508,278882350,0.98838776
7308715944,278887195,0.98837155
7308392682,278887195,0.98837155
7304044891,280476917,0.988366
7302655152,281106480,0.98832935
7306095527,281106480,0.98832935
7309777658,281106480,0.98832935
7303628916,281106480,0.98832935
7306715107,281106480,0.98832935
7303681339,281106480,0.98832935
7306091566,281106480,0.98832935
7303642240,281106480,0.98832935
7303600615,281106480,0.98832935
7302501368,281106480,0.98832935
7302037623,281106480,0.98832935
7302486589,281106480,0.98832935
7303530912,281106480,0.98832935
7302584527,281106480,0.98832935
7302596708,281106480,0.98832935
7302486618,281106480,0.98832935
7303542866,281106480,0.98832935
7302609444,281106480,0.98832935
7316257362,280652182,0.98832285
7313248732,278781319,0.98831594
7308149122,245259397,0.98830944
7306754233,245259397,0.98830944
7308149658,245259397,0.98830944
7302275800,245259397,0.98830944
7309773182,276479391,0.9883041
7306103036,276479391,0.9883041
7316868079,276479391,0.9883041
7302599510,276479391,0.9883041
7313341516,276479391,0.9883041
7302490789,279446192,0.98829657
7303034187,279446192,0.98829657
7314490753,281800612,0.98829347
7302590062,279025073,0.98829216
7312875172,277601774,0.98829204
7314551797,270770533,0.9882912
7316972566,270770533,0.9882912
7315954186,270770533,0.9882912
7314556416,270770533,0.9882912
7310546154,281741344,0.9882858
7308859763,280424770,0.9882655
7308295292,280424770,0.9882655
7308842993,280424770,0.9882655
7308268199,280424770,0.9882655
7308825377,280424770,0.9882655
7308819655,280424770,0.9882655
7308221912,280424770,0.9882655
7308179647,280424770,0.9882655
7308309645,280424770,0.9882655
7308267898,280424770,0.9882655
7308894475,280424770,0.9882655
7315000076,278605082,0.98826355
7315053534,278400340,0.98825777
7302882845,275984108,0.98824733
7311399893,281384182,0.9882374
7304190533,280130568,0.9882258
7316177960,280583291,0.98822075
7306482151,278324818,0.9882202
7301897483,278324818,0.9882202
7308069133,278324818,0.9882202
7302220747,278324818,0.9882202
7308276603,278324818,0.9882202
7305689471,277406873,0.98821574
7305795425,274769940,0.9882152
7305820238,274769940,0.9882152
7306715183,274769940,0.9882152
7306825878,274769940,0.9882152
7305795547,274769940,0.9882152
7316717651,281655622,0.98821515
7316716722,281655622,0.98821515
7302448514,281655622,0.98821515
7302448403,281655622,0.98821515
7316717036,281655622,0.98821515
7302448284,281655622,0.98821515
7308074379,247467009,0.98821443
7316167065,280224950,0.9882079
7315066710,280576303,0.98820424
7308148417,279911478,0.9882035
7303616230,279412773,0.98820025
7316342709,275204514,0.98818916
7310975955,280630068,0.98818874
7316962613,275915064,0.98817647
7316884182,275915064,0.98817647
7316707859,275915064,0.98817647
7315467153,275915064,0.98817647
7315456190,275915064,0.98817647
7315889256,275915064,0.98817647
7315330126,275915064,0.98817647
7305233584,274658104,0.98817635
7310949363,277806805,0.98816043
7316250511,281434146,0.9881589
7316228620,281434146,0.9881589
7315365819,281434146,0.9881589
7315365616,281434146,0.9881589
7314387334,281434146,0.9881589
7311908902,281254531,0.98814666
7308220184,281570974,0.9881463
7306910037,278400340,0.98813516
7306909659,278400340,0.98813516
7306909876,278400340,0.98813516
7313794931,270030286,0.9881292
7315042294,270030286,0.9881292
7314673555,270030286,0.9881292
7314677472,270030286,0.9881292
7315042268,270030286,0.9881292
7314965063,270030286,0.9881292
7314885622,270030286,0.9881292
7316429598,280511318,0.988116
7314042416,223515229,0.988116
7315694517,280511318,0.988116
7315778104,280511318,0.988116
7315693325,280511318,0.988116
7310310400,278814564,0.988116
7316239544,280511318,0.988116
7310014141,278902528,0.98811543
7309216623,272862222,0.9881135
7316254649,280742147,0.98811346
7316282284,280742147,0.98811346
7316282453,280742147,0.98811346
7316790543,280742147,0.98811346
7316219145,280742147,0.98811346
7309758661,279237527,0.9881106
7306295789,279735659,0.98810893
7307252479,279735659,0.98810893
7310174586,267046834,0.98809767
7310167113,267046834,0.98809767
7310982467,276494211,0.9880976
7313605145,276494211,0.9880976
7310982492,276494211,0.9880976
7313602903,276494211,0.9880976
7311428787,281582763,0.9880974
7307278829,281582763,0.9880974
7307292258,281582763,0.9880974
7311442326,281582763,0.9880974
7311272920,281582763,0.9880974
7314891590,281582763,0.9880974
7308267924,281582763,0.9880974
7311338910,281582763,0.9880974
7311268246,281582763,0.9880974
7314854444,281582763,0.9880974
7311388855,281582763,0.9880974
7311375882,281582763,0.9880974
7311269312,281582763,0.9880974
7308796851,281582763,0.9880974
7311284237,281582763,0.9880974
7310376592,281582763,0.9880974
7314915890,281582763,0.9880974
7308871462,281582763,0.9880974
7315276178,281582763,0.9880974
7308900190,281582763,0.9880974
7311344914,281582763,0.9880974
7311300149,281582763,0.9880974
7311351216,281582763,0.9880974
7311295439,281582763,0.9880974
7308900330,281582763,0.9880974
7310422268,281582763,0.9880974
7311316237,281582763,0.9880974
7308043294,281582763,0.9880974
7311327606,281582763,0.9880974
7311327705,281582763,0.9880974
7311250828,281582763,0.9880974
7308883206,281582763,0.9880974
7311290947,281582763,0.9880974
7308802303,281582763,0.9880974
7310383242,281582763,0.9880974
7308036137,281582763,0.9880974
7307212767,281582763,0.9880974
7308779832,281582763,0.9880974
7310867871,280946505,0.9880908
7313062423,279731494,0.9880897
7307515563,279731494,0.9880897
7311652866,279089043,0.98808604
7315611666,279089043,0.98808604
7308001100,279089043,0.98808604
7315154081,279089043,0.98808604
7314752173,276558035,0.988063
7307600057,276558035,0.988063
7307622883,276558035,0.988063
7314711471,276558035,0.988063
7307153681,276558035,0.988063
7303535630,276558035,0.988063
7314729794,276558035,0.988063
7313273745,276558035,0.988063
7314733743,276558035,0.988063
7314062503,280961613,0.98806185
7313461138,280961613,0.98806185
7314426844,249568690,0.98806024
7316496703,280278274,0.9880562
7314392655,281741344,0.9880492
7316150852,277793573,0.9880358
7311843232,281859418,0.9880339
7302080658,280278202,0.9880175
7315413991,270315518,0.988011
7316473816,279167512,0.98798954
7307526617,279167512,0.98798954
7305423766,279167512,0.98798954
7313118971,279167512,0.98798954
7312173565,279167512,0.98798954
7309490965,268308875,0.9879868
7309485412,268308875,0.9879868
7310973728,281354134,0.9879758
7313559111,281354134,0.9879758
7310973759,281354134,0.9879758
7313559090,281354134,0.9879758
7304363725,278788072,0.9879743
7304373844,278788072,0.9879743
7312374030,279471997,0.98797387
7316182500,280959100,0.9879485
7316251055,280959100,0.9879485
7303196863,280562184,0.9879357
7303262433,280562184,0.9879357
7303262445,280562184,0.9879357
7303249800,280562184,0.9879357
7303304670,280562184,0.9879357
7303052746,280562184,0.9879357
7303292464,280562184,0.9879357
7303286428,280562184,0.9879357
7303087618,280562184,0.9879357
7311496252,278504774,0.98792946
7310586846,278504774,0.98792946
7304339852,278504774,0.98792946
7311522001,278504774,0.98792946
7310599759,278504774,0.98792845
7311080333,278504774,0.98792845
7311508414,278504774,0.98792845
7315709610,266564781,0.9879283
7316762461,270030286,0.9879238
7315853096,270030286,0.9879238
7307278926,265771957,0.98792225
7307285905,265771957,0.98792225
7307266135,265771957,0.98792225
7306715087,265771957,0.98792225
7307239406,265771957,0.98792225
7307632689,276329175,0.98791015
7307614037,276329175,0.98791015
7307624137,276329175,0.98791015
7307628412,276329175,0.98791015
7306770780,277829492,0.9879099
7313105176,277829492,0.9879099
7302529468,281187135,0.9879066
7316716227,265434759,0.98790586
7311040095,278995992,0.98788637
7317049903,234096634,0.98788583
7305783217,234096634,0.98788583
7311502511,234096634,0.98788583
7305682366,276741353,0.9878566
7307664435,250983497,0.98782676
7313243598,280137907,0.98782617
7310803233,280137907,0.98782617
7310326021,271135559,0.9878123
7310281194,271135559,0.9878123
7310434849,271135559,0.9878123
7310253812,271135559,0.9878123
7310350833,271135559,0.9878123
7310319863,271135559,0.9878123
7310308109,271135559,0.9878123
7310314018,271135559,0.9878123
7310326152,271135559,0.9878123
7307154141,280896560,0.9877887
7306670082,280896560,0.9877887
7306629918,280896560,0.9877887
7307232728,280896560,0.9877887
7307112408,280896560,0.9877887
7306597379,280896560,0.9877887
7315712779,276329175,0.98778236
7312736436,276329175,0.98778236
7314754301,276329175,0.98778236
7312771147,276329175,0.98778236
7312742615,276329175,0.98778236
7314268026,280262655,0.9877615
7309238828,279479906,0.9877615
7311446237,257204813,0.9877615
7314267956,280262651,0.9877615
7316369574,279479906,0.9877615
7316922265,280262655,0.9877615
7302229749,279479906,0.9877615
7304743100,257204813,0.9877615
7315300037,257204813,0.9877615
7312937431,257204813,0.9877615
7308478653,257204813,0.9877615
7311985973,276541943,0.9877615
7307258708,257204813,0.9877615
7311834982,264557716,0.9877615
7316906967,280262651,0.9877615
7315295522,276541943,0.9877615
7315741996,273641675,0.98775864
7315372092,280887143,0.98775727
7313888331,280887143,0.98775727
7309966036,270851951,0.9877502
7313973150,270851951,0.9877502
7308411896,281491096,0.98774844
7314542619,278389940,0.98774624
7314638049,278389940,0.98774624
7304846385,275236845,0.9877426
7302260989,261862797,0.98774105
7305824921,261862797,0.98774105
7313595196,280412930,0.9877361
7313589957,280412930,0.9877361
7313592221,280412930,0.9877361
7305618225,281489351,0.9877326
7301617441,280661958,0.98772055
7316685736,281106480,0.9877196
7313878495,281730062,0.9877083
7307794701,281730062,0.9877083
7310415665,281730062,0.9877083
7315306834,281730062,0.9877083
7309352015,281730062,0.9877083
7306760199,281730062,0.9877083
7303211877,281730062,0.9877083
7302163866,281730062,0.9877083
7314325543,281730062,0.9877083
7304223810,281730062,0.9877083
7303203019,281730062,0.9877083
7311889558,281730062,0.9877083
7309292665,281730062,0.9877083
7311333011,281730062,0.9877083
7316352136,280133500,0.987704
7315096054,276711449,0.9877021
7305675515,276711449,0.9877021
7315280899,260629634,0.98768747
7303048227,281446551,0.9876638
7303034092,281446551,0.9876638
7314972267,279159535,0.98765856
7314972388,279159535,0.98765856
7314943576,278480569,0.9876483
7316719038,273237949,0.98764044
7311848298,275869057,0.98764014
7303688145,236192289,0.9876384
7303740892,236192289,0.9876384
7303531595,236192289,0.9876384
7303694820,236192289,0.9876384
7303701764,236192289,0.9876384
7302561666,236192289,0.9876384
7303701741,236192289,0.9876384
7303681299,236192289,0.9876384
7303564909,236192289,0.9876384
7303564891,236192289,0.9876384
7303721509,236192289,0.9876384
7303005034,236192289,0.9876384
7302545521,236192289,0.9876384
7303612417,236192289,0.9876384
7303634877,236192289,0.9876384
7303600246,236192289,0.9876384
7303606784,236192289,0.9876384
7303612171,236192289,0.9876384
7303622933,236192289,0.9876384
7303585298,236192289,0.9876384
7303617423,236192289,0.9876384
7301657995,236192289,0.9876384
7303617470,236192289,0.9876384
7303617435,236192289,0.9876384
7303622929,236192289,0.9876384
7302545515,236192289,0.9876384
7303590661,236192289,0.9876384
7303606607,236192289,0.9876384
7303606561,236192289,0.9876384
7303243122,236192289,0.9876384
7303707996,236192289,0.9876384
7303708068,236192289,0.9876384
7303011295,236192289,0.9876384
7303734766,236192289,0.9876384
7304158813,236192289,0.9876384
7302579159,236192289,0.9876384
7302642326,236192289,0.9876384
7303734538,236192289,0.9876384
7304177760,236192289,0.9876384
7304171498,236192289,0.9876384
7301597976,236192289,0.9876384
7303642211,236192289,0.9876384
7301650527,236192289,0.9876384
7301640127,236192289,0.9876384
7301654226,236192289,0.9876384
7303635015,236192289,0.9876384
7301707171,236192289,0.9876384
7301707264,236192289,0.9876384
7303550038,236192289,0.9876384
7303530936,236192289,0.9876384
7303530932,236192289,0.9876384
7302561710,236192289,0.9876384
7303536157,236192289,0.9876384
7301650543,236192289,0.9876384
7304129475,236192289,0.9876384
7303648478,236192289,0.9876384
7301690504,236192289,0.9876384
7302603071,236192289,0.9876384
7303655123,236192289,0.9876384
7302603245,236192289,0.9876384
7301629909,236192289,0.9876384
7305658966,236192289,0.9876384
7302734332,236192289,0.9876384
7305625343,236192289,0.9876384
7314569408,279557688,0.9876366
7316719163,278993645,0.9876122
7316924768,276250908,0.9876053
7314330240,280165077,0.9876001
7314330679,280165077,0.9876001
7314330680,280165077,0.9876001
7311289499,264029908,0.9875855
7304396130,264029908,0.9875855
7314973044,264029908,0.9875855
7306911963,264029908,0.9875855
7316694587,277943011,0.98758286
7316162779,277943011,0.98758286
7314941471,281111066,0.9875595
7314949618,281111066,0.9875595
7316259892,279937619,0.98754555
7313645558,281372234,0.9875436
7302590217,279911995,0.98753995
7312295207,278018080,0.9875369
7316788294,277157192,0.9875195
7303797302,280648621,0.98751163
7311537304,273518181,0.98749477
7311537562,273518181,0.98749477
7311537453,273518181,0.98749477
7311537206,273518181,0.98749477
7315370341,277631199,0.98748493
7311011907,281599012,0.98748153
7305353138,281599012,0.98748153
7310850345,281599012,0.98748153
7316037784,279122811,0.98747826
7314041388,279122811,0.98747826
7315030909,279122811,0.98747826
7307973173,279122811,0.98747826
7308976885,279122811,0.98747826
7308499139,279122811,0.98747826
7305913856,279122811,0.98747826
7313985010,278564900,0.98747313
7313821194,273015494,0.9874698
7314365271,273015494,0.9874698
7316973626,281372234,0.98745674
7312290480,276283894,0.9874139
7313885683,274837602,0.98740286
7316788165,274837602,0.98740286
7311431549,270677520,0.9874019
7311770021,281035152,0.98740184
7311935646,279554547,0.98738796
7312408975,279554547,0.98738796
7312358482,279554547,0.98738796
7311843233,279554547,0.98738796
7314903775,279554547,0.98738796
7311468977,279554547,0.98738796
7311469009,279554547,0.98738796
7311468969,279554547,0.98738796
7314940470,279554547,0.98738796
7314823345,279554547,0.98738796
7313511299,279554547,0.98738796
7312342828,279554547,0.98738796
7312342873,279554547,0.98738796
7314940528,279554547,0.98738796
7314946254,279554547,0.98738796
7314885385,279554547,0.98738796
7314940350,279554547,0.98738796
7312318257,279554547,0.98738796
7311530418,279554547,0.98738796
7311357664,279554547,0.98738796
7312323239,279554547,0.98738796
7314841558,279554547,0.98738796
7312328224,279554547,0.98738796
7314740509,279554547,0.98738796
7312322985,279554547,0.98738796
7312912614,279554547,0.98738796
7314854388,279554547,0.98738796
7314779557,279554547,0.98738796
7314768931,279554547,0.98738796
7311488062,279554547,0.98738796
7311474766,279554547,0.98738796
7314940429,279554547,0.98738796
7314928037,279554547,0.98738796
7311415815,279554547,0.98738796
7311409390,279554547,0.98738796
7314873027,279554547,0.98738796
7314872942,279554547,0.98738796
7312337678,279554547,0.98738796
7313763401,279554547,0.98738796
7314903862,279554547,0.98738796
7311915627,279554547,0.98738796
7312817798,279554547,0.98738796
7312252515,279554547,0.98738796
7314800471,279554547,0.98738796
7311902607,279554547,0.98738796
7312337586,279554547,0.98738796
7311369839,279554547,0.98738796
7311878004,279554547,0.98738796
7311395712,279554547,0.98738796
7311980456,279554547,0.98738796
7312260681,279554547,0.98738796
7312333084,279554547,0.98738796
7311357639,279554547,0.98738796
7311364053,279554547,0.98738796
7314841618,279554547,0.98738796
7314829399,279554547,0.98738796
7305135256,276682542,0.9873803
7305117538,276682542,0.9873803
7302572998,276682542,0.9873803
7304396827,273278102,0.9873563
7304380360,273278102,0.9873563
7305532176,274959569,0.9873429
7306701440,274959569,0.9873429
7308648909,274959569,0.9873429
7313401269,278887195,0.98732567
7311980187,276141773,0.9873177
7308268140,281372234,0.98729694
7308208279,281772184,0.98726624
7313801553,281348397,0.98725003
7303286072,281396490,0.9872428
7303283338,281396490,0.9872428
7310997869,276611903,0.9872315
7312781421,279582218,0.9872306
7301952155,279494326,0.98722994
7314677464,273591298,0.98722553
7315227001,280171972,0.9872146
7301972386,280171972,0.9872146
7311261833,280171972,0.9872146
7307111126,280171972,0.9872146
7313740624,280171972,0.9872146
7304056613,280171972,0.9872146
7308209668,279463072,0.98720425
7311823668,279463072,0.98720425
7303557333,280512509,0.9871961
7303274677,280654029,0.9871906
7310622032,281348397,0.987188
7315716686,281760400,0.98713416
7303837258,265361437,0.9871308
7316199814,278422068,0.9871282
7316940863,267157769,0.9871164
7312460585,278887195,0.98708844
7312466336,278887195,0.98708844
7312466112,278887195,0.98708844
7312397256,278887195,0.98708844
7312347631,278887195,0.98708844
7312397224,278887195,0.98708844
7312375107,278887195,0.98708844
7312283181,278887195,0.98708844
7312425973,278887195,0.98708844
7312460369,278887195,0.98708844
7314743007,278887195,0.98708844
7312414631,278887195,0.98708844
7312256168,278887195,0.98708844
7312402618,278887195,0.98708844
7312460485,278887195,0.98708844
7310714719,280834659,0.9870862
7314318165,279721775,0.98708034
7315009589,279015048,0.9870787
7314666825,279155213,0.98707694
7310865778,279155213,0.98707694
7310829661,279155213,0.98707694
7310878485,279155213,0.98707694
7316847457,279155213,0.98707694
7303562365,280512509,0.9870759
7309777455,280648621,0.9870634
7316661299,278724411,0.98705304
7315884256,280887216,0.9870502
7312865396,210337305,0.98703915
7310763865,232271704,0.98703915
7306078259,232271704,0.98703915
7316211521,277636637,0.9870364
7316277388,277636637,0.9870364
7316260392,277636637,0.9870364
7314059134,276632230,0.9870361
7313602883,280733946,0.98703474
7313605128,280733946,0.98703474
7307207098,246724033,0.9870185
7308937391,267157769,0.9869999
7311938956,281143096,0.9869915
7305786952,280740476,0.9869831
7311290868,267822143,0.9869791
7314307359,276711449,0.98696727
7314307360,276711449,0.98696727
7307880431,280345923,0.98696625
7302273288,277715991,0.9869472
7302115635,277715991,0.9869472
7302217669,277715991,0.9869472
7302217429,277715991,0.9869472
7314958470,276156528,0.98692197
7313432607,275139507,0.986921
7305575617,275139507,0.986921
7309817934,275139507,0.986921
7316670218,275139507,0.986921
7307909161,277419454,0.986904
7316181415,281734276,0.98690367
7309160905,278300575,0.9869011
7301611263,278300575,0.9869011
7309161079,278300575,0.9869011
7301609081,278300575,0.9869011
7302540571,278300575,0.9869011
7309166276,278300575,0.9869011
7309166506,278300575,0.9869011
7309152817,278300575,0.9869011
7309197700,278300575,0.9869011
7309243413,278300575,0.9869011
7302556307,278300575,0.9869011
7301654120,278300575,0.9869011
7313762475,280694931,0.9868967
7309191843,274759434,0.9868942
7310333061,271231907,0.98689103
7310557460,270962739,0.98688555
7310562402,270962739,0.98688555
7306630058,281035152,0.98687285
7308848515,276776527,0.98687106
7308883238,276776527,0.98687106
7308648922,276776527,0.98687106
7316397219,280768548,0.9868708
7316707439,247765283,0.9868325
7316705164,247765283,0.9868325
7305758086,274396023,0.98682535
7305758661,279731112,0.98682535
7308888847,272062375,0.986824
7308648889,272062375,0.986824
7308651377,272062375,0.986824
7308894492,272062375,0.986824
7308836603,272062375,0.986824
7308859897,272062375,0.986824
7308900303,272062375,0.986824
7308672623,272062375,0.986824
7308819727,272062375,0.986824
7308859905,272062375,0.986824
7308894538,272062375,0.986824
7308900662,272062375,0.986824
7308921891,272062375,0.986824
7308854166,272062375,0.986824
7308859939,272062375,0.986824
7314849046,279617249,0.9868223
7314304371,274613336,0.9868095
7310291652,280792703,0.98679984
7310585295,280733946,0.9867998
7310585278,280733946,0.9867998
7316866130,276902670,0.98678637
7315071257,280073255,0.9867852
7316831551,278988606,0.9867814
7302286966,278988606,0.9867814
7313489949,278823482,0.9867764
7313489472,278823482,0.9867764
7313491224,278823482,0.9867764
7313492038,278823482,0.9867764
7313490646,278823482,0.9867764
7310977424,281517231,0.9867412
7311982185,265811239,0.98671424
7307858963,278295100,0.9867054
7307784467,281425636,0.9867035
7314510487,280474122,0.9866926
7307090545,232271704,0.9866786
7306573861,232271704,0.9866786
7306587046,232271704,0.9866786
7315497418,281772184,0.9866698
7314874034,280315557,0.98665565
7315278116,251799160,0.9866481
7309143587,279091021,0.9866316
7315594504,279749113,0.9866192
7309897046,275886527,0.9866018
7311945594,278098458,0.9865917
7306535087,281551813,0.9865443
7307655866,280531547,0.9865288
7311107261,280697596,0.9865016
7311139537,280697596,0.9865016
7312878946,277715991,0.98649657
7312758693,277715991,0.98649657
7315296311,277715991,0.98649657
7302303870,279617366,0.986477
7302781805,279617366,0.986477
7309671559,281187135,0.98645264
7302590676,280493488,0.9864333
7304123619,280493488,0.9864333
7302129115,280493488,0.9864333
7316828459,273220127,0.98642075
7315528304,273220127,0.98642075
7302001471,273220127,0.98642075
7307939395,269536954,0.98640776
7311827828,281361425,0.98637676
7312912667,281361425,0.98637676
7311854385,281361425,0.98637676
7312837977,281361425,0.98637676
7312775064,281361425,0.98637676
7312858180,281361425,0.98637676
7311865948,281361425,0.98637676
7312727438,281361425,0.98637676
7309932214,278780020,0.98636675
7310872206,278794157,0.98634905
7313771258,278794157,0.98634905
7310859883,278794157,0.98634905
7310847810,278794157,0.98634905
7309716792,278794157,0.98634905
7310872326,278794157,0.98634905
7302001936,279524097,0.98634726
7315528564,279524097,0.98634726
7316829687,279524097,0.98634726
7309480092,268499315,0.9863391
7316380068,275626428,0.98633534
7310769304,277249561,0.98631644
7305085269,277249561,0.98631644
7308158433,281356633,0.98626095
7307360811,263714082,0.98619115
7316506321,263714082,0.98619115
7315377611,279146260,0.9861869
7311493427,273766956,0.9861856
7316913073,280609996,0.9861619
7305732280,280609996,0.9861619
7313774628,280609996,0.9861619
7311406128,280609996,0.9861619
7316716068,280609996,0.9861619
7304656659,280609996,0.9861619
7313387985,280451555,0.9861487
7311854394,280451555,0.9861487
7311854428,280451555,0.9861487
7311854566,280451555,0.9861487
7314817727,280451555,0.9861487
7313401145,280451555,0.9861487
7311980537,280451555,0.9861487
7311980397,280451555,0.9861487
7311948316,280451555,0.9861487
7313336979,280451555,0.9861487
7313337044,280451555,0.9861487
7313337051,280451555,0.9861487
7313337063,280451555,0.9861487
7313337105,280451555,0.9861487
7311822708,280451555,0.9861487
7313336871,280451555,0.9861487
7313336957,280451555,0.9861487
7311872097,280451555,0.9861487
7311871968,280451555,0.9861487
7311883886,280451555,0.9861487
7311883868,280451555,0.9861487
7311878351,280451555,0.9861487
7311837822,280451555,0.9861487
7311832575,280451555,0.9861487
7311877837,280451555,0.9861487
7313241382,280451555,0.9861487
7313241325,280451555,0.9861487
7313241276,280451555,0.9861487
7311827753,280451555,0.9861487
7311827722,280451555,0.9861487
7311822886,280451555,0.9861487
7313237311,280451555,0.9861487
7313237267,280451555,0.9861487
7313237244,280451555,0.9861487
7313237219,280451555,0.9861487
7313237218,280451555,0.9861487
7311822796,280451555,0.9861487
7313235473,280451555,0.9861487
7311878304,280451555,0.9861487
7311878084,280451555,0.9861487
7313337129,280451555,0.9861487
7311818174,280451555,0.9861487
7311822687,280451555,0.9861487
7313235450,280451555,0.9861487
7313349297,280451555,0.9861487
7313349047,280451555,0.9861487
7313432306,280451555,0.9861487
7313426422,280451555,0.9861487
7313426311,280451555,0.9861487
7313401007,280451555,0.9861487
7313394610,280451555,0.9861487
7313394562,280451555,0.9861487
7313394515,280451555,0.9861487
7313394505,280451555,0.9861487
7313387951,280451555,0.9861487
7313387924,280451555,0.9861487
7313381847,280451555,0.9861487
7311843032,280451555,0.9861487
7311948543,280451555,0.9861487
7313388026,280451555,0.9861487
7313239157,280451555,0.9861487
7313239137,280451555,0.9861487
7311832549,280451555,0.9861487
7311832535,280451555,0.9861487
7311842936,280451555,0.9861487
7311827877,280451555,0.9861487
7313325398,280451555,0.9861487
7311865944,280451555,0.9861487
7311980290,280451555,0.9861487
7311935525,280451555,0.9861487
7313407478,280451555,0.9861487
7313407429,280451555,0.9861487
7313401179,280451555,0.9861487
7311805519,280451555,0.9861487
7311866022,280451555,0.9861487
7311843128,280451555,0.9861487
7311843054,280451555,0.9861487
7313243656,280451555,0.9861487
7313243729,280451555,0.9861487
7313248709,280451555,0.9861487
7313248584,280451555,0.9861487
7313251665,280451555,0.9861487
7311805596,280451555,0.9861487
7313251637,280451555,0.9861487
7313251658,280451555,0.9861487
7311805732,280451555,0.9861487
7311827783,280451555,0.9861487
7311814110,280451555,0.9861487
7311813983,280451555,0.9861487
7313343418,280451555,0.9861487
7313343490,280451555,0.9861487
7313349045,280451555,0.9861487
7311878040,280451555,0.9861487
7313343257,280451555,0.9861487
7313343364,280451555,0.9861487
7313343381,280451555,0.9861487
7313343410,280451555,0.9861487
7313349138,280451555,0.9861487
7313349228,280451555,0.9861487
7313349229,280451555,0.9861487
7313349033,280451555,0.9861487
7314687308,280451555,0.9861487
7311814162,280451555,0.9861487
7313349205,280451555,0.9861487
7313349024,280451555,0.9861487
7313319546,280451555,0.9861487
7313319603,280451555,0.9861487
7313319649,280451555,0.9861487
7313319708,280451555,0.9861487
7314829480,280451555,0.9861487
7313251670,280451555,0.9861487
7311902685,280451555,0.9861487
7313313746,280451555,0.9861487
7314638068,280451555,0.9861487
7313355970,280451555,0.9861487
7313355937,280451555,0.9861487
7313355911,280451555,0.9861487
7311889870,280451555,0.9861487
7311773268,280451555,0.9861487
7311773177,280451555,0.9861487
7313349305,280451555,0.9861487
7314677559,280451555,0.9861487
7313336845,280451555,0.9861487
7313331297,280451555,0.9861487
7313331289,280451555,0.9861487
7313331281,280451555,0.9861487
7313331251,280451555,0.9861487
7311837914,280451555,0.9861487
7311837862,280451555,0.9861487
7311837853,280451555,0.9861487
7313259010,280451555,0.9861487
7311814131,280451555,0.9861487
7311800840,280451555,0.9861487
7311795110,280451555,0.9861487
7311795090,280451555,0.9861487
7311795047,280451555,0.9861487
7313349184,280451555,0.9861487
7313368564,280451555,0.9861487
7313368582,280451555,0.9861487
7313368613,280451555,0.9861487
7313355675,280451555,0.9861487
7313355703,280451555,0.9861487
7313355719,280451555,0.9861487
7311986578,280451555,0.9861487
7311992909,280451555,0.9861487
7311915630,280451555,0.9861487
7311768633,280451555,0.9861487
7311767818,280451555,0.9861487
7311767769,280451555,0.9861487
7313355881,280451555,0.9861487
7313355772,280451555,0.9861487
7313355755,280451555,0.9861487
7313355730,280451555,0.9861487
7311771910,280451555,0.9861487
7313362338,280451555,0.9861487
7313362397,280451555,0.9861487
7313362396,280451555,0.9861487
7313251546,280451555,0.9861487
7313268484,280451555,0.9861487
7313362227,280451555,0.9861487
7313362226,280451555,0.9861487
7311770006,280451555,0.9861487
7311768653,280451555,0.9861487
7313362220,280451555,0.9861487
7313266964,280451555,0.9861487
7311843321,280451555,0.9861487
7311860157,280451555,0.9861487
7311848534,280451555,0.9861487
7311848540,280451555,0.9861487
7313487865,280451555,0.9861487
7313482205,280451555,0.9861487
7313362562,280451555,0.9861487
7311915749,280451555,0.9861487
7313481982,280451555,0.9861487
7313308483,280451555,0.9861487
7313313745,280451555,0.9861487
7313287017,280451555,0.9861487
7313282307,280451555,0.9861487
7313282331,280451555,0.9861487
7313268508,280451555,0.9861487
7313278734,280451555,0.9861487
7313325260,280451555,0.9861487
7313325188,280451555,0.9861487
7313319824,280451555,0.9861487
7313308566,280451555,0.9861487
7311848600,280451555,0.9861487
7313388018,280451555,0.9861487
7313387991,280451555,0.9861487
7313420074,280451555,0.9861487
7313381808,280451555,0.9861487
7313375190,280451555,0.9861487
7313375141,280451555,0.9861487
7313445169,280451555,0.9861487
7313440330,280451555,0.9861487
7313439399,280451555,0.9861487
7313439318,280451555,0.9861487
7313401142,280451555,0.9861487
7313401038,280451555,0.9861487
7311961016,280451555,0.9861487
7311954781,280451555,0.9861487
7311954756,280451555,0.9861487
7304592952,281356633,0.98614216
7308684912,281000885,0.98612344
7304171869,281000885,0.98612344
7305770008,281000885,0.98612344
7312990666,281000885,0.98612344
7311569762,281000885,0.98612344
7312444700,281000885,0.98612344
7305773436,281000885,0.98612344
7314768732,278899762,0.9860586
7315767218,278899762,0.9860586
7313298285,278899762,0.98605675
7313427248,277026410,0.98600304
7314675546,270030286,0.98591346
7313298032,270030286,0.98591346
7313235388,270030286,0.98591346
7314666879,270030286,0.98591346
7316728098,276668312,0.98591036
7314940471,280748155,0.98591036
7302016624,276838130,0.98591036
7314532013,244570751,0.98591036
7316720124,270558891,0.98591036
7307821172,281575049,0.98591036
7306798647,192231881,0.98591036
7308671379,281073650,0.98591036
7316836247,260045420,0.98591036
7308805414,273089105,0.98591036
7303760567,279566315,0.98591036
7310287550,279381057,0.98591036
7316569304,276991842,0.98591036
7302016600,266914222,0.98591036
7315010936,272818862,0.98591036
7302097315,280529999,0.98591036
7306372213,278582462,0.98591036
7310289112,252385252,0.98591036
7307181699,266313943,0.98591036
7307705857,268863109,0.98591036
7312941424,276150052,0.98591036
7311466543,279566315,0.98591036
7303698384,279575194,0.98591036
7316413062,281073650,0.98591036
7308363127,279566315,0.98591036
7306002424,276668312,0.98591036
7313921353,281073650,0.98591036
7303287932,276952309,0.98591036
7311683271,276991842,0.98591036
7302554712,278582460,0.98591036
7315118206,276430282,0.98591036
7314807347,270558884,0.98591036
7314987269,280344168,0.98591036
7312921305,279566315,0.98591036
7302057176,270558885,0.98591036
7315846407,281299030,0.98591036
7303566127,279128580,0.98591036
7303566006,274003556,0.98591036
7302057177,265811239,0.98591036
7315805738,271035283,0.98591036
7308805339,274551385,0.98591036
7310628471,276923334,0.98591036
7307886206,281575049,0.98591036
7315366872,269715845,0.98591036
7313138682,276923334,0.98591036
7308205110,271352075,0.98591036
7316090577,276923334,0.98591036
7314401810,278945839,0.98591036
7307925278,276923334,0.98591036
7312377414,276676961,0.98591036
7313912554,279575194,0.98591036
7313898873,270677216,0.98591036
7308959717,276991842,0.98591036
7311448921,276096079,0.98591036
7311250333,281092968,0.98591036
7309932076,279566315,0.98591036
7309486534,265261424,0.98591036
7304153896,270558904,0.98591036
7314147478,276991842,0.98591036
7312800318,281556219,0.98591036
7309522676,276430282,0.98591036
7309520583,280570379,0.98591036
7307286893,252841948,0.98591036
7309408791,269678671,0.98591036
7312623043,276430282,0.98591036
7316278833,260012066,0.98591036
7312794713,276668312,0.98591036
7309884770,278031632,0.98591036
7304092072,280097858,0.98591036
7314021245,272818862,0.98591036
7308203463,276838130,0.98591036
7311254142,281092968,0.98591036
7315247750,280097858,0.98591036
7311250291,281092968,0.98591036
7310799139,266298347,0.98591036
7310815397,278076767,0.98591036
7310778312,280097858,0.98591036
7301671236,281496821,0.98591036
7314240360,280097858,0.98591036
7313076173,278803498,0.98591036
7311821561,270558887,0.98591036
7308206401,270558915,0.98591036
7307621695,280097858,0.98591036
7313042831,276294248,0.98591036
7303112543,270558899,0.98591036
7316162228,279381057,0.98591036
7315366482,260012154,0.98591036
7315366753,260012104,0.98591036
7316162563,266298347,0.98591036
7311386255,281073650,0.98591036
7307855171,278582460,0.98591036
7315719348,266298347,0.98591036
7303596187,266298347,0.98591036
7306782974,279566315,0.98591036
7313433539,268919179,0.98591036
7305244264,279566315,0.98591036
7306844788,275933615,0.98591024
7315137705,277587827,0.98591024
7317034834,277587827,0.98591024
7310287563,281409578,0.9859101
7316162240,281409578,0.9859101
7315369214,279743406,0.98591006
7316919329,279743406,0.98591006
7315432749,279743406,0.98591006
7314580067,280638058,0.98591
7301662117,277669329,0.98591
7315490632,281268613,0.98590976
7314482535,281268613,0.98590976
7314768744,280599858,0.9859097
7302016609,280599858,0.9859097
7308203455,280599858,0.9859097
7308259782,280137713,0.98590934
7305641472,280137713,0.98590934
7302501383,280137713,0.98590934
7315351302,277865216,0.98590934
7312969503,276602909,0.9859092
7305601757,280720331,0.985909
7305599431,280720331,0.985909
7312015845,278854891,0.9859078
7314989163,278639596,0.9859072
7307733929,277849653,0.98590714
7302183284,271637179,0.98590666
7310506603,272983028,0.9859066
7308805114,278977847,0.9859061
7302551164,279038458,0.9859061
7315274379,279038458,0.9859061
7308701466,279038458,0.9859061
7306648926,281387654,0.9859059
7305660009,276691010,0.9859058
7314857146,281511271,0.98590577
7310221028,281123181,0.98590565
7315344242,273510492,0.9859043
7315387382,273510492,0.9859043
7312389067,278415735,0.98590416
7301633751,255436389,0.985904
7302023127,255436389,0.985904
7304184258,281129059,0.98590285
7309860506,276629504,0.98590124
7303386208,280146169,0.9859011
7303718408,280146169,0.9859011
7303809580,280146169,0.9859011
7310997704,280004330,0.98589987
7311035802,280004330,0.98589987
7309262855,281033627,0.98589975
7306687605,281033627,0.98589975
7303662806,281033627,0.98589975
7303172607,277975080,0.9858992
7307189198,277975080,0.9858992
7314867715,277975080,0.9858992
7310963982,271617512,0.9858988
7311771086,276627818,0.9858974
7313847813,275297887,0.9858965
7308291038,279369790,0.9858962
7316849714,279369790,0.9858962
7309760009,280937892,0.9858958
7303087391,279381059,0.9858877
7316162551,279381059,0.9858877
7316162227,279381059,0.9858877
7310799132,279381059,0.9858877
7315878247,278730031,0.98588717
7316243832,278730031,0.98588717
7316234016,278730031,0.98588717
7316181361,278730031,0.98588717
7315861331,278730031,0.98588717
7315825719,278730031,0.98588717
7311150512,275416502,0.98588496
7311150997,275416502,0.98588496
7311150092,275416502,0.98588496
7311150274,275416502,0.98588496
7311482132,271234145,0.98588413
7316246092,251557530,0.9858817
7307813287,280887260,0.98587954
7313990385,279184896,0.9858789
7307315071,279184896,0.9858789
7307239670,279184896,0.9858789
7310498687,281561069,0.9858767
7302573756,280462681,0.9858763
7309940230,280462681,0.9858763
7309900216,279808429,0.98587245
7310931384,272374591,0.985872
7309160604,278074408,0.9858705
7302014812,278074408,0.9858705
7314302823,280146599,0.98587036
7308391210,278740805,0.9858642
7314038690,278740805,0.9858642
7314980732,271209871,0.9858637
7315818821,280925205,0.9858595
7315822903,280925205,0.9858595
7311149843,278772198,0.9858593
7311150099,278772198,0.9858593
7311150524,278772198,0.9858593
7311150988,278772198,0.9858593
7306194579,251557530,0.985856
7308154296,280753811,0.98585516
7303697257,280753811,0.98585516
7303251240,280946505,0.985854
7311446125,280946505,0.98585397
7311445642,280946505,0.98585397
7311796831,280749594,0.98585314
7315677022,276243530,0.98584086
7314817149,278003081,0.9858357
7316775297,278003081,0.9858357
7315789941,278003081,0.9858357
7311815127,241786454,0.98583055
7316320706,276212975,0.98582435
7316374188,280549267,0.98581827
7308222982,280549267,0.98581827
7307386132,280549267,0.98581827
7316369662,280549267,0.98581827
7306205685,280549267,0.98581827
7308226169,280549267,0.98581827
7307397766,281764801,0.9858182
7304698505,280199353,0.98581773
7304665195,280199353,0.98581773
7304680070,280199353,0.98581773
7315677334,276592909,0.9858151
7312824457,276028727,0.9858104
7306125674,276028727,0.9858104
7306100189,276028727,0.9858104
7305808148,276028727,0.9858104
7305820414,276028727,0.9858104
7309731236,276028727,0.9858104
7306192066,276028727,0.9858104
7306277250,276028727,0.9858104
7306185517,276028727,0.9858104
7309841516,276028727,0.9858104
7315677114,280133500,0.98580414
7304187687,280199353,0.9858041
7304250678,280199353,0.9858041
7304135143,280199353,0.9858041
7314534403,267842479,0.985801
7315338150,281114602,0.9857886
7315393629,281114602,0.9857886
7309969773,256544916,0.98578453
7309491575,256544916,0.98578453
7309951088,256544916,0.98578453
7309969920,256544916,0.98578453
7309957302,256544916,0.98578453
7314851021,271599679,0.98578423
7316867910,271599679,0.98578423
7313867943,271599679,0.98578423
7309854613,280308508,0.98577887
7302722247,280966358,0.98576134
7316733323,270209709,0.9857499
7305565364,270209709,0.9857499
7306631771,278868738,0.9857355
7314990157,278375014,0.9857347
7305117521,266641158,0.9857302
7309790414,268101688,0.9857285
7306798182,280887216,0.9857258
7315676999,257432933,0.98571926
7313735836,278958123,0.9857008
7313356288,251557530,0.9856967
7316993905,259253135,0.9856954
7303966909,259253135,0.9856954
7316393471,281759721,0.98568344
7312556535,279422733,0.9856768
7313629108,279422733,0.9856768
7312116944,279422733,0.9856768
7314074781,279422733,0.9856768
7312552143,279422733,0.9856768
7308679880,239596192,0.9856427
7312721299,239596192,0.9856427
7315253038,239596192,0.9856427
7302721698,276413832,0.98563844
7302537515,276413832,0.98563844
7302707955,276413832,0.98563844
7302701591,276413832,0.98563844
7302746799,276413832,0.98563844
7302655166,276413832,0.98563844
7313990794,273694638,0.9856251
7310800584,279735659,0.9856177
7309739210,275065221,0.98560894
7309756249,275065221,0.98560894
7314365719,281772184,0.98557764
7314299221,279668701,0.9855646
7312363982,256531181,0.9855585
7312318485,256531181,0.9855585
7312420063,256531181,0.9855585
7312375263,256531181,0.9855585
7312358385,256531181,0.9855585
7312386026,256531181,0.9855585
7314685901,277228597,0.9855198
7313874877,271234145,0.98551065
7306169307,278408457,0.98548824
7303793480,279673520,0.9854727
7315244582,279926726,0.98541325
7309923752,279575449,0.985371
7309950643,279575449,0.985371
7309930429,279575449,0.985371
7309902995,279575449,0.985371
7308148445,278661669,0.98536944
7311915745,280001209,0.9853406
7311921876,280001209,0.9853406
7309999472,280001209,0.9853406
7311948321,280001209,0.9853406
7311960992,280001209,0.9853406
7311992690,280001209,0.9853406
7311889865,280001209,0.9853406
7311842987,280001209,0.9853406
7307850668,273719317,0.9852849
7304326228,273719317,0.9852849
7310459685,273719317,0.9852849
7304284848,273719317,0.9852849
7314378744,251557530,0.98520124
7316707913,281361425,0.98517954
7315780439,281361425,0.98517954
7313578805,276952265,0.9850758
7316504197,276952265,0.9850758
7305585305,276952265,0.9850758
7314890158,276952265,0.9850758
7308264637,276952265,0.9850758
7313880440,276952265,0.9850758
7315530357,276952265,0.9850758
7311484779,276952265,0.9850758
7312961713,271548661,0.985059
7313820959,277718223,0.9850371
7313830736,277718223,0.9850371
7313482272,263340989,0.9849756
7311065185,278838697,0.98497254
7317022345,278838697,0.98497254
7315416852,260629634,0.9849697
7315021158,275308828,0.9849569
7316949260,278921494,0.9848944
7313146525,281722257,0.98485357
7313152964,281722257,0.98485357
7313241292,281072486,0.9847694
7313999592,279023480,0.98474985
7313994231,279023480,0.98474985
7301657954,281379924,0.98474437
7315760607,253920124,0.9846724
7306735922,279676809,0.98465085
7310898988,279732199,0.9846242
7307909043,273239482,0.98450476
7307913136,273239482,0.98450476
7307805047,251557530,0.98448294
7316779486,277385203,0.98447824
7314546689,279446809,0.9844711
7302972312,278283590,0.9843641
7316709180,278283590,0.9843641
7303034095,278422068,0.98430026
7317000185,262817745,0.98423773
7314539538,279095287,0.9842364
7316345864,279095287,0.9842364
7315726945,272712582,0.9840874
7316515013,267303816,0.9839411
7312140990,277135010,0.9839239
7317016981,277135010,0.9839239
7311807999,270534002,0.98381895
7315931431,281375012,0.98379505
7305917561,259854101,0.98375684
7316478665,272712582,0.98360854
7316483409,272712582,0.98360854
7316483287,272712582,0.98360854
7316459464,272712582,0.98360854
7316459690,272712582,0.98360854
7316487963,272712582,0.98360854
7316411061,272712582,0.98360854
7316464794,272712582,0.98360854
7316454723,272712582,0.98360854
7316487960,272712582,0.98360854
7316459477,272712582,0.98360854
7302010577,271275621,0.9835967
7311604480,271275621,0.9835967
7315028911,271275621,0.9835967
7305769809,271275621,0.9835967
7311445942,271275621,0.9835967
7303319094,271275621,0.9835967
7310714662,265490099,0.98359066
7309229785,280073996,0.9835906
7309351232,280073996,0.9835906
7310769550,280073996,0.9835906
7309351298,280073996,0.9835906
7309308227,280073996,0.9835906
7309869228,280073996,0.9835906
7309876131,280073996,0.9835906
7309250249,280073996,0.9835906
7310272062,280073996,0.9835906
7310271985,280073996,0.9835906
7310358082,280073996,0.9835906
7310409651,280073996,0.9835906
7309855111,280073996,0.9835906
7309835004,280073996,0.9835906
7309777662,280073996,0.9835906
7309766088,280073996,0.9835906
7315724408,279847060,0.98358387
7315607138,279847060,0.98358387
7306807126,280493488,0.9835789
7306819386,280493488,0.9835789
7304667609,280493488,0.9835789
7306768443,280493488,0.9835789
7306728292,280493488,0.9835789
7306715202,280493488,0.9835789
7306701809,280493488,0.9835789
7306708362,280493488,0.9835789
7306142132,280493488,0.9835789
7306695182,280493488,0.9835789
7304710783,280493488,0.9835789
7306728379,280493488,0.9835789
7306734682,280493488,0.9835789
7306728348,280493488,0.9835789
7304704063,280493488,0.9835789
7305266086,280493488,0.9835789
7304724096,280493488,0.9835789
7306657906,280493488,0.9835789
7304611600,280493488,0.9835789
7306625153,280493488,0.9835789
7304697563,280493488,0.9835789
7304757118,280493488,0.9835789
7304744016,280493488,0.9835789
7304717359,280493488,0.9835789
7304667550,280493488,0.9835789
7304757163,280493488,0.9835789
7306695179,280493488,0.9835789
7304691653,280493488,0.9835789
7304630955,280493488,0.9835789
7304645903,280493488,0.9835789
7306683035,280493488,0.9835789
7306295726,280493488,0.9835789
7316855415,279965661,0.9835334
7312885844,278422068,0.983439
7305659660,251557530,0.98342437
7313241330,279557688,0.9833647
7309722630,279557688,0.9833647
7314488920,279557688,0.9833647
7306301982,279557688,0.9833647
7310351300,279557688,0.9833647
7310905342,279557688,0.9833647
7310390010,279557688,0.9833647
7309868836,279557688,0.9833647
7314669377,279557688,0.9833647
7315649491,274855298,0.98335123
7307389141,280597391,0.9833508
7310500394,276189029,0.9832885
7310813501,278669269,0.9832243
7316635145,278669269,0.9832243
7309176102,278669269,0.9832243
7316173193,278669269,0.9832243
7311785560,278669269,0.9832243
7304616762,278669269,0.9832243
7316135434,278669269,0.9832243
7310841764,278669269,0.9832243
7316113181,278669269,0.9832243
7304592005,278569056,0.9830346
7315284950,272480128,0.98298377
7307243617,280127695,0.98291606
7313512377,262728361,0.9827858
7303151305,251557530,0.98278505
7315216482,281278776,0.9827241
7312449242,276711449,0.98263913
7312391817,276711449,0.98263913
7312283102,276711449,0.98263913
7305913066,279617678,0.98249525
7301763083,279617678,0.98249525
7301765045,279617678,0.98249525
7305915475,279617678,0.98249525
7316312385,279054987,0.98245347
7310911480,276972006,0.98241645
7316778901,269836327,0.9824059
7309479470,276725847,0.98239326
7310839509,280029019,0.98239326
7311054655,277327391,0.98239166
7312477243,277327391,0.98239166
7308050610,280011240,0.98238736
7313345221,280827225,0.98224527
7316385947,281527829,0.9820667
7314763201,275273414,0.98202306
7316197594,279735659,0.9819233
7303686509,280298806,0.9819185
7303686548,280298806,0.9819185
7315726986,276741353,0.9819062
7311587521,274844752,0.98186344
7305863493,280636136,0.98186344
7307730900,274844752,0.98186344
7310373814,280918597,0.98186207
7311566072,277264236,0.9818331
7314762194,277519298,0.98182327
7313792979,280298806,0.98174876
7312715347,281072486,0.98173916
7307224005,280298806,0.98167676
7311767771,273694986,0.9816052
7312005103,273694986,0.9816052
7311999249,273694986,0.9816052
7311908942,273694986,0.9816052
7312017591,273694986,0.9816052
7311766862,273694986,0.9816052
7313763368,273694986,0.9816052
7311848607,273694986,0.9816052
7311848387,273694986,0.9816052
7312408912,273694986,0.9816052
7312369946,273694986,0.9816052
7311915751,273694986,0.9816052
7311793374,273694986,0.9816052
7312305340,273694986,0.9816052
7312023177,273694986,0.9816052
7311773190,273694986,0.9816052
7311877998,273694986,0.9816052
7313544265,249527230,0.981599
7313782610,275127681,0.9815242
7313789662,275127681,0.9815242
7312945848,247621759,0.98146987
7316260359,278277730,0.98141015
7310992039,281293875,0.9813314
7316422372,276741353,0.9812815
7316469462,276741353,0.9812815
7316483366,276741353,0.9812815
7315904349,276741353,0.9812815
7316416409,276741353,0.9812815
7316775280,276741353,0.9812815
7315894230,276741353,0.9812815
7316478940,276741353,0.9812815
7311065608,259972318,0.9812133
7312184532,273662919,0.98119384
7301813067,273662919,0.98119384
7314035993,273662919,0.98119384
7311658885,273662919,0.98119384
7315599468,273662919,0.98119384
7307942217,247708582,0.9811492
7307942070,247708582,0.9811492
7307942121,247708582,0.9811492
7307942028,247708582,0.9811492
7304308282,276746756,0.9811469
7310048819,277870719,0.9811469
7302318848,277870725,0.9811469
7307413304,276078261,0.9811469
7313061906,277870722,0.9811469
7304395437,277870719,0.9811469
7303381334,277264237,0.9811469
7310560448,276078261,0.9811469
7306410589,277870725,0.9811469
7307833853,277870722,0.9811469
7304361907,277870723,0.9811464
7310038809,277870723,0.9811464
7315350407,277975080,0.9811321
7316311575,277975080,0.9811321
7306390215,277264229,0.9811288
7302285219,277264229,0.9811288
7308151767,280652123,0.98107755
7305536603,280652123,0.98107755
7307101538,280652123,0.98107755
7315702220,280130568,0.9810637
7310934487,273500508,0.98100066
7315873752,281212656,0.9809751
7306708474,276821093,0.98095286
7306708497,276821093,0.98095286
7310964211,244147252,0.9809494
7310964526,244147252,0.9809494
7304060163,279705110,0.98082983
7307611776,279705110,0.98082983
7309917730,276821093,0.9808216
7309957204,276821093,0.9808216
7309904138,276821093,0.9808216
7309882951,276821093,0.9808216
7309760541,276821093,0.9808216
7310043596,278945839,0.98079133
7301807714,278945839,0.98079133
7305770421,278945839,0.98079133
7314074774,278945839,0.98079133
7313459852,278945839,0.98079133
7303631835,278945839,0.98079133
7311416387,278945839,0.98079133
7309819622,276356079,0.9807899
7316191810,276356079,0.9807899
7313748975,278018080,0.98074865
7313805437,278018080,0.98074865
7313763304,267073280,0.9807397
7303838299,277264232,0.98073065
7307428536,277264232,0.98073065
7316109155,281126368,0.9806931
7303087750,270144027,0.98068345
7303124263,270144027,0.98068345
7303052656,270144027,0.98068345
7311783977,270144027,0.98068345
7303034126,270144027,0.98068345
7303093603,270144027,0.98068345
7303087765,270144027,0.98068345
7305827690,281182482,0.9806777
7305573115,256544916,0.98064077
7304597669,256544916,0.98064077
7304594990,256544916,0.98064077
7302004783,256544916,0.98064077
7302004768,256544916,0.98064077
7305578516,256544916,0.98064077
7305573210,256544916,0.98064077
7305573182,256544916,0.98064077
7302043454,256544916,0.98064077
7302037582,256544916,0.98064077
7302014890,256544916,0.98064077
7302014829,256544916,0.98064077
7306576973,256544916,0.98064077
7302037561,256544916,0.98064077
7305149908,256544916,0.98064077
7305121840,256544916,0.98064077
7302020585,256544916,0.98064077
7302025796,256544916,0.98064077
7302025798,256544916,0.98064077
7302025836,256544916,0.98064077
7302025844,256544916,0.98064077
7305559990,256544916,0.98064077
7305559977,256544916,0.98064077
7305564065,256544916,0.98064077
7305560038,256544916,0.98064077
7305551411,256544916,0.98064077
7305551236,256544916,0.98064077
7305568361,256544916,0.98064077
7305117791,256544916,0.98064077
7302043399,256544916,0.98064077
7302004728,256544916,0.98064077
7305573099,256544916,0.98064077
7302014903,256544916,0.98064077
7305113259,256544916,0.98064077
7305113366,256544916,0.98064077
7305117704,256544916,0.98064077
7305117705,256544916,0.98064077
7302004794,256544916,0.98064077
7306599041,256544916,0.98064077
7306597425,256544916,0.98064077
7302009668,256544916,0.98064077
7305594860,256544916,0.98064077
7302009630,256544916,0.98064077
7302009590,256544916,0.98064077
7302004814,256544916,0.98064077
7305594857,256544916,0.98064077
7301999996,256544916,0.98064077
7304646020,256544916,0.98064077
7305594822,256544916,0.98064077
7301991656,256544916,0.98064077
7301996151,256544916,0.98064077
7305545346,256544916,0.98064077
7305583550,256544916,0.98064077
7301984648,256544916,0.98064077
7301984661,256544916,0.98064077
7301984577,256544916,0.98064077
7301984639,256544916,0.98064077
7301980418,256544916,0.98064077
7301984754,256544916,0.98064077
7305618608,256544916,0.98064077
7305600434,256544916,0.98064077
7306095616,256544916,0.98064077
7305087673,256544916,0.98064077
7305090518,256544916,0.98064077
7306125958,256544916,0.98064077
7305090661,256544916,0.98064077
7305583831,256544916,0.98064077
7305589255,256544916,0.98064077
7305589257,256544916,0.98064077
7305085249,256544916,0.98064077
7305085202,256544916,0.98064077
7305085304,256544916,0.98064077
7305085265,256544916,0.98064077
7305085174,256544916,0.98064077
7301991567,256544916,0.98064077
7301996194,256544916,0.98064077
7301999995,256544916,0.98064077
7305583766,256544916,0.98064077
7305131007,256544916,0.98064077
7305594947,256544916,0.98064077
7302000126,256544916,0.98064077
7301987699,256544916,0.98064077
7301987590,256544916,0.98064077
7301980404,256544916,0.98064077
7305073879,256544916,0.98064077
7305632041,256544916,0.98064077
7301975503,256544916,0.98064077
7301975497,256544916,0.98064077
7301975466,256544916,0.98064077
7301975580,256544916,0.98064077
7301977497,256544916,0.98064077
7305083063,256544916,0.98064077
7305073846,256544916,0.98064077
7305087695,256544916,0.98064077
7305087808,256544916,0.98064077
7302000018,256544916,0.98064077
7302000046,256544916,0.98064077
7305109377,256544916,0.98064077
7305107182,256544916,0.98064077
7305103106,256544916,0.98064077
7305096040,256544916,0.98064077
7305542282,256544916,0.98064077
7305542198,256544916,0.98064077
7305539550,256544916,0.98064077
7305539498,256544916,0.98064077
7305109418,256544916,0.98064077
7305107057,256544916,0.98064077
7305545565,256544916,0.98064077
7305545461,256544916,0.98064077
7305186758,256544916,0.98064077
7305514333,256544916,0.98064077
7305545644,256544916,0.98064077
7305545608,256544916,0.98064077
7305545495,256544916,0.98064077
7305197635,256544916,0.98064077
7301962110,256544916,0.98064077
7301955492,256544916,0.98064077
7304587215,280517712,0.98056304
7315954270,279495818,0.98045504
7311283181,279217661,0.98043656
7302052149,279735659,0.9803625
7307239455,276741353,0.9801298
7312792594,276741353,0.9801298
7312799182,276741353,0.9801298
7301962224,279289005,0.98008573
7313061781,279813902,0.98008263
7311491957,281772184,0.98006463
7311049123,279813390,0.98005885
7316972220,263856871,0.9799933
7316971949,248027118,0.97999316
7309730110,276502055,0.9799008
7304326251,261862797,0.97980636
7316581218,277882097,0.9797987
7316312149,270030286,0.9797505
7316412929,270030286,0.9797505
7310810766,273760785,0.9797214
7304343949,273760785,0.9797214
7311514709,279895716,0.97972095
7315866684,261569323,0.979702
7316189398,281828620,0.9796408
7315295212,266564781,0.9796354
7314580133,279039916,0.97960496
7316157713,279039916,0.97960496
7316789105,279968392,0.9795649
7315625204,263880454,0.97955465
7302301480,275127681,0.97946817
7306890306,275573480,0.9791842
7302795325,275573480,0.9791842
7304083565,265947114,0.97917885
7309203741,274606620,0.9791746
7316110601,276278162,0.9791333
7311254885,276278162,0.9791333
7313873840,280298806,0.9791034
7304691745,280298806,0.9791034
7305638980,280298806,0.9791034
7316294549,280298806,0.9791034
7307834160,280298806,0.9791034
7306652084,280298806,0.9791034
7316724204,280001209,0.9789925
7316654241,279237522,0.9789323
7314034483,281207223,0.9788146
7310831379,281340347,0.9787734
7305532231,273179177,0.97874033
7310756418,273179177,0.97874033
7316109994,273179177,0.97874033
7311058616,281385244,0.9787071
7303734606,281385244,0.9787071
7311437578,272010674,0.9786894
7310961781,272010674,0.9786894
7311295494,255168967,0.978552
7316520183,266703815,0.9782667
7315805452,263950633,0.97820115
7304142951,265947114,0.9781252
7306455899,278772198,0.97810733
7315007111,272702409,0.97809815
7314964991,272702409,0.97809815
7311296229,265947114,0.978013
7304587197,279846721,0.97799736
7313677455,279911995,0.9777928
7313679077,279911995,0.9777928
7313676830,279911995,0.9777928
7314656915,279911995,0.9777928
7313335837,274658104,0.9776473
7313411973,274658104,0.9776473
7304330722,280887216,0.97751266
7313451573,280887216,0.97751266
7317005062,278818072,0.9774536
7304641079,278818072,0.9774536
7310048702,278818072,0.9774536
7313279527,281205654,0.9772012
7304366782,281449873,0.9769138
7316714672,279348746,0.9768733
7306302004,272010674,0.97675645
7306271580,272010674,0.97675645
7306271368,272010674,0.97675645
7307361244,280661156,0.9766901
7314992782,279063484,0.9766901
7304224601,274759434,0.9766901
7305974581,280017711,0.9766901
7314240228,262053911,0.9766901
7313243668,276683507,0.9766901
7309966407,279063484,0.9766901
7313951629,273582118,0.9766901
7311350263,273582118,0.9766901
7316677816,280017711,0.9766901
7314534632,280661156,0.9766901
7303225940,281212656,0.9766901
7307857778,280540365,0.9766901
7315103546,280661156,0.9766901
7312769754,280540365,0.9766901
7303816533,280469712,0.9766901
7303816632,280469712,0.9766901
7316318970,281033456,0.9766901
7309158163,280540365,0.9766901
7312996097,280719659,0.9766901
7302191492,281182482,0.9766901
7304309096,280918850,0.9766901
7304308993,280918850,0.9766901
7304308859,280918850,0.9766901
7312996010,280719659,0.9766901
7315009618,280462681,0.9766901
7304126588,280540365,0.9766901
7310481760,279481261,0.9766901
7310798172,273582118,0.9766901
7310364259,274759434,0.9766901
7304308630,276995305,0.9766901
7304308431,281182482,0.9766901
7309146502,279499124,0.9765787
7309138633,279499124,0.9765787
7310752290,279499124,0.9765787
7311261614,279499124,0.9765787
7313973956,264029908,0.97654253
7316461662,264029908,0.97654253
7306302080,264029908,0.97654253
7303043572,265947114,0.97647333
7316143688,203715078,0.97645223
7316755696,280457421,0.9761419
7316762625,280457421,0.9761419
7302628771,280250766,0.9758106
7302616095,280250766,0.9758106
7302648495,280250766,0.9758106
7302682277,280250766,0.9758106
7302707852,280250766,0.9758106
7301745804,280250766,0.9758106
7301754479,280250766,0.9758106
7305160175,280250766,0.9758106
7303727890,280250766,0.9758106
7303708076,280250766,0.9758106
7305170567,280250766,0.9758106
7305130973,280250766,0.9758106
7302734133,280250766,0.9758106
7303741021,280250766,0.9758106
7301741613,280250766,0.9758106
7301720144,280250766,0.9758106
7303797457,280250766,0.9758106
7309121928,280888374,0.9756293
7305745418,269000290,0.9753306
7315366618,259707714,0.97514
7309524868,280840338,0.9750716
7316524182,279267547,0.9750159
7303843614,278275041,0.97498345
7314268531,144815819,0.9744485
7316271167,277385203,0.97434056
7316493351,277385203,0.97434056
7316218312,277385203,0.97434056
7316138587,277385203,0.97434056
7316502032,277385203,0.97434056
7310826651,270012871,0.97394395
7303741159,280896560,0.97391456
7301654260,280896560,0.97391456
7302164173,280896560,0.97391456
7302069122,280896560,0.97391456
7302177328,280896560,0.97391456
7302088372,280896560,0.97391456
7301965334,280896560,0.97391456
7303558378,280896560,0.97391456
7303558342,280896560,0.97391456
7302014835,280896560,0.97391456
7301991559,280896560,0.97391456
7301627150,280896560,0.97391456
7301640104,280896560,0.97391456
7301694631,280896560,0.97391456
7302020431,280896560,0.97391456
7302009800,280896560,0.97391456
7301611316,280896560,0.97391456
7303740842,280896560,0.97391456
7303623189,280896560,0.97391456
7303600479,280896560,0.97391456
7304102276,280896560,0.97391456
7303623026,280896560,0.97391456
7303708019,280896560,0.97391456
7302049790,280896560,0.97391456
7302075293,280896560,0.97391456
7302075255,280896560,0.97391456
7303695058,280896560,0.97391456
7301967263,280896560,0.97391456
7302043302,280896560,0.97391456
7301975477,280896560,0.97391456
7303681110,280896560,0.97391456
7304097599,280896560,0.97391456
7316220732,272307957,0.97387654
7316220507,272773827,0.97368187
7316356650,280818189,0.9736089
7313939101,227385312,0.9735053
7310549228,279884479,0.9734693
7310565318,279884479,0.9734693
7311065181,279884479,0.9734693
7306825888,279884479,0.9734693
7311054782,279884479,0.9734693
7311065126,279884479,0.9734693
7310491295,279884479,0.9734693
7307673763,279884479,0.9734693
7307418741,279884479,0.9734693
7306907145,279884479,0.9734693
7309473408,279884479,0.9734693
7310048776,279884479,0.9730573
7304356303,252226820,0.9716042
7316915124,264185520,0.97099787
7307800339,279735659,0.9708755
7314823486,218677561,0.9706102
7313415358,280961613,0.9705968
7306621626,278519669,0.9705827
7306621663,278519669,0.9705827
7304326454,251187022,0.97027564
7311480610,251187022,0.97027564
7310326069,251187022,0.97027564
7314933643,251187022,0.97027564
7315513801,257256165,0.96964204
7315493828,257256165,0.96964204
7315518610,257256165,0.96964204
7315513522,257256165,0.96964204
7315499701,257256165,0.96964204
7315342412,257256165,0.96964204
7310964876,276558476,0.9692747
7302276240,276558476,0.9692747
7310964412,276558476,0.9692747
7311668910,261763738,0.9686419
7307008245,261763738,0.9686419
7316827884,272307957,0.9682597
7313824341,280443494,0.9681963
7312818665,278805686,0.9681656
7307101815,278805686,0.9681656
7313420219,253676643,0.96801335
7313916213,253676643,0.96801335
7313946998,253676643,0.96801335
7314652165,253676643,0.96801335
7308344879,253676643,0.96801335
7308430174,253676643,0.96801335
7308323556,253676643,0.96801335
7308243825,253676643,0.96801335
7308237973,253676643,0.96801335
7314624851,253676643,0.96801335
7313355913,253676643,0.96801335
7314521956,253676643,0.96801335
7313248500,253676643,0.96801335
7314946280,253676643,0.96801335
7313241344,253676643,0.96801335
7308288632,253676643,0.96801335
7309900771,276821093,0.96799695
7312905538,276821093,0.96799695
7309322326,267296284,0.9678708
7307224044,281581601,0.96741897
7307186161,281581601,0.96741897
7307223955,281581601,0.96741897
7307428708,279525075,0.96739525
7313071901,279525075,0.96739525
7309373800,270012871,0.9673947
7309379714,270012871,0.9673947
7314581262,256049408,0.9671252
7314273008,280723047,0.96709484
7304610257,104800947,0.96654046
7304610218,104800947,0.96654046
7301605520,273388555,0.96623427
7316184905,280844813,0.9661497
7302579056,281505351,0.9659302
7301650561,281505351,0.9659302
7301661463,281505351,0.9659302
7316895661,267089920,0.96581924
7310818935,265097713,0.965792
7308206827,265097713,0.965792
7310302731,265097713,0.965792
7310813857,265097713,0.965792
7309160912,265097713,0.965792
7309257177,265097713,0.965792
7309236185,265097713,0.965792
7310930491,265097713,0.9656558
7309134234,265097713,0.9656558
7309192084,265097713,0.9656558
7308206686,265097713,0.9656558
7310829896,265097713,0.9656558
7310774451,265097713,0.9656558
7308255290,265097713,0.9656558
7309156338,265097713,0.9656558
7308221729,265097713,0.9656558
7309152963,265097713,0.9656558
7309150431,265097713,0.9656558
7309150458,265097713,0.9656558
7309197659,265097713,0.9656558
7310781249,265097713,0.9656558
7309186623,265097713,0.9656558
7310798738,265097713,0.9656558
7310829894,265097713,0.9656558
7310769325,265097713,0.9656558
7309307954,265097713,0.9656558
7309236290,265097713,0.9656558
7309236369,265097713,0.9656558
7310829907,265097713,0.9656558
7316671338,281806362,0.9656345
7304129432,281806362,0.9656345
7315722936,281806362,0.9656345
7316200264,281806362,0.9656345
7316725620,281806362,0.9656345
7313916990,280670182,0.9653775
7314873469,272642830,0.9652813
7310286237,279674928,0.9648276
7314669323,279674928,0.9648276
7313420173,279674928,0.9648276
7314074479,280749594,0.9648204
7314508333,279440191,0.9644644
7313572686,279440191,0.9644644
7313960831,279440191,0.9644644
7306115654,262655335,0.96437496
7313538904,270499402,0.96418285
7315427711,270499402,0.96418285
7313844644,278204804,0.96413565
7314320546,266641158,0.963978
7316318403,278453038,0.96397686
7315429217,280443494,0.96355015
7316247815,280443494,0.96355015
7310992164,277374448,0.96350646
7301864205,265677100,0.9635024
7305146384,265677100,0.9635024
7305151431,265677100,0.9635024
7301867307,265677100,0.9635024
7314281864,276916206,0.9633031
7303782110,280269686,0.96329725
7303891642,280269686,0.96329725
7303899269,280269686,0.96329725
7303772380,280269686,0.96329725
7310049129,280269686,0.96329725
7313836089,277829531,0.9632923
7316244468,279839140,0.96327364
7316877939,279839140,0.96327364
7316890177,279839140,0.96327364
7315742539,279839140,0.96327364
7316433875,279839140,0.96327364
7316303258,227385312,0.96322185
7314342211,227385312,0.96322185
7314893685,278653115,0.9631726
7316114501,281582841,0.96289635
7310387765,281133198,0.96272016
7313921944,280341720,0.9615572
7313528967,280341720,0.9615572
7316894723,280341720,0.9615572
7314386506,280341720,0.9615572
7303565899,233573831,0.9614988
7310881507,265947114,0.96145034
7316380720,275483657,0.96133703
7316464871,275483657,0.96133703
7315450568,275483657,0.96133703
7315336425,275483657,0.96133703
7316304813,275483657,0.96133703
7315483376,275483657,0.96133703
7313434541,190089736,0.9609868
7316756058,190089736,0.9609868
7309925564,190089736,0.9609868
7312370197,190089736,0.9609868
7301834669,279533730,0.9609333
7301864240,279533730,0.9609333
7314743603,274712360,0.96092266
7312715307,274712360,0.96092266
7313862090,279159535,0.96074015
7314913768,280961613,0.9607314
7316478722,279105299,0.96011835
7302749207,279965661,0.9594152
7309410253,279965661,0.9594152
7315009739,267651836,0.9592999
7315010386,267651836,0.9592999
7313650183,277466639,0.9591575
7303552572,278868738,0.95868856
7308239589,269952103,0.9585027
7313374686,269952103,0.9585027
7310837068,269952103,0.9585027
7304786180,269952103,0.9585027
7316774429,269952103,0.9585027
7311311008,262655335,0.9581561
7307942650,278989064,0.95774937
7315066621,280595676,0.95747435
7315956785,262242003,0.9572314
7312845214,273814082,0.9566241
7308051184,281606518,0.956437
7312168735,278805686,0.9563819
7314147515,278805686,0.9563819
7310150584,278805686,0.9563819
7305875248,273039225,0.956329
7315448259,278204804,0.9562704
7314412314,278204804,0.9562704
7316270197,278204804,0.9562704
7315107471,281502147,0.95587355
7315101561,281502147,0.95587355
7315097051,281502147,0.95587355
7315348330,280556334,0.95577615
7312996649,281381442,0.9555915
7314496481,281381442,0.9555915
7316803413,281381442,0.9555915
7311910134,280556334,0.955244
7312825826,277971466,0.954963
7308526585,278634814,0.9547155
7305858941,278634814,0.9547155
7305342601,278634814,0.9547155
7315966820,278634814,0.9547155
7302800962,278634814,0.9547155
7309999066,278634814,0.9547155
7305858905,278634814,0.9547155
7314628477,277109055,0.9547054
7307697417,280385217,0.95370066
7309322352,265945353,0.9528783
7309315260,265945353,0.9528783
7309365210,265945353,0.9528783
7304229937,272831658,0.9521183
7312912711,272831658,0.9521183
7315060356,276699202,0.95179224
7304764910,265080958,0.9513774
7304826360,265080958,0.9513774
7304040076,281394771,0.9512963
7307943525,281317021,0.9511255
7302238805,266965337,0.9506895
7316756023,265080958,0.9506755
7316277355,265080958,0.9506755
7307222159,273881424,0.9504135
7308459208,281032432,0.950222
7316198987,263941874,0.9492446
7312799282,263941874,0.9492446
7307240503,263941874,0.9492446
7309926112,263941874,0.9492446
7312702764,264266935,0.9488755
7312702786,264266935,0.9488755
7312701378,264266935,0.9488755
7312704063,264266935,0.9488755
7316396939,274629758,0.9486404
7304841323,276472728,0.9485322
7308297743,276472728,0.9485322
7315973354,271621402,0.9484012
7305311739,270317036,0.9483616
7305311750,270317036,0.9483616
7305311428,270317036,0.9483616
7305311746,270317036,0.9483616
7310610552,270317036,0.9483616
7305311738,270317036,0.9483616
7312973692,278884915,0.9481546
7306734933,275821724,0.9481018
7314467958,276137025,0.94786084
7307516249,277093092,0.9478527
7310480037,277093092,0.9478527
7303150419,280723591,0.9477279
7302266880,271621402,0.947569
7315533875,271621402,0.947569
7306357599,271621402,0.947569
7303372929,271621402,0.947569
7316787711,274089296,0.9471334
7313867719,281387654,0.94670546
7303193773,278501421,0.9464348
7313914041,278501421,0.9464348
7306722953,278501421,0.9464348
7309259419,278501421,0.9464348
7313865667,278501421,0.9464348
7304678743,278501421,0.9464348
7313900449,278501421,0.9464348
7310380526,278501421,0.9464348
7310406789,278501421,0.9464348
7306771646,278501421,0.9464348
7307169192,278501421,0.9464348
7313825289,278501421,0.9464348
7303615006,278501421,0.9464348
7303638900,278501421,0.9464348
7314890936,278501421,0.9464348
7304246561,278501421,0.9464348
7311356572,278501421,0.9464348
7316702471,272528265,0.94557315
7304346434,281261227,0.9453964
7304893181,281261227,0.9453964
7310567103,281261227,0.9453964
7304907915,281261227,0.9453964
7304381346,281261227,0.9453964
7310524492,281261227,0.9453964
7302607917,276921379,0.9445788
7315365704,280624972,0.9444736
7316833821,281093624,0.9444715
7310951703,281093624,0.9444715
7305619664,281093624,0.9444715
7313432707,281093624,0.9444715
7308362218,281093624,0.9444715
7304089168,263880454,0.9444617
7310190270,263880454,0.9444617
7308402082,275072163,0.94327784
7307561602,279668826,0.94319564
7304229899,277307139,0.94200087
7305123002,276329175,0.9415369
7305620109,270558897,0.9412989
7316720106,270558921,0.9412989
7303273549,281710677,0.94125396
7309197673,280073255,0.9409335
7313863348,281528505,0.93941814
7314245772,280261480,0.9390531
7316532592,279345769,0.938825
7315375719,280733513,0.9365325
7307285961,280733513,0.9365325
7309394238,280733513,0.9365325
7308436747,280733513,0.9365325
7301987554,268195230,0.9364813
7316112997,281361425,0.9355416
7304123719,273813672,0.9350861
7304097656,273813672,0.9350861
7304111794,273813672,0.9350861
7304073609,273813672,0.9350861
7315222163,280847375,0.93493336
7316394096,277863491,0.9348443
7307600609,268195230,0.934771
7310310897,268195230,0.934771
7312863561,268195230,0.934771
7315958261,268195230,0.934771
7310955857,280733513,0.9332157
7313241174,211102336,0.9320277
7309204143,257464345,0.930985
7310833809,280457421,0.93032926
7310931662,280720835,0.9303136
7310930307,280720835,0.9303136
7309417710,280720835,0.93022156
7304199006,280720835,0.93022156
7304879525,280720835,0.93022156
7303905121,280720835,0.93022156
7309937800,280720835,0.93022156
7305330236,280720835,0.93022156
7304352781,275487979,0.9301273
7314181169,257871815,0.92995566
7304262687,278344276,0.92964077
7314329459,279634845,0.9276316
7314295949,281511271,0.92737204
7310773625,279445207,0.9269146
7310773826,279445207,0.9269146
7301995205,277916266,0.9269146
7303997444,271494609,0.92484593
7303997426,271494609,0.92484593
7303997456,271494609,0.92484593
7303219919,265584794,0.9241606
7309287363,275328974,0.9216901
7316199720,275328974,0.9216901
7312777141,275328974,0.9216901
7314885516,277468092,0.9212919
7315709596,277468092,0.9212919
7315712577,277468092,0.9212919
7315715955,277468092,0.9212919
7314841441,277468092,0.9212919
7314879114,277468092,0.9212919
7311795204,277468092,0.9212919
7312276680,277468092,0.9212919
7311269237,277468092,0.9212919
7315705436,277468092,0.9212919
7313362203,277468092,0.9212919
7315712558,277468092,0.9212919
7315785317,277468092,0.9212919
7311273204,277468092,0.9212919
7315751525,277468092,0.9212919
7315751469,277468092,0.9212919
7316181900,277468092,0.9212919
7312327962,277468092,0.9212919
7312322887,277468092,0.9212919
7315245102,277468092,0.9212919
7315255940,277468092,0.9212919
7315780313,277468092,0.9212919
7315775080,277468092,0.9212919
7315770518,277468092,0.9212919
7315760960,277468092,0.9212919
7315751584,277468092,0.9212919
7315756334,277468092,0.9212919
7314789548,277468092,0.9212919
7315738291,277468092,0.9212919
7314847974,277468092,0.9212919
7312266626,277468092,0.9212919
7316181919,277468092,0.9212919
7311316548,277468092,0.9212919
7312309249,277468092,0.9212919
7311322276,277468092,0.9212919
7307424719,280987836,0.92081314
7302256027,221296561,0.92006934
7302256594,221296561,0.92006934
7302256510,221296561,0.92006934
7307955832,221296561,0.92006934
7301813051,221296561,0.92006934
7316111968,280777779,0.9196747
7304661917,273813672,0.91936207
7304679379,273813672,0.91936207
7304635717,273813672,0.91936207
7315520049,278189243,0.9191197
7316119302,276635684,0.91764784
7316108387,281312977,0.9157878
7303902556,274585441,0.9152926
7311587246,274585441,0.9152926
7316743126,276104753,0.9148603
7316368571,276104753,0.9148603
7303952973,273220127,0.9147428
7312947537,280750665,0.91440785
7313949122,280750665,0.91440785
7316904471,280750665,0.91440785
7311920364,280750665,0.91440785
7304855684,280750665,0.91440785
7307194325,280750665,0.91440785
7307904133,280750665,0.91440785
7316201001,279703431,0.91359365
7310552303,278248811,0.9135575
7305661041,278248811,0.9135575
7304327368,278248811,0.9135575
7313592127,278248811,0.9135575
7308415221,278248811,0.9135575
7312922488,278422068,0.90731716
7307849029,278422068,0.90731716
7315972858,278422068,0.90731716
7316439393,278422068,0.9059864
7302405572,275573480,0.9032663
7308153108,258743179,0.90325713
7308152735,258743179,0.90325713
7308153026,258743179,0.90325713
7308152832,258743179,0.90325713
7308152313,258743179,0.90325713
7308152614,258743179,0.90325713
7308152418,258743179,0.90325713
7302405535,266583097,0.9032529
7316104661,277609884,0.90108854
7311451628,257660833,0.9007138
7313955954,278248811,0.90021616
7312177970,278248811,0.90021616
7305004869,278248811,0.90021616
7313261510,273373134,0.89988357
7306560866,280737474,0.8996658
7306573607,280737474,0.8996658
7306676088,280737474,0.8996658
7309814882,280737474,0.8996658
7306695133,280737474,0.8996658
7306688933,280737474,0.8996658
7302231102,280737474,0.8996658
7306582956,280737474,0.8996658
7302062638,280737474,0.8996658
7302069268,280737474,0.8996658
7306774606,280737474,0.8996658
7306825820,280737474,0.8996658
7306768297,280737474,0.8996658
7314964984,281204945,0.8996439
7313325309,281204945,0.8996439
7314976539,281204945,0.8996439
7314482421,281204945,0.8996439
7315795464,281204945,0.8996439
7313870917,281204945,0.8996439
7315810495,281204945,0.8996439
7314482411,281204945,0.8996439
7313337192,281204945,0.8996439
7314684268,281204945,0.8996439
7313368671,281204945,0.8996439
7315761031,281204945,0.8996439
7313319687,281204945,0.8996439
7314495273,281204945,0.8996439
7312865217,281204945,0.8996439
7314617615,281204945,0.8996439
7312858328,281204945,0.8996439
7314605939,281204945,0.8996439
7312318387,281204945,0.8996439
7314737387,281204945,0.8996439
7313928468,281204945,0.8996439
7314669299,281204945,0.8996439
7312919297,281204945,0.8996439
7316264291,281204945,0.8996439
7314516455,281204945,0.8996439
7312919518,281204945,0.8996439
7312919273,281204945,0.8996439
7316284308,281204945,0.8996439
7313763500,281204945,0.8996439
7312727491,281204945,0.8996439
7313890325,281204945,0.8996439
7312919143,281204945,0.8996439
7310733225,281204945,0.8996439
7312964811,281204945,0.8996439
7314681138,281204945,0.8996439
7314669296,281204945,0.8996439
7313994147,281204945,0.8996439
7313767179,281204945,0.8996439
7313946949,281204945,0.8996439
7314521924,281204945,0.8996439
7314631744,281204945,0.8996439
7312912538,281204945,0.8996439
7312289109,281204945,0.8996439
7312322980,281204945,0.8996439
7312831005,281204945,0.8996439
7312851609,281204945,0.8996439
7310885343,281204945,0.8996439
7312313805,281204945,0.8996439
7312844439,281204945,0.8996439
7311152695,278422068,0.89776725
7304651927,280533106,0.8962911
7316421955,280533106,0.89502656
7301990516,280278202,0.8946816
7307911654,278248811,0.8946429
7316743226,277025495,0.89445585
7303483560,281416677,0.8919575
7313513751,276600165,0.8890161
7313522210,276600165,0.8890161
7316461538,275370037,0.8818591
7304992882,275370037,0.8818591
7310657069,275370037,0.8818591
7311853028,281416677,0.87973493
7316400586,276916206,0.8774533
7306771690,276916206,0.8774533
7312878294,257204817,0.87526935
7307199600,257204817,0.87526935
7304684672,257204817,0.87526935
7311382529,257204817,0.87526935
7315034133,257204817,0.87526935
7308433401,257204817,0.87526935
7313419052,280157521,0.8743682
7316847177,280835463,0.87223125
7306808236,280835463,0.87223125
7308433528,280835463,0.87223125
7304797338,280835463,0.87223125
7310781151,272005594,0.87068546
7311514760,281001232,0.8704723
7315536225,262564613,0.87012136
7303011255,280085469,0.86747205
7303052737,280085469,0.86747205
7303034160,280085469,0.86747205
7315169848,281416677,0.867346
7311539342,263308713,0.86584955
7309272660,279412773,0.86496687
7315136065,266465587,0.8630668
7316574908,266465587,0.8630668
7315504309,266465587,0.8630668
7313057854,266465587,0.8630668
7305241917,266465587,0.8630668
7313877091,281620067,0.8613291
7315329976,257153650,0.8598258
7307147919,280085469,0.857287
7307083369,280085469,0.857287
7307298719,280085469,0.857287
7307266015,280085469,0.857287
7310259660,280378150,0.8570505
7309863890,279762897,0.8569117
7303176432,279762897,0.8569117
7315378286,279762897,0.8569117
7306332214,279762897,0.8569117
7314231635,277109055,0.8564194
7311863820,274187852,0.8558485
7305602011,278397044,0.854815
7313017174,281009182,0.85469526
7308161986,276104753,0.85431826
7310282177,278274720,0.8490246
7306620868,278274720,0.8490246
7315215044,267952949,0.8485267
7305640461,275127681,0.84498394
7316220608,275127681,0.84498394
7310894334,250983529,0.842911
7306063671,250983529,0.842911
7316476149,280036362,0.841106
7312760470,278838697,0.84087855
7308204936,278838697,0.84087855
7301631094,278838697,0.84087855
7316304514,281759721,0.8367301
7316949547,280157521,0.83164024
7309408657,280157521,0.83164024
7308393673,280157521,0.83164024
7315584180,280157521,0.83164024
7314544540,280157521,0.83164024
7306271399,281562121,0.82775825
7309338141,280036362,0.82035977
7315247111,280036362,0.82035977
7310529478,280036362,0.82035977
7314510748,280036362,0.82035977
7315378539,280036362,0.82035977
7315441670,280036362,0.82035977
7316696816,280533112,0.8163896
7305573975,280533112,0.8163896
7305601535,280533112,0.8163896
7316853902,280533112,0.8163896
7303859704,280242670,0.81607467
7312518454,280242670,0.81413543
7315341691,281528505,0.8114721
7306686819,270030286,0.8068651
7304492244,271789880,0.8050062
7302923186,271789880,0.8050062
7315580818,271789880,0.8050062
7313741275,159508753,0.80225587
7314383189,257417639,0.8014012
7303764995,272725865,0.79574007
7303765183,272725865,0.79574007
7303765062,272725865,0.79574007
7316905791,277718829,0.7882084
7307620236,275710207,0.7846184
7307101624,276600708,0.77967817
7313559142,280571416,0.7783615
7316110010,280571416,0.7783615
7311494191,280571416,0.7783615
7301959614,280571416,0.7783615
7313591820,280571416,0.7783615
7313587383,280571416,0.7783615
7313587361,280571416,0.7783615
7316105766,280571416,0.7783615
7313587326,280571416,0.7783615
7313587374,280571416,0.7783615
7316469439,280571416,0.7783615
7316895464,280571416,0.7783615
7313591898,280571416,0.7783615
7313591842,280571416,0.7783615
7309204776,279070404,0.77561146
7313491798,277829611,0.7712499
7316211279,280129073,0.77116674
7316240362,278891196,0.7646397
7310877565,278891196,0.7646397
7307224355,278891196,0.7646397
7315054594,247781868,0.76026756
7314968049,247781868,0.76026756
7309429081,247781868,0.76026756
7309875347,247781868,0.76026756
7311358018,247781868,0.76026756
7313068151,247781868,0.76026756
7313048615,278442659,0.7574423
7302787893,276867205,0.75377834
7316049603,208570655,0.7496697
7307689055,208570655,0.7496697
7310481698,208570655,0.7496697
7313048974,208570655,0.7496697
7302078142,280562184,0.7425656
7313373249,280204193,0.7110823
7303611434,280204193,0.7110823
7314724777,212842204,0.704253
7309279828,277220222,0.6997924
7311328232,278797346,0.69585985
7311300768,278797346,0.69585985
7311293347,278797346,0.69585985
7311291163,278797346,0.69585985
7316249778,277672802,0.69145024
7316249252,277672802,0.69145024
7313241380,279159535,0.6912046
7302401753,259403502,0.68887377
7310002491,281714681,0.68380666
7313356700,280562184,0.6807483
7313356933,280562184,0.6807483
7313356372,280562184,0.6807483
7314552624,278297523,0.64297336
7314606202,278297523,0.64297336
7316636540,279182264,0.6411717
7315740136,274064716,0.62486273
7301671108,274064716,0.62486273
7315368965,279444607,0.6178437
7313907304,279444607,0.6178437
7302038673,281394771,0.61631906
7301594592,251187022,0.6126434
7301594739,251187022,0.6126434
7301594568,251187022,0.6126434
7301594622,251187022,0.6126434
7301594765,251187022,0.6126434
7301594506,251187022,0.6126434
7310621905,281654173,0.61145383
7316554529,281654173,0.60892236
7313644468,281654173,0.60892236
7313649626,281654173,0.60892236
7301766063,280847526,0.6087123
7308400894,260101904,0.6077004
7312705601,274184225,0.6022136
7316478644,279446809,0.59369445
7314482607,202911796,0.59313035
7316170444,202911796,0.59313035
7310803450,256758446,0.58796966
7316125473,276494211,0.5862072
7316779284,269836326,0.58157563
7315608535,273913723,0.56658787
7316506134,273913723,0.56658787
7306482454,273913723,0.56658787
7314322145,279494994,0.5653442
7307770052,281206754,0.54704016
7310621074,281379924,0.5434941
7312299056,280936806,0.5400465
7309842607,281275856,0.5389115
7303498683,281275856,0.5389115
7311498912,276867205,0.53127396
7311498793,276867205,0.53127396
7313492578,271770952,0.52292633
7305960816,246603583,0.5152281
7309278118,280979041,0.5092233
